SiteCity,TotalFirstYearGrosskWh,TotalFirstYearGrossTherm,TotalLifecycleGrosskWh,TotalLifecycleGrossTherm,Budget,Total Claims,Total Programs,% OBF Budget,% Resource Budget,dac_proportion,ces_score_median,ces_percentile_median,Total Tax Revenue,median_household_income_usd,total_population,ruca_average,ruca_median
ACAMPO,48664.72674,-148.89033,583976.72088,-1786.6839599999994,17684.56850862034,6,1,0.0,100.0,0.0,21.531463100503807,40.2825072518603,,83913.0,9814.0,2,2
ADELANTO,13576.844232,-30.037266,67884.22116,-150.18633000000003,27320.06323107984,4,1,0.0,100.0,0.5,35.9087986728929,68.4512548871233,23628867.0,45695.5,35179.0,1,1
ALAMO,73049.39259999999,118.64523999999994,684999.9762899999,-1279.097025,48785.542683394415,15,1,88.04489588116499,100.0,0.0,2.17508791607944,0.41619371925841897,,219750.0,9373.0,1,1
ALBANY,153765.92200000002,-785.07633444,842200.6074000002,-4288.070280100002,60926.19352823322,35,2,0.0,100.0,0.0,8.12860585201837,8.74006810442679,57342690.0,102361.0,16742.0,1,1
ALHAMBRA,21630.949392,-32.172462416,120233.350224,-178.87993799999995,48465.44760118647,7,1,0.0,100.0,0.15,33.7021514496415,66.143271534872,154981924.0,59206.0,84647.0,1,1
ALTA,185.0,0.0,2220.0,0.0,12.8399316662954,1,1,0.0,100.0,0.0,11.7696208617841,16.937823180729,,75563.0,2932.0,2,2
ALTADENA,21139.6,0.0,253675.2,0.0,14367.503893547713,15,1,0.0,100.0,0.0,17.0076498779497,30.3695295749779,,101875.0,37326.0,1,1
AMERICAN CANYON,246321.56896000003,-390.57183,2569735.0669508,-3193.5306356999995,113629.61569686409,737,2,0.0,100.0,0.0,14.5839985533791,24.0131164081221,68336979.0,104042.0,13352.0,1,1
ANAHEIM,2843.6481120000008,-1.6353152910000002,14302.668959999999,-8.226646164000003,4105.06843057128,3,1,0.0,100.0,0.3666666666666671,34.963111826092,68.3566654054736,1004225482.0,66446.0,347532.0,1,1
ANDERSON,153146.06399999998,-137.86500238399998,1627538.6715000004,-1050.0154018580001,162295.57250721753,18,2,14.336812236543492,100.0,0.0,19.653112693506998,37.425904906041104,22567917.0,47839.0,23258.0,2,2
ANGELS CAMP,34384.047026,-285.90726,367388.0150384,-3469.583328,18687.83465337712,8,2,0.0,100.0,0.0,16.31131716697,28.5660234581914,,54840.0,4483.0,7,7
ANGWIN,12649.271999999999,-112.63211,123444.9288,-1114.6920417000001,5444.597849844852,3,1,0.0,100.0,0.0,11.2127246079821,15.525286921427698,,96705.0,5288.0,10,10
ANTIOCH,1090279.8541159998,-1526.2517004300012,12105645.502705995,-16843.510686299982,755185.7000740556,401,2,75.68995325730575,100.0,0.0555555555555556,27.3541733760503,54.3574221213268,156004836.0,76397.0,112354.0,1,1
APPLE VALLEY,212224.59000000003,-220.077,2514589.7184,-2640.9240000000004,206693.35003398094,20,1,100.0,100.0,0.0,19.9265316182275,38.1132551393618,81839215.0,52921.0,80949.0,2,2
APTOS,344026.4910000001,-3084.8930000000014,2726986.2614299995,-24017.0951,193663.265188438,40,2,22.024012164455733,100.0,0.0,5.82002171629617,4.30066843233699,,102500.0,31518.0,1,1
ARBUCKLE,47268.9,0.0,224039.088,0.0,45369.20434260137,2,1,0.0,100.0,0.0,27.4689006062817,54.748391978811995,,65238.0,5647.0,7,7
ARCADIA,72342.81,0.0,868113.72,0.0,40843.1973017146,2,1,0.0,100.0,0.0,17.1042038452571,30.6911338125868,152549526.0,92807.0,69373.0,1,1
ARCATA,582409.920379,-1503.7109731700007,5108532.130400918,-13099.61364446201,587876.0012114532,451,2,2.8295588362770614,100.0,0.0,24.236442091366,48.2280237104301,34193557.0,39178.0,14499.0,4,4
ARNOLD,1858.72,-12.78234,16991.487999999998,-119.529936,1547.710453935579,4,1,0.0,100.0,0.0,10.5176587939106,14.3839071761887,,64291.0,4664.0,10,10
ARROYO GRANDE,282692.11745999986,-1218.98604706,3238651.5253675007,-15423.245369839995,141893.20786205024,94,2,0.0,100.0,0.0,6.81427145097733,6.17984613444319,43882463.0,89204.5,25014.0,2,2
ARVIN,235985.14137,-1118.2189301050003,2525115.5240569995,-12564.761510772998,99105.11401967793,69,1,29.568138249729728,100.0,0.5,40.31055290513329,76.3778534493631,15759971.0,37428.0,22818.0,4,4
ATASCADERO,487560.548833,-2199.8578935620008,5412426.591695801,-26667.468217822006,254199.3286963377,328,2,2.286541693391403,100.0,0.0,8.137025663102419,9.25085130533483,60949355.0,73061.0,25335.0,1,1
ATHERTON,1010.0,0.0,12120.0,0.0,721.490514949886,4,1,0.0,100.0,0.0,5.577918300126848,5.22133938706016,46121910.0,,7168.0,1,1
ATWATER,388888.9852,-143.42904103,4587367.5444,-1095.3018051,519211.6338053749,1443,3,85.56285841035759,100.0,0.5,40.48984172452629,76.5733383781057,35304215.0,55891.0,40011.0,1,1
AUBURN,215833.16164,-1196.4284196370004,2183727.1615904,-12870.442290489998,222860.3327062729,152,3,9.113390282045911,100.0,0.0,13.2841830733288,20.828603859250894,34441547.0,76104.5,44187.0,3,3
BAKERSFIELD,15559277.602253133,-50313.14373544007,159663794.84817716,-530348.2869967532,6153282.741687345,18643,2,7.219449909310273,100.0,0.494505494505495,38.59974027796829,73.91852692647241,547373792.0,53187.0,557492.0,1,1
BALDWIN PARK,681793.8559400003,-23.228871876,8072173.979699999,-116.14435938,422768.92262032133,10,1,4.412623840531839,100.0,0.941176470588235,53.1490538252542,91.66351368394501,87887248.0,66316.0,75905.0,1,1
BARSTOW,193153.7232,-61.421850000000006,889673.238,-307.1092500000001,172943.96164696192,12,1,11.943600025162125,100.0,0.666666666666667,46.052961769380296,84.1278849791903,67996702.0,41909.5,31403.0,4,4
BAYSIDE,6071.04315,-122.33528600000004,78559.3503,-1647.1424600000007,7783.88751997407,41,1,0.0,100.0,0.0,12.0138150115219,17.593643586833107,,61554.0,5229.0,4,4
BELMONT,151204.07599999994,0.0,1625603.909,0.0,116113.2491496426,10,2,0.0,100.0,0.0,8.60471433916458,10.0012611930887,83965540.0,143295.0,27359.0,1,1
BEN LOMOND,17841.033,-166.905,124730.48601,-851.2806599999999,8335.549908928033,3,1,0.0,100.0,0.0,7.476653321475822,7.71219573716737,,93123.0,8366.0,1,1
BENICIA,429169.77662000014,-2066.559693155,4106471.2344716005,-18644.26750165,241293.6880835383,117,3,40.43137769282824,100.0,0.0,14.4078617151123,23.5086391726573,116821349.0,104875.0,28681.0,1,1
BERKELEY,836491.7124962995,-5193.810612137001,8176895.297505199,-58562.811005535994,557889.922936303,387,3,2.462323582619803,100.0,0.027027027027027,13.755099758122098,21.837558330180396,579751618.0,93105.0,132996.0,1,1
BEVERLY HILLS,415702.04736,-0.7483069440000001,4735782.556799999,-3.74153472,408832.0557123836,35,1,0.0,100.0,0.0,15.7137565328316,27.0525917517972,624117511.0,129977.0,40656.0,1,1
BISHOP,4205.905568,-30.413515984,58325.54956800001,-421.76068987199994,59918.969655676025,6,1,68.74180269903589,100.0,0.0,11.680303891974,16.67297263211,19159702.0,66582.0,16336.0,8,8
BLUE LAKE,26643.8683,-86.91884847,286190.87613999995,-627.3821124,13781.319390154538,118,2,0.0,100.0,0.0,13.785485884885,21.9069239500568,1492422.0,55000.0,3346.0,5,5
BLYTHE,370829.52,0.0,5387171.49,0.0,91649.45262033332,13,1,86.41792655524988,100.0,0.166666666666667,32.6340786777761,64.226258040106,18987392.0,45481.5,14924.0,4,4
BOULDER CREEK,110122.700376,-725.8075600000003,873304.8980146998,-6480.776145199999,61971.34270607803,29,1,50.57901988149254,100.0,0.0,8.4018745080666,9.46525413040736,,114562.0,10622.0,2,2
BRADLEY,1465.0,0.0,17580.0,0.0,72.48918860066381,5,1,0.0,100.0,0.0,22.002929316529396,42.9814604615967,,55764.0,4462.0,10,10
BREA,56907.36,0.0,187794.288,0.0,27135.703524635097,1,1,0.0,100.0,0.0,23.8095858896062,47.130785723294295,138957376.0,92739.0,46522.0,1,1
BRENTWOOD,213533.70700000128,-158.95487156000004,2044249.3418979875,-3062.0273822000013,171549.1583232353,955,2,53.00995739849722,100.0,0.0,23.644392841458696,46.6956741077059,130696354.0,122573.5,78554.0,2,2
BRIDGEPORT,51932.95000000001,-320.4469,612469.906,-3822.4133,111743.87375343779,29,1,100.0,100.0,0.0,13.7990245749186,21.957371673603202,,61827.0,2444.0,10,10
BRIDGEVILLE,7859.1214,28.4714,85884.23856000003,283.97328,7382.0123158596825,4,1,0.0,100.0,0.0,12.522487628619098,19.0314037079077,,54286.0,4179.0,5,5
BRISBANE,309040.373,-785.4254000000003,2611663.19781,-6367.17147,127604.29497247464,58,1,30.84034940841313,100.0,0.0,36.7666527696717,71.38352881826209,48761941.0,113484.0,5051.0,1,1
BUENA PARK,208320.370016,1260.810956399,2631190.7088,20191.30179935,125532.6164026616,34,1,49.393619449775954,100.0,0.307692307692308,26.667915347709695,53.3106318577374,168369439.0,89351.0,80669.0,1,1
BURLINGAME,1331067.259,-4042.5826175320003,11938748.37299,-39096.95757766,537631.7989973895,920,3,33.9720378518941,100.0,0.0,8.76631742804852,10.3670071888006,204650697.0,129585.0,42760.0,1,1
BURNEY,8857.665,-14.597999666,98025.876,-72.98999832300001,10321.75528831893,5,1,100.0,100.0,0.0,25.722482910550895,51.1792155378988,,47408.0,4881.0,7,7
BUTTONWILLOW,164338.92449000006,-703.07328,1892584.9869216003,-7872.726093200001,78305.35565433776,19,1,0.0,100.0,1.0,45.852311580753096,84.0963551519738,,45781.0,3415.0,10,10
CALISTOGA,212789.11454102004,-701.44185876,2431401.3556199004,-8366.324570259998,88825.42096924082,271,2,0.0,100.0,0.0,10.9897781729756,15.3865556816749,36440152.0,85226.0,6684.0,8,8
CAMARILLO,26280.54115763001,-16.471986111,140118.1598314,-86.308003288,49969.767575035214,9,1,0.0,100.0,0.0,14.929971655055098,24.9463992937319,118667215.0,105452.0,79627.0,1,1
CAMBRIA,50718.60659000001,-396.96617,626969.6569373001,-4970.221779900002,19600.02680502434,80,2,0.0,100.0,0.0,3.42598351416407,1.32425274309497,,74036.0,8388.0,8,8
CAMINO,4154.83416,-36.13185,49858.00992,-433.5822,3354.113980844292,2,1,0.0,100.0,0.0,10.9108246712798,14.982973893303098,,90795.0,3495.0,4,4
CAMPBELL,473185.0184,-1565.7446906899993,4870550.9937499985,-14969.167363499999,338893.25570145197,565,2,6.191652892387836,100.0,0.0,13.654276887697,21.635767435994506,120771924.0,130811.5,44176.0,1,1
CANYON COUNTRY,31891.44,0.0,382697.28,0.0,23534.47675638563,3,2,0.0,100.0,0.0,23.849400713850894,47.28212889393371,,85637.0,73789.0,2,2
CAPITOLA,351178.62996000005,-1655.8058099999994,2633696.493171,-11135.280680700002,154072.8939078952,26,1,28.994666040868395,100.0,0.0,11.7538378250281,16.937823180729,41633696.0,76519.0,11739.0,1,1
CARMEL,157141.538,-1449.5060000000005,1619132.1759,-14712.376500000002,90717.01788277355,38,1,32.55874153605679,100.0,0.0,1.93228901434379,0.340522133938706,,99337.0,21923.0,4,2
CARMEL VALLEY,30851.149000000005,-188.4,356436.24139,-2182.96947,19611.902000471644,7,1,0.0,100.0,0.0,14.361367760209598,24.990541051835,,73199.0,11768.0,3,3
CARPINTERIA,4805.7264,-2.867965041,28580.596704000003,-14.906479262000001,10809.526021990996,4,1,0.0,100.0,0.0,21.0853788096845,41.026611174170796,30597609.0,72540.0,13619.0,1,1
CARSON,931403.692288,6040.052618724,9843807.82844,18058.363093622,472207.0479576218,109,2,35.83050645037119,100.0,0.7777777777777779,46.6039863434772,84.84676503972759,208784719.0,79687.5,83730.0,1,50
CARUTHERS,23185.278,-114.822,292627.7712,-1194.1488,10472.480396433772,2,1,0.0,100.0,1.0,47.89711325055581,86.6187413292975,,45587.0,5068.0,2,2
CASTAIC,90940.26,0.0,1091283.12,0.0,52234.364001257214,20,1,0.0,100.0,0.0,14.498582575928099,23.7545718249464,,120072.5,30663.0,2,2
CASTRO VALLEY,324351.01943822013,-3565.4259600000005,3354823.8070586002,-36932.236714,224983.16434695545,91,2,0.0,100.0,0.0,12.2798828645537,18.3188296128138,,123005.5,68146.0,1,1
CASTROVILLE,206877.143,-1592.6589999999999,1643394.8892299999,-9269.295150000004,122974.92419905926,24,2,0.0,100.0,0.0,31.328699738923397,61.836297137091705,,66063.0,15986.0,2,2
CAYUCOS,18655.46744,-52.85779,101876.11261680002,-310.0363113,13042.578515109506,11,2,0.0,100.0,0.0,7.28555497728492,7.062681296506502,,64246.0,2630.0,2,2
CAZADERO,352.74800000000016,-8.2834,2716.824,-63.9208,377.10451098764725,4,1,0.0,100.0,0.0,3.9858529801984304,3.07731113633497,,70517.5,3983.0,6,6
CERRITOS,8785.8,0.0,105429.6,0.0,2267.635220201866,3,1,100.0,100.0,0.0,25.3530313670432,50.485559339134795,158028704.0,106354.0,50143.0,1,1
CHATSWORTH,1377.6,0.0,16531.2,0.0,842.5557075702161,1,1,0.0,100.0,0.0,23.3071981901833,45.8569807037457,,91544.0,47215.0,1,1
CHICO,1541790.9815999994,-1720.531373624,17508478.976800002,-17025.708316165998,1293355.7239177502,4523,5,16.253040242747648,100.0,0.0434782608695652,19.496682272326694,37.04124101399921,162340118.0,50488.0,109037.0,1,1
CHOWCHILLA,461350.7819999998,-390.20399911999993,5196954.479600001,-3879.26719558,198932.87688557472,336,2,7.861166601112743,100.0,0.666666666666667,45.6300006258988,83.78105687980829,19055065.0,73060.0,22300.0,7,7
CHUALAR,98910.981,-622.6740000000002,1064718.972,-7472.088000000002,62023.26814244574,3,1,0.0,100.0,0.0,23.8948188858669,47.38302434102661,,71844.0,6527.0,2,2
CLAREMONT,118775.87750000002,0.0,1425310.5299999998,0.0,49810.317790852816,10,1,66.61051497856921,100.0,0.0,26.769188101757003,53.386303443057095,71969579.0,91661.0,38213.0,1,1
CLAYTON,56473.20302000001,-245.09834161,481983.41606,-1585.2397081,33937.22711075337,74,2,0.0,100.0,0.0,4.60002085555633,2.94488586202548,14894867.0,139110.5,14078.0,1,1
CLEARLAKE,381931.6878,-1718.9025320299993,4219673.747156402,-18988.68160469,224622.9935736608,57,2,6.0614888185795985,100.0,0.0,25.692695686016997,51.1287678143524,20483995.0,29052.0,11491.0,4,4
CLEARLAKE OAKS,48434.09215800001,-680.44902,506520.1799986,-7023.218399400002,32304.51729680145,8,1,0.0,100.0,0.0,18.5706027870014,34.487325009459,,44306.5,7002.0,4,4
CLOVERDALE,255002.11828,-713.0857492700003,2911958.5448802,-7591.843271600002,115774.55701605756,26,1,0.0,100.0,0.0,19.3375665209529,35.9881447849666,18179773.0,68313.0,10009.0,2,2
CLOVIS,1719822.479,-1690.458305965,17801171.812479995,-17907.764639724,886236.7007018812,7733,3,11.05423328977326,100.0,0.14285714285714302,20.9470676226666,40.5662756968092,172798267.0,93445.0,133683.0,2,2
COALINGA,210288.777,-170.79300278899998,1913133.20238,-1189.738453947,54218.71551400743,591,2,0.0,100.0,0.0,31.8377071428722,62.8326396771346,13146859.0,52173.0,18095.0,7,7
COARSEGOLD,49681.44299999999,-234.084,642819.8712,-3477.4176,20641.20544102424,7,1,0.0,100.0,0.0,12.0945997602358,18.0855088914113,,70732.5,12361.0,6,6
COLFAX,7543.0,-20.87,86808.5,-194.80900000000003,2838.1853823024408,30,2,0.0,100.0,0.0,8.659617038947541,10.1399924328415,6124843.0,69591.0,7188.0,2,2
COLUSA,1902.15,-20.637,19782.36,-214.6248,1631.90978542043,2,1,0.0,100.0,0.0,31.1581098544072,61.628200277462504,9855638.0,53136.5,7592.0,7,7
CONCORD,1030959.0213670024,-4054.885650539998,8820023.588520791,-38254.91861090007,594691.2615064015,712,1,15.166827780701572,100.0,0.0,17.4930250806522,31.6874763526296,289984000.0,87806.0,151412.0,1,1
COPPEROPOLIS,1300.02534,-5.23692,13520.263536000002,-54.46396800000001,1478.38055773354,1,1,0.0,100.0,0.0,21.7929001313842,42.640938327658,,82575.0,4694.0,10,10
CORCORAN,66692.0,0.0,800304.0,0.0,4473.787690208487,345,1,0.0,100.0,0.4,38.0419805357329,73.11766931517221,14901061.0,36456.0,23331.0,4,4
CORNING,115242.68,0.0,1382912.16,0.0,15793.386300896887,443,2,0.0,100.0,0.0,31.206325767405602,61.6345062429058,17477041.0,46739.0,17805.0,5,5
CORONA,2495850.0806400003,-7.18221504,29892458.80320001,-35.911075200000006,1071545.1166154004,413,1,0.0,100.0,0.175,27.600134034913502,55.1141379745239,303874260.0,92458.5,249129.0,1,1
CORONA DEL MAR,21522.047376,-2.367336861,246423.38688,-20.466284304000002,19366.071896163226,16,1,31.75633495241025,100.0,0.0,4.8532065521564505,2.98902762012864,,154344.0,9843.0,1,1
CORTE MADERA,61005.82086,-327.5011297430001,686255.3857440002,-3516.487310710001,39199.55582615123,59,3,50.51509619142619,100.0,0.0,8.21100984033994,9.049060411148927,62244928.0,146381.5,11867.0,1,1
COSTA MESA,275678.973804,-33.002750531,3041041.3227840015,-217.66061311400003,148945.5584379258,80,1,52.664219958091685,100.0,0.0869565217391304,20.682952954431894,40.068104426787706,355838412.0,86884.0,111330.0,1,1
COTATI,271937.380978,-1462.2161777099993,2973171.6603983,-14905.4858342,109152.81199084352,403,2,0.0,100.0,0.0,17.4897505767036,31.655946525412997,20660193.0,72985.0,14516.0,1,1
COULTERVILLE,6691.725804,-73.33265,67879.94836159999,-720.57556,5142.691900335462,3,1,0.0,100.0,0.0,15.120245796545598,25.375204943876906,,39719.0,2857.0,10,10
CULVER CITY,432360.58080000005,-220.47617202400002,3299000.6214000005,-1243.737262998,740226.9070921891,38,1,42.58739522775478,100.0,0.0,30.832039325170694,61.0165216294615,271554477.0,85544.5,41077.0,1,1
CUPERTINO,484013.78,-925.5338477759996,3682651.9929200006,-6865.912138829999,247370.60908834505,372,2,3.75240683924704,100.0,0.0,10.7546115653419,14.6992054483542,196447606.0,170610.0,61929.0,1,1
DALY CITY,716892.7037999956,-3760.39246,7729328.142960036,-38558.51471,524365.790129288,1368,2,66.72300116468092,100.0,0.0,21.235190217223497,41.3229915500064,200748571.0,97461.5,114485.0,1,1
DANVILLE,222325.986202,-287.87186,2063115.2232439998,-2698.4601905,113364.032162439,509,3,0.0,100.0,0.0,3.2393077059871103,1.16660360701223,72565325.0,169094.5,49140.0,1,1
DAVIS,351784.3874000001,-353.21354,4043706.6552,-3887.77068,189874.1432320313,54,3,10.688532435063085,100.0,0.0,12.5623419259485,19.132299155000602,158861658.0,70469.0,71684.0,1,1
DEL REY,37284.881,0.0,243368.5022,0.0,19428.7166482552,9,1,0.0,100.0,1.0,55.80802583870821,93.74448228023712,,40573.0,3293.0,2,2
DELHI,12495.0,0.0,149940.0,0.0,44447.83480405271,130,1,95.55306461920955,100.0,0.5,40.490757088899,76.6931517215286,,54413.0,12422.0,1,1
DINUBA,190540.0,0.0,2286480.0,0.0,127050.24356852336,1203,1,18.83783575655345,100.0,0.8,48.30342821568979,87.03493504855591,50721038.0,54744.0,32347.0,5,5
DISCOVERY BAY,4923.4,-46.903999999999996,59080.8,-562.8480000000002,6226.4492718654465,4,1,0.0,100.0,0.0,16.9366727118517,30.192962542565304,,121688.0,9370.0,3,3
DIXON,587500.8374800005,-1336.4785181000004,6423303.007947996,-8843.383649300004,333415.9586610701,1093,4,0.0,100.0,0.0,23.1419144534122,45.4660108462606,55726851.0,87639.0,27647.0,5,4
DOS PALOS,121536.86,-294.8703000000001,1543559.52,-4717.924800000002,231156.53943895327,630,3,88.6407485663963,100.0,1.0,51.840162947234106,90.5095220078194,4536757.0,40040.5,9043.0,8,8
DOWNEY,1639051.6406319996,-31.918327986999998,12896970.629160002,-159.59163994199997,748363.9731352172,95,1,34.93263970702405,100.0,0.272727272727273,34.4554172522091,67.4359944507504,220835936.0,74231.0,112322.0,1,1
DUBLIN,282452.39300000004,-438.0994000000002,3127916.0000000005,-5831.8052000000025,208330.78619214726,299,2,12.646947173708096,100.0,0.0,12.980596783884499,19.9772985244041,283718026.0,124338.0,37942.0,1,1
DURHAM,185.0,0.0,2220.0,0.0,13.932213076409099,1,1,0.0,100.0,0.0,17.6688896707395,32.336990793290504,,84811.0,5834.0,2,2
EL CERRITO,401832.2498449999,-700.49489,4427479.63409,-9872.382056000004,183162.57684395934,1346,1,0.0,100.0,0.0,11.3661559174352,15.903644848026197,68530224.0,107813.0,30762.0,1,1
EL DORADO HILLS,13795.7,-24.6,165548.4,-295.2,6773.0870623650135,36,2,37.92175978195998,100.0,0.0,4.26299321308504,2.25122966326145,,146439.5,33927.0,1,1
EL MONTE,119920.022953,-178.22174522100002,696330.716456,-1035.6375139600002,121529.545196707,40,1,0.0,100.0,1.0,53.5752122517222,92.07970740320341,219130286.0,52436.0,98427.0,1,1
EL SEGUNDO,17577.903168,-11.789317814,87889.51584000001,-58.946589071999995,48444.04814812829,4,1,0.0,100.0,0.166666666666667,15.566122555675301,26.567032412662396,194778081.0,109929.0,16731.0,6,6
EL SOBRANTE,251044.48888122,-2394.44569,3049690.966570998,-30108.768084299994,192640.95672882567,121,2,22.08181958873331,100.0,0.0,15.697904540208096,27.1850170261067,,85388.5,21101.0,1,1
EMERYVILLE,349156.84919789986,-843.3710799999999,3993190.0817547995,-11097.9661276,230760.68839503225,799,2,3.6382752159181946,100.0,0.4,35.6832388829894,69.5863286669189,134910892.0,79679.0,37271.0,1,1
ESCALON,24555.36,-46.56,308104.32,-744.96,13850.468435570847,3,1,0.0,100.0,0.5,35.979406520556296,69.3719258418464,10279976.0,69036.0,13379.0,5,5
EUREKA,1900805.269083002,-20811.014527417,16315822.289294396,-171177.84297163002,1633526.7412309188,2795,3,3.5040656159415686,100.0,0.0,15.294096316976301,25.9175179720016,78488452.0,52197.5,49398.0,4,4
FAIRFAX,193260.2195362002,-1062.44523408,2300939.8439839976,-12233.1496904,156145.02988116708,791,2,77.05296065526406,100.0,0.0,3.84907286602061,1.71522260058015,27889662.0,111060.0,9682.0,2,2
FAIRFIELD,3668954.3507218654,-17040.581383859022,34711597.86580853,-161494.15039467966,1821874.7267320284,924,4,3.531775801805681,100.0,0.0,24.524973014116398,48.839702358431104,304222431.0,80596.5,119471.0,1,1
FARMERSVILLE,12855.747828,-44.58975598,64278.73914000001,-222.9487799,47170.414834190036,2,1,0.0,100.0,1.0,39.8990521326372,75.8355404212385,14207660.0,32096.0,5422.0,1,1
FELTON,241666.69300000003,-1283.7525999999998,2228896.90912,-6371.264229999999,125644.75256846608,18,1,26.581149990232838,100.0,0.0,6.36814857267937,5.41051835035944,,98578.0,4781.0,1,1
FERNDALE,74572.786656,-806.17697286,708050.67632,-6298.541723619999,55313.63737724995,164,2,0.0,100.0,0.0,16.035750813591303,27.8345314667676,2294478.0,50896.0,3309.0,10,10
FILLMORE,15749.35488,-23.418605951999997,78746.7744,-117.09302976,35027.8519853025,1,1,0.0,100.0,0.0,30.0251996412576,59.57245554294371,18597707.0,75633.5,19999.0,4,4
FIREBAUGH,119501.4072,-13.814536,1431579.552,-148.99963200000005,51464.87899765704,212,2,0.0,100.0,1.0,41.5319312953489,78.2191953588094,10261058.0,50556.0,11116.0,9,10
FOLSOM,43074.0,0.0,516888.0,0.0,20014.58191837048,191,2,0.0,100.0,0.0,5.69767680957582,4.086265607264471,223853178.0,115527.5,78159.0,1,1
FOREST RANCH,279.0,0.0,3348.0,0.0,14.2829239724131,1,1,0.0,100.0,0.0,13.4546082358919,21.137596165973,,109444.0,4753.0,2,2
FORESTHILL,878.0,0.0,10536.0,0.0,43.478162178418295,3,1,0.0,100.0,0.0,11.5830352804143,16.3828982217177,,79802.0,6903.0,2,2
FORESTVILLE,15331.78218458,-206.02421,176145.86964380005,-2354.924264,6898.796940918337,11,1,0.0,100.0,0.0,10.3775451077883,14.1947282128894,,66913.5,8376.0,2,2
FORT BRAGG,69661.431522,-447.83261678299993,550452.0507500999,-4077.28539462,53340.16676728752,15,1,0.0,100.0,0.0,21.1912669703202,41.3040736536764,20389620.0,49522.0,12078.0,4,4
FORTUNA,289304.91093679995,1005.113955581,3099440.798069,47008.90693092001,358065.1024402415,158,1,10.264150644068634,100.0,0.0,23.5242697857525,45.9200403581789,17571716.0,48872.5,9342.0,4,4
FOUNTAIN VALLEY,26201.562500000004,0.0,314418.75,0.0,9423.693049150783,7,1,0.0,100.0,0.0,23.4596708930373,46.4371295245302,137721744.0,93454.0,53847.0,1,1
FOWLER,84149.10122699999,-193.25200010900002,848921.2216499998,-1729.784910542,51443.672210063436,19,1,70.70799133980516,100.0,1.0,51.3261088602299,90.2005297010972,13479812.0,47406.0,5177.0,4,4
FREMONT,4189145.5506879087,-6263.748833706012,48321489.98923919,-64324.2396542246,2351006.555350034,14231,3,59.06329147127301,100.0,0.0,16.557274788702,29.2092319334091,705689160.0,135033.5,227727.0,1,1
FRENCH CAMP,112990.17200000006,-96.26430000000003,925086.284,-1505.9220000000007,60798.155469514684,151,1,0.0,100.0,1.0,56.146220021606396,94.0850044141758,,53250.0,6299.0,1,1
FRESNO,5874454.691619996,-8106.654178723003,60333431.43987596,-90623.34044642096,3002237.4604069605,684,5,7.372681682370567,100.0,0.664,46.1699524896131,84.4494892167991,849627432.0,43839.0,591168.0,2,2
FULLERTON,1050721.5500000007,0.0,11475321.449999996,0.0,530717.7887895927,90,1,19.27491449805957,100.0,0.2,27.111497584931804,54.1241013999244,230208631.0,84479.0,155957.0,1,1
GARBERVILLE,20410.4792,-122.26780017799999,188149.116,-709.83120109,6670.862372848967,62,2,0.0,100.0,0.0,10.0760366999651,13.456930256022199,,65283.0,3241.0,10,10
GARDENA,13146.653519999998,-7.5593257729999985,65733.2676,-37.796628870000006,42208.281042329196,8,1,0.0,100.0,0.8,56.2954421370201,94.2048177575987,142671233.0,56535.0,79331.0,1,1
GEORGETOWN,6140.94708,-28.82142,73691.36496,-345.85704,5053.380546761649,7,2,0.0,100.0,0.0,14.0868211617028,22.6762517341405,,64883.0,7911.0,2,2
GEYSERVILLE,93111.71766675,-645.8893400000002,971498.9354226,-6763.021795500003,31897.266299146395,13,1,0.0,100.0,0.0,15.512533595095501,26.421995207466306,,104792.0,3644.0,2,2
GILROY,2779159.0060000005,-7600.82463,24477914.34282,-62444.04319000002,1773220.9287184274,95,3,6.82374877708098,100.0,0.2,27.4546912384708,54.597048808172595,132694169.0,96547.5,62228.0,6,6
GLEN ELLEN,58889.130573,-468.67347,706849.6326573999,-5789.0759049,28515.955132817075,27,1,0.0,100.0,0.0,7.464265916973879,7.32753184512549,,117167.0,4782.0,4,4
GOLETA,60493.62236,-40.576266061000005,303241.40252799995,-203.42670375700004,136099.89137071458,19,1,0.0,100.0,0.0,7.72947084494689,7.78156135704376,79722144.0,96250.0,56967.0,1,1
GONZALES,102710.78,-4.212,1230176.4,-37.0656,15273.977385589043,361,2,0.0,100.0,0.0,26.192328294311,52.2260058014882,13714502.0,54205.0,5469.0,2,2
GRANITE BAY,3220.672,-19.367,45367.06880000001,-270.9328,5431.173093361839,5,1,0.0,100.0,0.0,5.2310106585778895,3.44305713204692,,136534.5,25063.0,1,1
GRASS VALLEY,735915.6256414999,-2095.3074404,8273818.6886024,-21246.03184230999,504653.9774911193,204,4,70.46580578944814,100.0,0.0,11.8711295215193,17.467524277967,43207378.0,76103.5,47806.0,6,5
GREENBRAE,278.028,-6.101999999999999,2984.8759999999997,-63.3252,443.3790588941269,5,1,0.0,100.0,0.0,5.5881402530623685,3.9349224366250497,,194808.0,12130.0,1,1
GREENFIELD,382413.85658,-1301.2181999999998,3632486.892463,-9818.548254,160964.86265104945,541,2,4.6397182107151504,100.0,0.0,22.196177757479703,43.3976541808551,21125795.0,63827.0,18424.0,4,4
GROVER BEACH,178879.28874400005,-1107.853237653,1576795.9967738,-9370.142260138002,101869.03307019534,126,2,0.0,100.0,0.0,14.683622733698199,24.397780300163998,26760953.0,64127.5,13535.0,1,1
GUERNEVILLE,33654.989453999995,-73.02288,404951.1885254,-811.9340351999997,16502.99495993957,10,1,0.0,100.0,0.0,11.495387417868304,16.244166981965,,60331.0,7577.0,2,2
GUSTINE,149519.2052,-476.90904000000006,1922549.3424,-7585.308480000002,88486.65877125268,285,2,0.0,100.0,1.0,52.1336533982758,90.8941858998613,6580991.0,60521.0,8712.0,7,7
HACIENDA HEIGHTS,45187.506,-0.81,542250.072,-9.72,20846.162768369588,2,1,0.0,100.0,0.42857142857142894,34.040032623694,66.6036070122336,,85044.5,56972.0,1,1
HALF MOON BAY,55886.77600000001,-129.57399999999998,543599.9814899999,-853.3067699999998,16365.991262640922,172,1,64.9488155814618,100.0,0.0,16.1789372600633,28.509269769201694,46348862.0,145873.0,11860.0,4,4
HANFORD,115711.15868,-400.21143930000005,751473.588939,-2454.405255,345368.00200946664,97,3,0.0,100.0,0.384615384615385,38.953303554797294,74.3473325766175,83416244.0,55670.0,72726.0,6,6
HAWTHORNE,114878.475504,-40.38381141400001,745323.84792,-233.49867899400002,300698.0243222397,9,1,0.0,100.0,0.75,45.9489073336936,84.1026611174171,197009382.0,52779.5,104391.0,1,1
HAYWARD,2427577.6014394457,-18831.45080463298,25223738.00108135,-198652.48692432087,1694410.4781724797,1665,3,9.348900499460283,100.0,0.0555555555555556,29.5292983802132,58.601336864673996,467224536.0,81092.5,176116.0,1,1
HEALDSBURG,161079.47031999993,-1275.20623,1668600.8227899997,-13133.7680521,50696.12957731124,19,1,0.0,100.0,0.0,19.0824289678434,35.9944507504099,47630835.0,96324.0,19524.0,2,2
HEMET,54444.5518316,-52.88740581800001,548428.48364,-537.08204124,25563.48474257449,25,1,0.0,100.0,0.12,31.218981466779297,61.659730104679,125934873.0,41531.0,116515.0,1,1
HERCULES,257024.312702,-1600.4051400000005,2549406.7844080008,-16963.743755999996,165130.07047658105,51,1,0.0,100.0,0.0,18.3525723903719,34.153108840963604,35619267.0,122232.0,22381.0,1,1
HERMOSA BEACH,298583.434656,-21.501209985,3645690.34328,-107.460421924,539726.5328517059,48,1,80.89578060769698,100.0,0.0,5.84004235859885,4.36372808677008,85675375.0,136285.0,19539.0,1,1
HESPERIA,17875.581191999998,-39.547746000000004,89377.90596,-197.73873,60882.01473774541,4,1,0.0,100.0,0.0666666666666667,27.6335654581229,55.13936183629711,94458935.0,52117.0,102311.0,1,1
HOLLISTER,1595535.8617699994,-4590.279080050998,15481088.609790005,-39634.18966025601,931755.082670072,2295,3,32.298714927222946,100.0,0.0,31.8790873258475,62.920923193340904,69688403.0,91935.0,51064.0,7,7
HOOPA,18054.192000000006,-129.82339327900002,98037.84,-841.49596642,18058.98547325681,12,1,0.0,100.0,0.0,12.046452178909199,18.110732753184603,,40739.5,5686.0,10,10
HUNTINGTON BEACH,1958349.5479040002,-117.96124688499998,22335989.939519994,-633.1012344359998,1225646.0168907207,79,1,0.0,100.0,0.0238095238095238,12.4796790466399,18.9052843990415,484982227.0,98057.5,197574.0,1,1
HUNTINGTON PARK,51889.14,1383.84,155667.41999999998,4151.52,11283.9564144427,3,1,0.0,100.0,0.954545454545455,51.9755871776414,90.73023079833521,89389533.0,45434.0,74249.0,1,1
HURON,4217.2,-0.062,18516.996,-0.1674,2127.6793196056474,5,1,0.0,100.0,0.5,40.0165841774917,75.8418463866818,5279306.0,33216.5,8085.0,7,7
INDIAN WELLS,7804.710144000002,-1.3134756090000002,39023.550720000014,-6.567378047999999,100168.59540000012,7,1,0.0,100.0,0.0,7.92950902108071,9.5535376466137,61437788.0,92366.0,3942.0,1,1
INGLEWOOD,181450.259712,-29.116619834,2215377.89856,-145.58309917199998,638693.0972518277,36,1,0.0,100.0,0.65625,44.590602973018896,82.34960272417709,349011310.0,53807.5,131234.0,1,1
IONE,117771.43564,-895.2471500000001,1283081.746656,-9527.047799999998,89756.47295071633,19,1,0.0,100.0,0.0,27.926025844134198,55.7258166225249,6978794.0,66348.0,10220.0,3,3
IRVINE,487780.12599999906,0.0,5940373.511999994,0.0,402596.03468263854,212,2,0.0,100.0,0.0294117647058824,15.572820325088001,26.674233825198602,630558569.0,108943.0,261711.0,1,1
ISLETON,346697.39272600005,-626.95233075,3919739.69764,-5757.0843637,136127.09452717204,105,2,0.0,100.0,0.0,31.0173162136422,61.30659603985371,2432600.0,40395.0,1514.0,10,10
JACKSON,243215.506984,-1591.2884703170005,2726310.230785401,-17320.950145580005,210977.54830453085,49,2,0.0,100.0,0.0,23.257549086885295,45.756085256652796,8889475.0,65244.0,3152.0,7,7
JAMESTOWN,8894.70188,-32.070930867,66078.4594,-152.30595434399999,8761.571028208413,10,1,0.0,100.0,0.0,23.5008742902949,46.5254130407366,,61163.0,13181.0,5,4
KELSEYVILLE,83140.27333000001,-712.8111058210001,875541.6240859001,-7135.379184549999,69937.71934102762,24,1,0.0,100.0,0.0,15.4990509095312,26.5985622398789,,62384.5,9457.0,4,4
KERMAN,91387.226,-438.4197,1126471.0704,-5776.3872,27449.454097380807,243,2,0.0,100.0,1.0,46.0438331534453,84.3107579770463,15764892.0,61776.0,22144.0,6,6
KING CITY,1145487.8742400005,-3188.52106,9154528.000633,-24181.3694262,594362.9806543953,616,3,41.572108130582,100.0,0.0,26.324342782469202,52.5160802118805,19869920.0,48178.0,13528.0,4,4
KINGSBURG,102094.965,-74.34,1177214.78925,-731.5975800000001,17583.56895869093,443,2,0.0,100.0,0.666666666666667,43.1772773846103,80.35061167864801,17653091.0,62808.0,16545.0,4,4
LA HABRA,8207.1,57.6,131313.6,921.6,88671.79891679801,1,1,0.0,100.0,0.384615384615385,36.47332135002829,70.7403203430445,110309736.0,74688.0,64062.0,1,1
LA PALMA,258769.59593600003,-6.625837662,3024572.77968,-33.129188316,208343.2201070401,7,1,0.0,100.0,0.0,17.2886617666329,31.0505738428553,30352410.0,111169.0,14476.0,1,1
LAFAYETTE,58446.03400000005,-317.8552800000004,501580.88866000023,-3377.677932100001,50161.6941399437,96,1,47.781926861871604,100.0,0.0,3.73649516974859,1.6143271534872,46623270.0,188247.0,29449.0,1,1
LAKE ELSINORE,22505.59987200001,-19.595392992,112527.99935999999,-97.97696496,129450.92373614527,9,1,0.0,100.0,0.181818181818182,26.750617338610702,53.44936309749021,80070282.0,57461.0,76453.0,1,1
LAKEHEAD,18337.328999999998,-10.989000164,213032.709,-54.94500082,22228.644529648936,3,1,0.0,100.0,0.0,13.1427189258934,20.4817757598688,,49265.0,1670.0,2,2
LAKEPORT,332640.5221999999,-1010.5094137589996,3588125.8331142,-9337.386038197996,276142.09419902315,60,2,7.2618017003481174,100.0,0.0,21.679535330970502,42.4139235716988,14063969.0,48806.0,16029.0,4,4
LAKEWOOD,447427.3464559996,-20.942117571,4993115.6356,-111.68491603700001,289293.54909314704,94,1,54.19585152216298,100.0,0.111111111111111,21.4432562138325,41.713961407491496,110917660.0,93614.0,83312.0,1,1
LAMONT,195101.8783,-1216.1186959200004,1897053.9297456,-10254.113475302,81125.13247558901,50,1,0.0,100.0,0.33333333333333304,31.8177436918935,62.769580022701504,,43278.0,17003.0,1,1
LANCASTER,178206.47999999995,1314.0,786312.36,3942.0,59681.732913924025,4,1,0.0,100.0,0.0263157894736842,22.2693496911858,43.6120570059277,229597335.0,55375.5,183225.0,4,2
LARKSPUR,188624.002192,-1839.5207093999993,1613661.0077419996,-15151.575230999995,96243.40748463594,57,2,0.0,100.0,0.0,5.40625456558443,3.7079076806659104,55367046.0,122685.0,5857.0,1,1
LATHROP,162052.13399999993,-103.5321,1210631.5550000002,-1068.4620000000002,83907.66444180504,66,2,49.710234939496964,100.0,1.0,55.7089023499701,93.66881069491741,79758865.0,87149.0,28172.0,1,1
LATON,9009.884999999998,-38.853,106712.82,-404.0712,3099.815518364823,6,1,100.0,100.0,1.0,40.4218557224456,76.6553159288687,,37917.0,3407.0,10,10
LAWNDALE,38370.913056,-2.8670175070000004,440887.26528,-23.155087536,25762.238236692592,6,2,0.0,100.0,0.5,40.447061662589,76.5481145163325,41197250.0,60346.0,32819.0,1,1
LE GRAND,6734.21,0.0,71423.15999999999,0.0,4348.793788904362,6,2,0.0,100.0,1.0,39.483477140944,75.20494387690759,,48806.0,2345.0,10,10
LEMOORE,71359.0,0.0,856308.0,0.0,4635.430723109039,354,1,0.0,100.0,0.33333333333333304,35.1270223670186,68.5647622651028,22979971.0,58399.0,37546.0,3,2
LINCOLN,179791.36622000003,-182.15054,2146965.7826880002,-2063.300616,125289.31353416445,612,1,90.96556213662865,100.0,0.0,8.71910500089739,10.3039475343675,54217702.0,87333.0,52810.0,2,2
LINDEN,4926.4749999999985,-20.935080000000006,56895.04560000001,-230.05296,5196.594564520541,10,1,0.0,100.0,0.0,22.2607971311336,43.5868331441544,,87554.0,5944.0,10,10
LINDSAY,12880.356972000005,-44.67511202,64401.78486,-223.3755601,258237.24558294352,7,1,0.0,100.0,0.25,37.913411152736295,73.0167738680792,16787161.0,33603.0,18018.0,4,4
LITTLEROCK,19593.18,-76.23,235118.16,-914.76,10346.952184596088,2,1,0.0,100.0,0.0,22.9902450120275,45.2831378484046,,53484.5,14024.0,1,1
LIVE OAK,88710.0,0.0,1064520.0,0.0,5601.78561144359,424,1,0.0,100.0,0.0,27.4553170463271,54.7357800479253,8051602.0,59359.0,14220.0,2,2
LIVERMORE,311823.93962950003,-1041.77409577,2643530.093084,-7739.035576770002,158903.01058620555,64,3,0.08450996524588293,100.0,0.0,15.983596677720303,27.6831882961281,278185345.0,128963.0,99939.0,2,2
LIVINGSTON,108230.7,0.0,1295301.6,0.0,106110.94304939557,355,3,73.33494019873426,100.0,1.0,44.4721415961496,82.21717744986759,15642992.0,55500.0,18171.0,2,2
LOCKEFORD,59742.55404,-27.68274000000001,716910.64848,-332.19288,33293.88181526942,6,1,0.0,100.0,0.0,23.0756934054601,45.352503468281,,63287.0,2902.0,2,2
LOLETA,26910.7948,-356.6029531899998,345419.02792000014,-4468.372615899999,19397.09666723176,33,2,0.0,100.0,0.0,27.5470879018417,54.912347080338,,42407.0,4606.0,4,4
LOMPOC,53462.99000000001,-363.06,411121.6962,-1884.1419,16381.080751169182,78,2,0.0,100.0,0.0,19.930163480418397,38.1510909320217,54639791.0,66845.0,60288.0,4,4
LONG BEACH,6799532.550680996,1307.6568518130016,78451118.91805999,22194.600613075992,3395863.2401656425,1029,2,90.30723317188169,100.0,0.52212389380531,42.9152766079835,80.0542313028125,1371076040.0,60616.0,476520.0,1,50
LOOMIS,160948.9534,-966.04169,1764892.1553600002,-10082.308776,140994.0351993647,69,2,94.81073960770529,100.0,0.0,9.42844474718948,11.697565897338901,13260857.0,104185.0,16427.0,1,1
LOS ALTOS,157297.923,-1101.591000175,1117584.49356,-9577.093950879998,87197.97713837052,9,1,53.53166393378975,100.0,0.0,3.85707560192716,1.7278345314667698,103229406.0,215250.0,47624.0,1,1
LOS ANGELES,494326.19413954,0.0,4065967.904310698,0.0,6726397.770908668,402,26,0.0,3.5289555844427327,0.607594936708861,44.87034626414111,82.6396771345693,14545311557.0,48767.0,2484718.0,2,2
LOS BANOS,429352.388708,-914.148450423,4843347.962762799,-12041.152482120002,310585.4038560993,31,2,0.0,100.0,0.8,50.5343925987854,89.36814226258042,57896757.0,55719.0,43374.0,7,7
LOS GATOS,691857.2319999997,-963.055,6986038.938650001,-5364.53305,456849.45934938727,1385,1,52.832574804854964,100.0,0.0,4.91010588949814,3.0646992054483504,92527652.0,167875.0,49210.0,2,2
LOS OLIVOS,370.0,0.0,4440.0,0.0,27.864426152818197,2,1,0.0,100.0,0.0,9.15616622161136,11.1867826964308,,99583.0,2620.0,4,4
LOS OSOS,120177.44189999998,-1098.5551084869996,1541085.3202822004,-15014.81497405,60800.93650208855,93,2,0.0,100.0,0.0,6.53661211701511,5.72581662252491,,76587.0,15829.0,2,2
LOST HILLS,42239.3013,-95.665053648,445406.81850000005,-836.6056382400003,17663.68001376136,6,1,0.0,100.0,1.0,48.634558879961396,87.41329297515448,,35560.0,2635.0,10,10
LOWER LAKE,44483.09022,-76.07214,521038.34048340004,-791.1215658,31346.01776533457,8,1,0.0,100.0,0.0,17.7809443963952,32.4820279984866,,34567.5,7286.0,4,4
LYNWOOD,116518.20672499998,79.31069831800001,1347828.0290599996,1565.976714618,143098.65704634346,35,1,0.0,100.0,1.0,52.074628837898,90.8311262454282,98449996.0,57386.0,69438.0,1,1
MADERA,867068.2990000001,-1588.3511215229996,8585429.008170005,-18685.97106762799,398457.6617424107,582,3,7.312178345892702,100.0,0.615384615384615,41.8354678211335,78.55971749274809,80065732.0,59471.0,103572.0,2,2
MAGALIA,17489.88,0.0,203797.44,0.0,58160.980994294245,4,1,0.0,100.0,0.0,15.4562665321908,26.3715474839198,,55908.0,8458.0,4,4
MALIBU,2328.453588,-1.5675836719999998,12839.646192,-8.682385124,4738.883101147153,3,1,0.0,100.0,0.0,9.40351203161274,11.8047673098751,77629687.0,149026.0,19438.0,2,2
MAMMOTH LAKES,13518.315631999998,-90.997620224,109052.22815999998,-706.4425011200003,108541.12697592,10,1,11.124748193223978,100.0,0.0,13.8763929314831,22.159162567789107,104057653.0,59620.0,8169.0,7,7
MANHATTAN BEACH,140296.28996000002,-53.98662046300001,1176459.210256,-304.68504769800006,270876.3104286425,20,1,0.0,100.0,0.0,5.22204174556419,3.5061167864800096,154644150.0,169612.5,35500.0,1,1
MANTECA,791377.1091899985,-1285.7472399999992,8440020.026660003,-14444.98636499999,570691.2741422921,524,3,24.146851306777396,100.0,0.666666666666667,42.370855231012996,79.392104931265,143409231.0,69864.0,83541.0,1,1
MARINA,734968.5229999998,-963.2276919,5506521.9410000015,-5298.90026,252613.00341248533,919,2,61.817926888448255,100.0,0.25,25.6253402106302,51.141379745239,56765434.0,70964.0,16685.0,1,1
MARIPOSA,13174.93512,-37.07702784999999,93667.7556,-185.38513924,4706.32821633168,5,1,98.7153939265738,100.0,0.0,13.4660049796646,21.188043889519502,,64432.0,10285.0,10,10
MARTINEZ,326540.3877999998,-1075.20854134,3543156.057519995,-10872.049562800015,173611.09901502274,2616,3,5.924126492216753,100.0,0.0769230769230769,21.2269924104003,41.4680287552024,85135534.0,98365.0,58611.0,1,1
MARYSVILLE,258347.66916,-515.274288649,2921906.6324900007,-6197.88916324,145144.10503167007,500,3,0.0,100.0,0.25,33.6095592077413,66.0675999495523,21311139.0,49710.0,39064.0,4,2
MC FARLAND,111754.23526000004,-595.6861998099997,1142244.478452,-5297.636810599999,46431.095565743875,28,1,0.0,100.0,1.0,41.961803265241706,78.6858368016143,,37492.0,30118.0,2,2
MCKINLEYVILLE,334823.82706,-1688.4301045459995,2496336.298964001,-8067.95749445,286758.93305321236,146,2,1.345174416785922,100.0,0.0,9.415367274377287,11.8678269643082,,59089.0,17843.0,4,4
MEADOW VISTA,4263.3,-23.935,37255.26,-192.4694,4073.680758784605,9,2,0.0,100.0,0.0,8.485040080154612,9.685962920923188,,89231.0,4875.0,3,3
MENDOTA,130766.92,0.0,1516805.04,0.0,51180.73243146227,516,1,94.9213098803677,100.0,1.0,55.876892673003,93.77601210745372,9142290.0,32046.0,13415.0,4,4
MENIFEE,1654.82352,-1.44083772,8274.1176,-7.2041886,9569.4548498487,3,1,0.0,100.0,0.0,20.641485646287,39.904149325261706,116314465.0,95166.0,55591.0,1,1
MENLO PARK,195086.264,-706.0690000000003,1920789.1141,-4786.608179999998,94314.98136893526,231,2,7.2038027108940295,100.0,0.0,5.8619889309581685,4.46462353386303,157347711.0,147162.5,42424.0,1,1
MERCED,1331550.7351199996,-1871.7614172770006,15257277.964040002,-20820.235796450008,1552912.3524985889,4345,3,60.498230524851074,100.0,0.7619047619047621,46.7636411369364,85.1557573464497,120579712.0,42193.0,110611.0,2,2
MIDDLETOWN,75623.11248,-98.88954073000002,866139.2086519998,-923.66127395,92595.61366936359,9,1,0.0,100.0,0.0,12.3180649654559,18.438642956236606,,68814.0,7108.0,2,2
MILL VALLEY,351116.7571499999,-2175.232580000001,3482772.4438127987,-22285.33296340001,201556.0529997212,167,2,0.0,100.0,0.0,4.63707525111145,2.66111741707656,88223199.0,158869.0,31047.0,1,1
MILLBRAE,8982.12,-11.2896,105890.4,-124.608,26742.92712346145,7,1,0.0,100.0,0.0,12.9878275745449,20.0908059023837,75050748.0,130798.5,22625.0,1,1
MILPITAS,2343139.4620000003,-6695.181843,15066546.4665,-49402.207494,1064828.8868078885,83,2,47.45336156583549,100.0,0.0,20.6656722559134,40.011350737798,328947490.0,124015.0,78528.0,1,1
MONTEBELLO,53804.32345599999,-80.02007719200002,329090.99651200004,-489.6076405199999,335482.7282089339,56,1,74.23650551345735,100.0,0.8,42.1351376757519,78.96329928111992,140473768.0,58203.0,65023.0,1,1
MONTEREY,973838.9200000002,-2409.5287,7086204.654860001,-21508.6178,549308.5617654469,220,2,18.28208108380068,100.0,0.0,5.96895263856852,4.61596670450246,205769057.0,79146.0,28916.0,1,1
MONTEREY PARK,32555.95812000001,-48.409294248,162779.7906,-242.04647124,73514.00613022865,7,1,0.0,100.0,0.0666666666666667,31.143112987259894,61.52099886492621,123277197.0,63563.0,62542.0,1,1
MONTROSE,6707.6,0.0,80491.2,0.0,4274.095052335932,3,1,0.0,100.0,0.0,21.254586116000894,41.581536133182,,67407.0,5874.0,1,1
MOORPARK,4046.70924,-6.017280696,20233.5462,-30.08640348,9000.21196844578,1,1,0.0,100.0,0.0,16.4404349292281,28.9380754193467,49128477.0,126733.0,38234.0,2,2
MORAGA,22382.7997683,-289.7629,307075.00522,-3888.352,17839.43470580403,12,1,0.0,100.0,0.0,1.72691622885039,0.2017908941859,25515269.0,186652.0,15733.0,1,1
MORENO VALLEY,47477.531232,-31.522327452000003,332092.85615999997,-157.61163726,68558.59846520155,13,2,0.0,100.0,0.511627906976744,39.3783449852808,75.0283768444949,278525697.0,67747.0,204601.0,1,1
MORGAN HILL,1445791.2876399998,-1764.23639143,13295818.642270802,-13876.659300100002,971916.5407712744,52,1,13.651130809509366,100.0,0.0909090909090909,18.0534046281367,33.3333333333333,110981465.0,115664.0,51712.0,2,2
MORRO BAY,465176.92527859996,-1659.9491870209995,4830809.923242599,-17178.070264259994,231818.58585454663,530,2,0.0,100.0,0.0,11.840650704286402,17.2152856602346,37129331.0,64250.0,10655.0,2,2
MOSS LANDING,201024.492,-249.651,1326416.8742999998,-1142.96229,67647.97368792314,8,2,0.0,100.0,0.5,40.0723956254229,75.8166225249086,,64050.0,10004.0,1,1
MOUNTAIN VIEW,811027.5319999997,-1709.8438699999995,7155714.889799999,-16030.682569999999,443197.0992644925,468,2,9.432161935910669,100.0,0.0,17.2260795988731,30.8929247067726,389768619.0,134183.0,74507.0,1,1
MURPHYS,1480.0,0.0,17760.0,0.0,2311.2393844479,1,1,0.0,100.0,0.0,10.016001243952099,13.3181990162694,,48321.0,3560.0,10,10
MURRIETA,221668.11696000004,-35.14043106,2377502.2548,-175.70215530000004,327685.525295775,92,1,27.63452801303623,100.0,0.0,19.8981073043946,38.0628074158154,162953475.0,94861.0,127318.0,1,1
NAPA,972141.708349,-3016.640679710001,10111662.984491296,-27128.9963839,541770.2780674326,522,4,9.113311684892382,100.0,0.0,16.769319484142198,29.789380754193505,234557175.0,86918.5,103365.0,2,2
NEVADA CITY,34217.662399999994,-185.72928000000002,257741.27875700002,-1346.6347351,38106.14483772545,22,1,0.0,100.0,0.0,17.619386775473,32.0343044520116,13977891.0,75250.0,19638.0,4,4
NEWARK,164866.04627499988,-621.5324500000004,1559238.2794299996,-9861.468675700004,133699.78299810822,203,1,18.007977067257887,100.0,0.111111111111111,22.8409143189324,44.7597427166099,159247528.0,121156.0,55184.0,1,1
NEWBURY PARK,38111.840656000015,195.676992215,379797.70328,3285.0849610759997,107260.03255646935,4,1,0.0,100.0,0.0,9.899188942998359,13.015512674990498,,131289.0,44718.0,1,1
NEWCASTLE,10047.831,-49.230160056,113052.933,-538.7185202799999,11806.319865700825,12,1,18.369912423202244,100.0,0.0,8.68146201364846,10.1904401563879,,86250.0,2979.0,2,2
NEWMAN,90273.05,0.0,1078940.4,0.0,22324.456080883647,152,2,0.0,100.0,0.5,41.7451845882975,78.37053852944891,8865452.0,57646.5,13682.0,4,4
NEWPORT BEACH,1053221.131616001,-2.121090653,12616515.718080001,-10.605453264,531492.1605142234,233,1,97.3193945658884,100.0,0.0,11.3283348883845,15.764913608273401,522199250.0,120057.0,71747.0,1,1
NEWPORT COAST,213.2,0.0,2558.4,0.0,4322.460379614582,3,1,3.08922159805866,100.0,0.0,6.70726048574046,5.99697313658721,,148583.0,13758.0,1,1
NICE,171415.32539999994,-1678.0461300000004,1989659.7722,-19730.4293538,130869.35418964885,7,1,0.0,100.0,0.0,15.5542181438209,26.5733383781057,,47472.0,2446.0,4,4
NIPOMO,126985.92691,-521.13995932,1183866.4543412,-4744.371798310001,53811.22122470146,181,2,0.0,100.0,0.0,15.2756256788588,25.766174801362094,,84102.0,27744.0,2,2
NORWALK,90084.23020800002,-11.025099202,973410.4598399999,-70.431016392,126855.28761582766,14,1,68.13909341658028,100.0,0.857142857142857,44.748121166029904,82.49463992937321,136917106.0,71875.0,105858.0,1,1
NOVATO,570361.8468001992,-4369.239403499997,4316945.221262396,-31276.50648399996,373166.0310075516,787,3,5.539881043572757,100.0,0.0,9.770942403763199,12.5740950939589,103147717.0,117007.0,63616.0,2,2
OAK PARK,1367.1315,-2.0328651,6835.6575,-10.1643255,3040.61215150195,1,1,0.0,100.0,0.0,5.24102395592414,3.48719889015009,,143627.0,8355.0,1,1
OAKDALE,166623.9060000011,-797.7112999999997,2062230.1510999915,-11261.884999999998,224515.8979603127,232,2,47.76355354661747,100.0,0.25,37.3263606398509,72.0204313280363,37414843.0,68176.0,28121.0,1,1
OAKHURST,279136.10400000005,-887.4230037190001,2895084.01064,-7318.590928589999,105917.5957864478,23,1,48.13676487628325,100.0,0.0,14.890008968243999,24.8581157775255,,61445.0,13760.0,8,8
OAKLAND,2084728.9839315987,-11437.703049970025,18818659.841899604,-107070.13627232963,1364188.9258368672,1316,3,5.288435814254723,100.0,0.231481481481482,26.6557826668719,53.28540799596421,2264363902.0,68606.0,407922.0,1,1
OAKLEY,75274.12800000001,-32.258399999999995,307389.764,-275.9868,24443.481361125752,24,1,87.5422444424823,100.0,0.166666666666667,31.870438894482106,62.8641695043511,50377267.0,91257.5,43415.0,1,1
OCCIDENTAL,40319.78047,-562.0955332999998,312792.2764096,-2942.5246922,15807.493279014085,5,1,0.0,100.0,0.0,8.15280718245015,8.84096355151974,,80341.0,3848.0,2,2
OCEANO,119861.469846,-1037.624959579,1277799.268655,-10063.95661889,43327.98666301115,228,2,0.0,100.0,0.0,18.7680113924437,35.1368394501198,,70270.0,7033.0,1,1
OJAI,2260.32408,-3.361003632,11301.6204,-16.80501816,5027.145423816562,2,1,0.0,100.0,0.0,11.668818481157803,16.9189052843991,24871173.0,77596.5,16740.0,1,1
OLIVEHURST,143918.059,-265.9833,1664840.0136000004,-3896.028,55128.462855884296,396,2,0.0,100.0,0.25,32.7576238046827,64.2451759364359,,43601.5,28522.0,2,2
ORANGE,924385.77,-14.304086346000005,10948084.261519996,-87.920107082,525621.016353828,330,1,91.73783676640151,100.0,0.0384615384615385,25.629923612118002,51.040484298146104,304186913.0,88268.0,143399.0,1,1
ORANGE COVE,81400.53169999999,-4.8158110910000005,826659.1184999999,-24.07905545900001,17670.797324121257,282,2,0.0,100.0,1.0,45.71140713246,83.77475091436492,6439408.0,28125.5,7179.0,4,4
ORANGEVALE,2035.0,0.0,24420.0,0.0,141.2392483292494,11,1,0.0,100.0,0.0,11.9166570408592,17.2972632109976,,85862.0,37602.0,1,1
ORINDA,81063.05800000003,-443.8593599999999,540442.1574,-2805.2222331999997,44397.59025175038,60,1,71.70677214460908,100.0,0.0,2.7015024949497004,0.731491991423887,44863212.0,224318.0,20468.0,1,1
ORLAND,116257.37256000002,-17.2809,1395088.47072,-207.3708,51290.59580894845,7,2,0.0,100.0,0.0,23.6141438597266,46.6389204187161,13178976.0,49952.0,17308.0,4,4
OROVILLE,166775.5130000014,-441.69653000000005,1962276.6455999832,-6483.279960000003,252423.5559070977,374,4,21.98726941508821,100.0,0.0714285714285714,23.9251786237035,47.4145541682432,39649481.0,42954.0,56228.0,4,4
OXNARD,78918.137088,-52.929578151,394590.68544000003,-264.647890752,381382.8707039146,16,1,0.0,100.0,0.153846153846154,23.735969720861306,46.96683062176821,381462311.0,69703.0,220161.0,1,1
PACIFIC GROVE,385017.36048000003,-3034.8031399999995,3121277.97629,-23499.187699999995,226263.20701722565,76,2,38.46174573161079,100.0,0.0,3.21202504631524,1.1350737797956898,63178440.0,85889.5,15522.0,1,1
PACIFICA,557137.0684400001,-5036.417149999998,4769443.976786799,-42220.597367499984,240841.8001268387,47,2,6.237806580510965,100.0,0.0,9.97150864082282,13.210997603733098,79983029.0,125082.0,38984.0,1,1
PAICINES,9383.427,-49.86,60269.03838,-271.68354,5802.60956969216,3,1,0.0,100.0,0.0,29.284335068081894,58.2040610417455,,94327.0,3049.0,6,6
PALO CEDRO,45701.575,-308.5310000000001,499030.1400000001,-3248.5559999999996,50940.919180424964,18,1,0.0,100.0,0.0,4.59758573852378,3.1719006179846096,,70226.0,6629.0,2,2
PARADISE,59555.72100000001,-272.56799981,644014.20848,-2631.770529053,62029.46290826357,108,2,19.125499265671294,100.0,0.0,18.128792742273106,33.5351242275192,39461656.0,53125.0,20696.0,4,4
PARLIER,264534.39900000003,-704.762998994,2881507.50234,-6786.58004497,95709.06837331977,397,2,0.0,100.0,1.0,68.9784920912014,99.11716483793673,10535639.0,36395.0,9242.0,3,3
PASO ROBLES,2113505.7154007503,-6094.042969858,22085014.04535801,-64526.501083836025,938141.0339430092,2395,3,12.464209649914707,100.0,0.0,14.775908833325698,24.5554294362467,,70402.5,42290.0,2,2
PENN VALLEY,65478.68010000001,-188.865229603,723561.1625,-2032.47938802,56873.97793785455,38,3,35.39346430938904,100.0,0.0,12.488528326304099,18.9305082608147,,52500.0,5606.0,5,5
PENNGROVE,21653.05776,-172.27299,237786.1591572,-1795.3090353,10786.199085773571,5,1,0.0,100.0,0.0,9.628344419389519,12.397528061546199,,108370.0,5737.0,1,1
PENRYN,3975.295,-24.071,16167.50211,-124.72104,4720.944976296658,6,1,0.0,100.0,0.0,3.36204285608392,1.2864169504351102,,86985.0,2546.0,1,1
PETALUMA,2810015.0023310008,-7295.021819010002,30969222.84676121,-75603.92864987988,1236508.120120632,3986,4,2.942062107375872,100.0,0.0,17.0824822947681,30.558708538277198,118435446.0,90556.0,79601.0,6,6
PHILO,0.0,0.0,0.0,0.0,1378.17998777122,1,1,0.0,100.0,0.0,14.2266878108219,23.004161937192602,,44896.0,3023.0,10,10
PINE GROVE,32489.106758000005,-233.11262,360266.7129072,-2508.177264,29449.30165117437,9,1,0.0,100.0,0.0,19.7237844722459,37.6592256274436,,78352.0,4639.0,10,10
PINOLE,218572.891472,-1089.17351,2585512.7043000003,-14385.6515579,116373.60558813273,533,3,0.0,100.0,0.0,24.2442084818419,48.2784714339765,53486686.0,91866.0,17262.0,1,1
PIONEER,23859.192868,-260.26095,259593.79782720003,-2732.9526,22413.867822931603,9,1,0.0,100.0,0.0,15.475164082670698,26.674233825198694,,57032.0,5890.0,10,10
PISMO BEACH,362797.047912,-1754.3374299999994,4040545.298697199,-16665.9515526,169250.79110407495,656,2,0.0,100.0,0.0,7.939373970603911,8.27342666162189,63036643.0,84782.0,8161.0,1,1
PITTSBURG,1527778.761920001,-841.8202984100003,11691561.934639998,-7013.946828000004,772467.725703293,167,1,85.68919813415509,100.0,0.5714285714285711,41.250752617335,77.76516584689121,92988794.0,62414.5,78759.0,1,1
PLACENTIA,12350.217248,-9.667683917999998,126525.64624000002,-95.029779588,7081.374944700931,13,1,0.0,100.0,0.166666666666667,21.4392045959508,41.5626182368521,86022022.0,97163.5,56135.0,1,1
PLACERVILLE,243098.75052,-1041.3577163600003,2733856.979699999,-11546.07136176,181428.23714054472,35,1,2.4210104914462884,100.0,0.0,15.3003345300504,25.923823937444897,28480303.0,66163.5,39151.0,3,3
PLEASANT HILL,296109.3245030002,-1240.97846,2643449.37376,-12648.153935899994,186954.1766831616,387,1,5.791244754671342,100.0,0.0,8.914923559215039,10.669693530079499,76834417.0,127916.5,32996.0,1,1
PLEASANTON,139288.18017999973,-296.0055378099998,1496798.517699999,-4312.693381549999,143059.01882940606,345,4,8.827637861783693,100.0,0.0,14.350048635967,23.281624416698197,331465720.0,159412.0,93374.0,2,2
PLYMOUTH,67219.74896000001,-649.114239914,709873.2288959998,-6790.459943571,60011.400581385526,8,1,0.0,100.0,0.0,25.311388124240604,50.4098877538151,3299488.0,79375.0,5105.0,3,3
POINT ARENA,34590.424462,-213.85213,344444.24294534,-2069.7742558,18564.468660305945,15,1,0.0,100.0,0.0,13.9090233685661,22.2096102913356,1126945.0,57558.0,4188.0,10,10
POINT REYES STATION,69662.47732,-474.77483,818851.8078,-5599.15076,30087.858559233053,8,2,0.0,100.0,0.0,4.83312672405332,2.9638037583554,,95441.0,1641.0,10,10
POLLOCK PINES,5520.683520000001,-32.49909,66248.20224,-389.98908,4130.833048127221,1,1,0.0,100.0,0.0,8.76327289399016,10.4300668432337,,83115.0,12697.0,4,4
POMONA,642929.2,0.0,7715150.4,0.0,437328.293470444,16,1,100.0,100.0,0.7741935483870971,52.2649198829169,90.99508134695421,258915743.0,57650.0,152251.0,1,1
PORT HUENEME,8145.409104000001,-5.463041623,40727.04552,-27.315208115999997,17986.797349508,4,1,0.0,100.0,0.0,28.716596901384893,57.270778156135705,28934474.0,64439.0,19861.0,1,1
POTTER VALLEY,1564.92,-8.4456,18779.04,-101.3472,986.9941371379961,1,1,0.0,100.0,0.0,16.4279115548473,28.8560978685837,,59348.0,1869.0,5,5
QUINCY,40911.14603,-405.33876983,462245.86005,-4602.579329149999,32652.819390155317,5,1,0.0,100.0,0.0,16.8163341161032,29.9281119939463,,53581.0,5446.0,7,7
RANCHO MIRAGE,522163.032876,-7.199082971000001,5986181.849112,-39.304986783000004,162492.741013013,17,1,62.88055483503781,100.0,0.0,8.919009469850481,10.707529322739301,75260542.0,82097.0,17140.0,1,1
RANCHO PALOS VERDES,40073.523704,-41.323249223000005,354917.11852,-206.61624611599999,103230.32918467936,8,1,0.0,100.0,0.0,5.618139311436042,3.9727582292849,89577373.0,143721.0,44864.0,1,1
RED BLUFF,1138255.5614000002,-2187.4452856020002,13475583.830699995,-25650.92501805001,540779.8047994573,502,3,16.022493500001026,100.0,0.0,25.6831351730616,51.0846260562492,28947329.0,40948.5,34100.0,4,4
REDDING,15178.785,-62.37676,99482.29425,-384.5253,15690.88624621123,4,1,0.0,100.0,0.0,13.8437985568086,22.03304325892289,160494100.0,59235.0,109737.0,2,2
REDONDO BEACH,128353.87771199999,-0.04932769,590457.25656,-0.246638448,82175.29284589768,10,1,0.0,100.0,0.0,12.3021064742044,18.3945011981334,197197476.0,111585.5,72275.0,1,1
REDWOOD CITY,613922.9823999996,-1408.1654100000005,6058687.08122,-13959.430614000004,363160.67415549146,646,3,3.795860898620788,100.0,0.0416666666666667,14.003655360692804,22.663639803253893,334832466.0,132742.0,121495.0,2,2
REDWOOD VALLEY,35722.380959999995,-334.60155273,368080.6853844,-3760.2920287,41437.174545986185,9,1,41.52790927832093,100.0,0.0,15.2828917431994,26.529196620002605,,60312.5,10311.0,4,4
REEDLEY,316862.41778,-858.1050022430002,3349245.616146201,-8849.839180263001,112370.05257411423,876,2,17.326417395586247,100.0,0.857142857142857,47.793404981258895,86.5430697439778,23335581.0,44375.0,40225.0,5,4
RICHMOND,2209539.8329589227,-11929.83564306602,22486985.92428286,-126294.32483494745,1633195.4966760757,2597,2,11.436919661285579,100.0,0.5,38.486766881289604,73.3446840711313,518244183.0,58935.5,88242.0,1,1
RIO VISTA,1112211.8804399995,-4065.7064576699986,11231222.269578999,-36585.282218298016,555614.1393328579,401,3,13.810667243567714,100.0,0.0,38.6644469315739,74.0068104426788,15552814.0,68284.0,10676.0,7,7
RIPON,86051.1,-263.8497,727289.04,-4221.5952,76590.1108950433,4,1,0.0,100.0,0.0,29.070208274442606,57.8761508386934,23370019.0,83600.0,17867.0,1,1
RIVERBANK,193445.03700000004,-476.5489999999999,2405110.8808,-5999.5056,79430.71915239438,348,2,0.0,100.0,1.0,48.905259453095894,87.5772480766806,22223025.0,58165.5,16110.0,1,1
RIVERDALE,13549.68,0.0,144175.68,0.0,7512.07846763229,1,1,0.0,100.0,1.0,44.340867429461404,82.0658342792281,,50434.0,5221.0,7,7
ROCKLIN,674270.4624600001,-480.15615250100007,7873505.584103998,-4526.936764519999,296237.19086950715,1024,4,2.5658866554066027,100.0,0.0,7.61690350567392,7.57977046285786,123847771.0,94821.0,63112.0,1,1
RODEO,26380.777926,-232.56352,285460.35191,-3095.346328,18751.59687033288,251,1,0.0,100.0,1.0,43.45502387197021,80.84247698322609,,59567.0,6285.0,1,1
ROHNERT PARK,796559.6046479904,-3060.1282856199987,8999738.481824975,-33648.041701400034,421318.11823910393,1889,1,23.164927308606554,100.0,0.0,12.9358932572683,19.8637911464245,88150550.0,65119.0,38042.0,1,1
ROSEMEAD,32452.244876,-78.085817868,164129.813692,-396.355345148,3965875.0579112982,58,25,0.0,40.418428361086576,0.5,39.6414039865453,75.4634884600833,59057151.0,61046.0,61315.0,1,1
ROSEVILLE,2610.0,0.0,31320.0,0.0,130.06606296773552,9,1,0.0,100.0,0.0,13.037381608561402,20.17908941859,319452085.0,88314.5,142410.0,1,1
SACRAMENTO,29903.0,0.0,358836.0,0.0,16421.668728269382,162,2,0.9071779838500847,100.0,0.238636363636364,29.216647896118303,58.0653298019927,1263401000.0,57258.5,821850.0,1,1
SAINT HELENA,95324.379655,-369.073359828,888594.7396294002,-3824.097833920001,43824.567398455336,31,1,0.0,100.0,0.0,15.801064353328,27.317442300416197,,91889.0,7947.0,8,8
SALINAS,5466769.433152999,-30800.980081100985,48946286.9383606,-249406.93855186985,3053607.51532291,726,3,19.258314659625274,100.0,0.05,26.3347002734365,52.5539160045403,389086044.0,71607.0,199851.0,6,6
SAN ANSELMO,263893.88115,-861.9945089000003,2758645.631758,-5929.989570900002,229761.95310605643,140,1,0.0,100.0,0.0,3.97313225053233,1.87917770210619,52211107.0,142072.5,17184.0,1,1
SAN BERNARDINO,223875.54,0.0,1740303.4500000004,0.0,90805.97866653226,2,2,0.0,100.0,0.7254901960784309,46.91061761406321,85.3575482406357,335935687.0,47970.5,278008.0,5,4
SAN BRUNO,132328.86812,-79.70582000000002,1181047.5289564,-635.7174854,119661.54054166627,232,1,0.0,100.0,0.111111111111111,15.977545784455499,27.670576365241494,98367969.0,122308.0,43101.0,1,1
SAN CARLOS,863095.4913999998,-1899.4545000000005,6116929.74947,-12843.391500000005,402278.1941184825,43,2,16.26497369451931,100.0,0.0,7.88044423878189,8.17253121452895,114221909.0,189914.0,32112.0,1,1
SAN DIEGO,0.0,0.0,0.0,0.0,20892804.109584592,104,8,0.0,0.0,0.0957854406130268,17.195148199201697,30.8235590868962,4139432802.0,77448.0,1335542.0,1,1
SAN FRANCISCO,13683306.827450613,-49845.398948262,126340607.21199933,-502719.1500263918,33332781.09518979,2566,10,1.7252794002956262,41.96348639720402,0.0612244897959184,14.761339063824101,24.536511539916802,13200899836.0,115882.5,874961.0,6,6
SAN GABRIEL,19004.4,0.0,62714.52,0.0,4752.8967985419,1,1,0.0,100.0,0.153846153846154,25.3299701217892,50.43511161558829,92436618.0,70618.0,62324.0,1,1
SAN GERONIMO,7242.578,-39.1026,42349.48800000001,-207.1854,3574.055353229513,7,1,0.0,100.0,0.0,1.84828906709922,0.29007441039223103,,97321.0,3371.0,1,1
SAN JACINTO,9691.655944,-8.460604384,52094.99975060001,-45.62073142199999,121099.35904368313,8,1,0.0,100.0,0.1,28.181486856086696,56.2870475469795,40924212.0,50020.0,61157.0,1,1
SAN JOSE,8691236.961088164,-28823.861694132018,76496064.36596544,-240695.7236878589,4926402.336657596,4821,4,46.852725282836076,100.0,0.0707070707070707,19.2547818766575,36.435868331441604,2915456970.0,108125.0,1047701.0,1,1
SAN JUAN BAUTISTA,148144.247,-771.2099999999997,1103996.7629399998,-4608.93303,83644.50286185447,91,3,0.0,100.0,0.0,27.235030816833,54.30697439778029,4032237.0,92423.0,6263.0,3,3
SAN LEANDRO,1444334.5510500008,-4319.624039311001,15780609.469235165,-48941.908489649715,966954.5271850312,3751,3,1.9876792658533124,100.0,0.136363636363636,30.2697555592203,59.9697313658722,289621805.0,78295.0,118450.0,1,1
SAN LORENZO,59093.48569900001,-344.3462506,486636.66343,-2684.5058151000007,38864.77771334932,39,1,0.0,100.0,0.0,23.832735650911694,47.1686215159541,,96856.5,30688.0,1,1
SAN LUIS OBISPO,622925.4062000001,-2636.939408679,6183510.19953596,-27275.68056246501,277676.4409353425,626,3,5.467203328097341,100.0,0.0,11.850253691707001,17.2405095220078,176469386.0,69512.0,65313.0,1,1
SAN MARINO,32779.5,0.0,393354.00000000006,0.0,21210.96697030916,18,1,0.0,100.0,0.0,8.69305242935441,10.165216294614698,61287251.0,165208.5,13194.0,1,1
SAN MARTIN,610856.5,-305.3686,6108565.0,-3053.686,463943.7159084453,11,1,0.0,100.0,0.0,27.367486979450998,54.69163828982221,,112964.5,9665.0,2,2
SAN MATEO,1578122.9502499998,-1849.1347536600006,16625625.621630006,-18640.43093836,739052.3031228534,3753,3,6.673942036616776,100.0,0.0,12.210178935887699,18.1737924076176,343379295.0,144479.0,143097.0,1,1
SAN PABLO,321706.5062860002,-2595.9494999999984,3577423.4927655924,-32363.615166600026,200685.92062150172,328,2,0.0,100.0,0.454545454545455,37.9116171404785,73.0356917644091,122697588.0,64327.0,63422.0,1,1
SAN RAFAEL,1119960.678705097,-5323.611967196987,11473788.435534416,-49703.23499487962,875477.2002786511,3558,2,26.31002977691547,100.0,0.0,10.7267688441787,14.6676756211376,210321883.0,96313.0,72139.0,1,1
SAN RAMON,517024.3900000007,-562.051305,5855840.390000007,-6601.285380000004,149317.13506832454,2142,2,1.70485719625653,100.0,0.0,6.17798924603575,5.03216042376088,124315838.0,149437.5,86097.0,1,1
SANGER,337088.14699999994,-506.6696,3664679.4388,-7893.622799999999,100033.94019508037,785,2,0.0,100.0,0.375,33.8149916150878,66.1243536385421,31723224.0,73114.5,47464.0,2,2
SANTA ANA,1236913.9005221,-1392.642,11305834.871022,-11209.464,660939.0923205796,33,1,96.47024787556869,100.0,0.28333333333333305,34.304308643129694,67.2215916256779,599152417.0,72977.0,369465.0,1,1
SANTA BARBARA,411744.332656,-203.66835695900002,3338520.0561148007,-1643.5375505220002,747495.3978034545,137,3,28.910336175666302,100.0,0.0,10.428819892547901,14.0749148694665,343060421.0,94509.0,145719.0,2,2
SANTA CLARITA,11225.8,0.0,134709.6,0.0,6543.937514692394,5,1,0.0,100.0,0.0,11.457891934910199,16.0297641568924,331043409.0,113299.0,51656.0,2,2
SANTA CRUZ,2629816.7594100004,8547.487365927002,18865260.793312795,23259.57596032999,1463472.8303189732,263,4,53.46282132545105,100.0,0.0,12.709880034619902,19.4223735653929,227343878.0,83911.0,106510.0,1,1
SANTA MARGARITA,4618.12752,-18.558090017999998,54261.66672000001,-218.05209009200001,3114.4820861428693,2,1,0.0,100.0,0.0,16.0628671826038,27.8723672594274,,94133.0,6793.0,1,1
SANTA MARIA,4346289.7898800215,-11881.492329602004,46065883.1601849,-116113.368258189,1681966.2980591848,2646,3,3.487358422532373,100.0,0.0,20.816781437773603,40.35817883718,176067163.0,73568.5,158111.0,2,2
SANTA MONICA,1048313.9622769995,-78.38151497700002,11700812.50063599,-417.58128069400004,1017249.8691822542,212,2,60.744685472010794,100.0,0.0526315789473684,21.468409172107503,41.9977298524404,833735521.0,95417.0,91577.0,1,1
SANTA PAULA,33680.044780000004,-26.231068412,281006.36389999994,-131.65131806,53051.10027704887,18,1,27.40905088658704,100.0,0.0,23.023197832754693,45.213772228528214,34632590.0,69960.0,39386.0,2,2
SANTA ROSA,7937848.786347591,-23056.09923691599,88833306.89594042,-235916.4788407902,3415741.1436933638,11014,5,3.089814525356158,100.0,0.0256410256410256,17.334827154699198,31.2019170134948,408725410.0,76341.0,219348.0,1,1
SARATOGA,231117.26258,-432.24199999999996,1887732.6215400002,-3501.3187,103323.8452606286,207,2,58.72721255767846,100.0,0.0,6.43364329095487,5.53033169378232,56055186.0,194503.0,30858.0,1,1
SAUSALITO,101756.122684,-649.9714700000002,997912.33621,-6207.646640000001,92215.04445757381,75,1,0.0,100.0,0.0,9.616915982216671,12.3344684071131,39365612.0,105913.0,10548.0,1,1
SCOTIA,40224.4329,-656.1536999499998,319022.91789999994,-5119.109299700001,28432.242613536513,8,1,0.0,100.0,0.0,21.772490540854697,42.5904906041115,,39778.0,4347.0,7,7
SCOTTS VALLEY,462066.20699999976,-1969.5531955,3436024.4816599987,-12961.167576999995,220525.3763008064,54,1,51.51340077293787,100.0,0.0,6.99732760497797,6.58342792281498,31563210.0,107500.0,8746.0,1,1
SEASIDE,1117590.3995800007,-3232.71804,10719622.6815526,-27912.133943599998,542886.48705851,1254,2,65.81169469218557,100.0,0.0,16.8242578444118,29.921806028503,86167784.0,56359.0,26914.0,1,1
SEBASTOPOL,348052.300178,-1982.3819500000006,3797213.7401878997,-21170.978443400003,186586.04333954558,167,1,0.0,100.0,0.0,11.819402906823301,17.139614074914903,24836702.0,92198.0,25746.0,2,2
SELMA,180001.96200000003,-39.26700000000001,2024077.5342,-408.3768,100866.21721045783,1036,1,0.0,100.0,1.0,50.50260284874349,89.3744482280237,42445076.0,46896.5,35199.0,3,3
SHAFTER,1043188.85881,-5034.048770694,9858536.075505098,-47979.05647745899,428008.1033833564,104,1,5.313099097596255,100.0,1.0,46.8733750178413,85.2881826207592,63669637.0,46052.0,23656.0,2,2
SHINGLE SPRINGS,158718.38035999998,-474.55461000000014,1803195.3843600003,-4985.26072,113514.30186987035,19,1,0.0,100.0,0.0,9.49610814473972,11.975028376844499,,86543.5,34244.0,1,1
SIMI VALLEY,2309.5536480000005,-3.4347276,12402.770976,-18.44864208,5119.148930501508,3,1,0.0,100.0,0.0,17.596768712259898,32.0090805902384,193391526.0,93237.0,128176.0,1,1
SODA SPRINGS,320.0,0.0,3840.0,0.0,14.9123142335921,1,1,0.0,100.0,0.0,17.0918482583685,30.583932400050397,,56500.0,3754.0,5,5
SOLEDAD,997892.5187299999,-5371.96743008,7882316.093770001,-35206.89916621,444892.4499790296,637,2,44.997261701276635,100.0,0.0,26.248129367704703,52.3773489721276,26247590.0,66655.5,24958.0,4,4
SOLVANG,28023.0,0.0,336276.0,0.0,1920.1805680248367,149,1,0.0,100.0,0.0,11.3613743232722,15.878420986253,24223243.0,82940.0,6445.0,4,4
SOMES BAR,1880.0811,-31.1382,19552.84344,-323.83728,1493.1929866811,1,1,0.0,100.0,0.0,12.1512970815109,17.9467776516585,,36960.0,1834.0,10,10
SOMIS,82127.99682,-0.569202228,698822.5041,-2.84601114,56464.99996653625,2,1,0.0,100.0,0.0,22.2021174157036,43.410266111741706,,98565.0,8366.0,2,2
SONOMA,515944.82515799993,-2699.2473599999994,5884407.4930927,-30165.976573400003,251138.44994534372,337,2,7.125122579635508,100.0,0.0,13.3818762050311,21.030394753436802,42831807.0,82737.5,36263.0,7,7
SONORA,217479.329636,-369.86286089999993,2582756.8706784,-4520.5228525,158242.83703767625,18,1,10.97791303284267,100.0,0.0,19.8869936180701,37.3439273552781,20450527.0,56070.0,21270.0,4,4
SOQUEL,246206.24399999995,-716.965,2955749.39649,-6552.950800000001,148153.77271486435,26,1,0.0,100.0,0.0,6.35626083219944,5.37268255769958,,105221.0,3229.0,1,1
SOUTH EL MONTE,38319.187404,-57.001459996,227633.18526799997,-338.77921642000007,76799.5076463861,23,1,0.0,100.0,1.0,55.1230783697532,93.2652289065456,39193055.0,49417.5,39515.0,1,1
SOUTH PASADENA,28545.70572,-42.446223288,142728.52860000002,-212.23111644,47852.576194370944,6,1,0.0,100.0,0.0,10.4622880087923,14.125362593013001,69222562.0,120521.0,25661.0,1,1
SOUTH SAN FRANCISCO,628629.760138,-2870.0279119,3798535.45798,-21033.733555000006,263871.33391015924,55,1,12.687549667277539,100.0,0.181818181818182,18.2830425015593,33.9765418085509,294543622.0,106402.0,67118.0,1,1
STANFORD,10360.0,0.0,124320.0,0.0,7983.035466980047,56,1,0.0,100.0,0.0,8.874482723173529,10.8651784588221,,63000.0,20872.0,1,1
STEVENSON RANCH,20073.6,0.0,240883.2,0.0,9165.0047596509,1,1,0.0,100.0,0.0,13.8480848545227,22.9347963173162,,134546.5,12035.0,2,2
STOCKTON,5587206.632580078,-14710.989645867026,60556813.89368948,-158973.51910153407,3763514.385509596,8264,5,7.430532516539757,100.0,0.6301369863013699,42.24605759741871,79.1398663135326,702319574.0,49219.0,363335.0,6,6
SUISUN CITY,912587.275084,-1929.6642693600006,10712781.903664296,-19883.811408800007,439094.8635381533,559,2,6.4104507123084815,100.0,0.0,20.6679994091479,40.01765670324129,31694227.0,79974.0,26469.0,1,1
SUN CITY,22106.681984,-19.257218624,106844.44592,-93.07266112,110512.17459575762,5,1,0.0,100.0,0.0,23.040339011424397,45.2642199520747,,69531.0,63822.0,1,1
SUNNYVALE,2615312.5217000004,-2814.10070273,26403001.752775,-22329.77904724,1043242.843858162,6810,4,25.418228700574012,100.0,0.0,15.6736272288374,26.926472442930997,450307639.0,146566.0,159933.0,1,1
SUTTER CREEK,145804.84168200006,-816.02113064,1630460.7836928002,-8656.35351922,135809.83838382314,35,1,0.0,100.0,0.0,26.540646555383397,52.9574977929121,4552576.0,56864.0,4675.0,7,7
TAFT,396875.1472077002,-1794.4958406359995,3671881.8874294,-15860.018223871999,276790.1178080203,484,2,2.7252941291989554,100.0,0.666666666666667,39.726412437606,75.621137596166,12051096.0,35718.0,17248.0,4,4
TEMECULA,37.2,-0.0339,446.4,-0.4068,95.67492916655969,1,1,0.0,100.0,0.0,15.2136998831456,25.671585319712506,276748683.0,99653.0,127231.0,2,2
TEMPLETON,267609.5149515,-1198.5092200000004,2669110.995038699,-14026.0167329,148648.72382093835,164,3,11.937216360385658,100.0,0.0,10.6595058444796,14.7685710682306,,92588.0,14011.0,1,1
THOUSAND OAKS,47700.0818,-70.92794772,238500.40899999999,-354.6397386000001,290420.49715785385,6,1,0.0,100.0,0.0,11.339889270123502,16.1369655694287,226976306.0,121187.5,79305.0,1,1
TORRANCE,189239.05935999998,-118.23371111899996,1710864.4883279996,-984.729376424,414119.04958079115,39,2,0.0,100.0,0.162162162162162,25.3269619481233,50.4792533736915,512015370.0,89463.5,182791.0,1,50
TRACY,2017663.0310700017,-3200.360451878996,19662874.308779974,-32364.52831489701,1200237.6765080276,1725,4,12.81817607518438,100.0,0.25,33.5751184082983,65.8468911590365,226114037.0,82916.5,123469.0,2,2
TRINIDAD,26761.859,-451.06814029999987,295044.9896,-4947.903961499998,24406.352280246294,28,2,0.0,100.0,0.0,13.0274848000897,20.1286416950435,1812274.0,47583.0,2775.0,5,5
TRUCKEE,1478.52,-8.5988,15432.64,-86.8652,1633.5295791745934,3,1,0.0,100.0,0.0,6.40704028123351,5.5240257283390095,82745031.0,110808.0,18279.0,4,4
TULARE,71650.62,0.0,573204.96,0.0,17927.502016994298,1,1,0.0,100.0,0.42857142857142894,39.04573035784421,74.5049817127002,111458928.0,47017.0,72613.0,2,2
TUSTIN,5827.094000000001,0.0,69925.12800000001,0.0,2353.142921375498,4,2,0.0,100.0,0.0,22.6283403086644,44.393996720898,159816348.0,88761.0,88473.0,1,1
UKIAH,231261.23709,-972.201278373,2468965.3916700003,-10629.748951790003,170084.46518007756,28,2,0.0,100.0,0.0,24.680631932132396,49.3126497666793,50276065.0,49135.0,26453.0,4,4
UNION CITY,365581.3462800002,-1184.9752000000012,3738122.7587499917,-12236.764834999969,249485.9453552473,977,2,36.66554944904581,100.0,0.125,23.399883823663398,46.0903014251482,154635136.0,116875.0,81064.0,1,1
VACAVILLE,4863504.318328016,-10956.180420222,49640437.81024088,-104143.81932298944,2187779.376577306,3044,4,24.2613700796733,100.0,0.0,17.037000484081698,30.5082608147308,261334918.0,94659.0,106828.0,2,2
VALENCIA,16728.0,0.0,200736.0,0.0,9729.72396638174,4,1,0.0,100.0,0.0,13.6879637262731,21.692521124984196,,111042.0,70275.0,2,2
VALLEJO,1609408.4617811285,-8678.15114213005,16584409.789386135,-84310.18348769902,894711.6524824974,1327,3,8.04126100835583,100.0,0.161290322580645,24.2948173438712,48.455038466389205,263619424.0,70417.0,122876.0,1,1
VALLEY SPRINGS,18282.88626,-103.95414,202166.53992,-1146.681504,19284.46529210644,4,1,7.307332600500512,100.0,0.0,20.839728518538198,40.049186530457796,,72865.0,17895.0,3,3
VENTURA,906599.361168,36753.986211284,13021453.00584,588244.331056428,823356.7688475284,9,1,0.0,100.0,0.08,19.7821103948556,37.810568798083,278789652.0,78115.0,109566.0,2,2
VICTORVILLE,94067.20521199993,-139.93424326599998,821031.2200168001,-1134.9866891719996,301762.67425531603,36,2,0.0,100.0,0.1875,33.1444064662898,65.165846891159,170667834.0,54880.0,135177.0,1,1
VISALIA,6415752.218220003,-156.6540549,95919140.93526,-1215.5852205,948406.233731542,21,1,0.0,100.0,0.33333333333333304,33.892560841359604,66.4459578761509,269522684.0,58713.0,159505.0,1,1
WALNUT CREEK,204788.53302,-666.5102750000002,1825942.5373949981,-6322.20507170001,149316.04802600382,545,1,12.360451696082064,100.0,0.0,9.0488538661934,10.947156009585099,183611285.0,122536.5,97658.0,1,1
WASCO,220766.30008,-1312.78346478,2062786.2519105,-10935.75165811,89943.98630122775,50,1,0.0,100.0,0.5,48.1169237359895,86.84575608525671,23647051.0,43879.0,27297.0,4,4
WATSONVILLE,2835102.8418400013,-13809.312024260002,24891487.446569994,-120979.26673539999,1534907.8345899843,289,2,54.13464208357679,100.0,0.133333333333333,22.8393202942374,44.747130785723286,115522757.0,68214.0,88671.0,2,2
WEST COVINA,0.0,0.0,0.0,0.0,134816.995876469,1,1,0.0,100.0,0.166666666666667,31.516248474517997,62.2714087526801,167832707.0,88330.5,104339.0,1,1
WEST HOLLYWOOD,19595.5515,-29.137733099999995,97977.7575,-145.6886655,48607.49522473937,8,1,0.0,100.0,0.0,19.0764812371888,35.9818388195233,221253537.0,94315.0,20977.0,1,1
WEST SACRAMENTO,413489.9282,-1424.5980799999998,4150214.5390899987,-15760.231549999995,258486.19086547405,64,2,46.964692308889674,100.0,0.375,29.459992504130106,57.8698448732501,202036329.0,82773.5,45454.0,1,1
WESTLAKE VILLAGE,1275.9894,-1.89734076,6379.946999999999,-9.4867038,2837.904674735151,1,1,0.0,100.0,0.0,11.599060016312402,16.445957876150903,37535299.0,110840.5,17146.0,1,1
WHEATLAND,39460.0,0.0,473520.0,0.0,2665.7497489298103,206,1,0.0,100.0,0.0,25.7519471623153,51.242275192331896,6414899.0,77303.0,4652.0,2,2
WHITTIER,46504.62,-8.91,580959.81,-103.95,27780.549579271847,4,1,0.0,100.0,0.4,36.5148097345115,70.8601336864674,129417527.0,74819.0,183516.0,1,1
WILDOMAR,5019.6313439999985,-4.370541084,25098.15672000001,-21.85270542,12383.84426616229,11,1,0.0,100.0,0.0,22.919263281156105,45.0245932652289,29236953.0,85335.0,34552.0,1,1
WILLIAMS,146558.79486,-457.49780703,1705506.6448800003,-5271.708945099998,68066.72809850724,7,1,31.933874632391557,100.0,0.0,25.818314264099804,51.406230293858,11785217.0,66143.0,5963.0,8,8
WILLITS,188872.042003,-1473.3999065899998,1970209.1685274,-14627.942888069994,148690.59382727928,20,1,0.0,100.0,0.0,19.9264286671577,37.74120317820661,12618622.0,47007.0,12690.0,7,7
WILLOWS,21903.578999999994,-109.889999982,210352.9446,-1016.69039996,24265.410870494237,7,1,54.44533798676389,100.0,0.0,35.1167246985587,68.6341278849792,10963024.0,44004.0,7118.0,7,7
WINDSOR,436177.6797560004,-893.1963382500003,5060097.4430626985,-9490.148611200004,112789.16863639408,1386,2,0.0,100.0,0.0,16.0893072530271,28.2381132551394,50138809.0,105544.0,21434.0,1,1
WINTON,2775.0,0.0,33300.0,0.0,9236.81689385088,29,2,99.86099181337194,100.0,1.0,42.8365181548642,79.9785597174927,,48057.5,9800.0,1,1
WOODLAND,526910.0579199999,-288.6821886200001,5986636.6177400015,-3137.0432031000005,278715.82626769267,358,2,9.537818638722793,100.0,0.0,19.0314106667702,35.8683314415437,134378568.0,71184.0,68805.0,1,1
YORBA LINDA,100589.028,-23.217678,1207068.336,-278.612136,230594.6335050032,12,1,100.0,100.0,0.0,14.3793023387005,23.4329675873377,108191037.0,137520.5,63982.0,1,1
YOSEMITE NATIONAL PARK,8894.0,-51.06,78267.2,-449.32800000000003,18234.382541165127,4,1,0.0,100.0,0.0,20.1476909671346,38.743851683692796,,55994.0,1702.0,10,10
YOUNTVILLE,16598.67248,-37.547,158077.8507456,-258.09656,4901.8351742278755,57,2,0.0,100.0,0.0,10.848487787828901,14.9073023079834,32212771.0,69300.0,2987.0,7,7
YUBA CITY,898299.6067600001,-1693.655181013,9530011.210439999,-20746.770355010005,637530.085903786,450,3,25.822801416713137,100.0,0.0625,25.733872666083396,51.2359692268886,95292052.0,60333.5,77902.0,2,2
