"","SiteCity","TotalFirstYearGrosskWh","TotalFirstYearGrossTherm","TotalLifecycleGrosskWh","TotalLifecycleGrossTherm","Budget","Total.Claims","Total.Programs","X..OBF.Budget","X..Resource.Budget","city","dac_proportion","ces_score_median","ces_percentile_median","Total.Tax.Revenue","Average.Tax.Revenue","median_household_income_usd","total_population"
"2","ADELANTO",13576.84423,-30.037266,67884.22116,-150.18633,27320.06323,4,1,0,100,"ADELANTO",0.5,35.90879867,68.45125489,23628867,7876289,45695.5,35179
"4","ALBANY",153765.922,-785.0763344,842200.6074,-4288.07028,60926.19353,35,2,0,100,"ALBANY",0,8.128605852,8.740068104,57342690,19114230,102361,16742
"5","ALHAMBRA",21630.94939,-32.17246242,120233.3502,-178.879938,48465.4476,7,1,0,100,"ALHAMBRA",0.15,33.70215145,66.14327153,154981924,51660641.33,59206,84647
"8","AMERICAN CANYON",246321.569,-390.57183,2569735.067,-3193.530636,113629.6157,737,2,0,100,"AMERICAN CANYON",0,14.58399855,24.01311641,68336979,22778993,104042,13352
"9","ANAHEIM",2843.648112,-1.635315291,14302.66896,-8.226646164,4105.068431,3,1,0,100,"ANAHEIM",0.366666667,34.96311183,68.35666541,1004225482,334741827.3,66446,347532
"10","ANDERSON",153146.064,-137.8650024,1627538.672,-1050.015402,162295.5725,18,2,14.33681224,100,"ANDERSON",0,19.65311269,37.42590491,22567917,7522639,47839,23258
"13","ANTIOCH",1090279.854,-1526.2517,12105645.5,-16843.51069,755185.7001,401,2,75.68995326,100,"ANTIOCH",0.055555556,27.35417338,54.35742212,156004836,52001612,76397,112354
"14","APPLE VALLEY",212224.59,-220.077,2514589.718,-2640.924,206693.35,20,1,100,100,"APPLE VALLEY",0,19.92653162,38.11325514,81839215,27279738.33,52921,80949
"17","ARCADIA",72342.81,0,868113.72,0,40843.1973,2,1,0,100,"ARCADIA",0,17.10420385,30.69113381,152549526,50849842,92807,69373
"18","ARCATA",582409.9204,-1503.710973,5108532.13,-13099.61364,587876.0012,451,2,2.829558836,100,"ARCATA",0,24.23644209,48.22802371,34193557,11397852.33,39178,14499
"22","ARROYO GRANDE",282692.1175,-1218.986047,3238651.525,-15423.24537,141893.2079,94,2,0,100,"ARROYO GRANDE",0,6.814271451,6.179846134,43882463,14627487.67,89204.5,25014
"23","ARVIN",235985.1414,-1118.21893,2525115.524,-12564.76151,99105.11402,69,1,29.56813825,100,"ARVIN",0.5,40.31055291,76.37785345,15759971,5253323.667,37428,22818
"24","ATASCADERO",487560.5488,-2199.857894,5412426.592,-26667.46822,254199.3287,328,2,2.286541693,100,"ATASCADERO",0,8.137025663,9.250851305,60949355,20316451.67,73061,25335
"26","ATWATER",388888.9852,-143.429041,4587367.544,-1095.301805,519211.6338,1443,3,85.56285841,100,"ATWATER",0.5,40.48984172,76.57333838,35304215,11768071.67,55891,40011
"27","AUBURN",215833.1616,-1196.42842,2183727.162,-12870.44229,222860.3327,152,3,9.113390282,100,"AUBURN",0,13.28418307,20.82860386,34441547,11480515.67,76104.5,44187
"29","BAKERSFIELD",15559277.6,-50313.14374,159663794.8,-530348.287,6153282.742,18643,2,7.219449909,100,"BAKERSFIELD",0.494505495,38.59974028,73.91852693,547373792,182457930.7,53187,557492
"31","BALDWIN PARK",681793.8559,-23.22887188,8072173.98,-116.1443594,422768.9226,10,1,4.412623841,100,"BALDWIN PARK",0.941176471,53.14905383,91.66351368,87887248,29295749.33,66316,75905
"33","BARSTOW",193153.7232,-61.42185,889673.238,-307.10925,172943.9616,12,1,11.94360003,100,"BARSTOW",0.666666667,46.05296177,84.12788498,67996702,22665567.33,41909.5,31403
"36","BELMONT",151204.076,0,1625603.909,0,116113.2491,10,2,0,100,"BELMONT",0,8.604714339,10.00126119,83965540,27988513.33,143295,27359
"39","BENICIA",429169.7766,-2066.559693,4106471.234,-18644.2675,241293.6881,117,3,40.43137769,100,"BENICIA",0,14.40786172,23.50863917,116821349,38940449.67,104875,28681
"41","BERKELEY",836491.7125,-5193.810612,8176895.298,-58562.81101,557889.9229,387,3,2.462323583,100,"BERKELEY",0.027027027,13.75509976,21.83755833,579751618,193250539.3,93105,132996
"43","BEVERLY HILLS",415702.0474,-0.748306944,4735782.557,-3.74153472,408832.0557,35,1,0,100,"BEVERLY HILLS",0,15.71375653,27.05259175,624117511,208039170.3,129977,40656
"44","BISHOP",4205.905568,-30.41351598,58325.54957,-421.7606899,59918.96966,6,1,68.7418027,100,"BISHOP",0,11.68030389,16.67297263,19159702,6386567.333,66582,16336
"45","BLUE LAKE",26643.8683,-86.91884847,286190.8761,-627.3821124,13781.31939,118,2,0,100,"BLUE LAKE",0,13.78548588,21.90692395,1492422,497474,55000,3346
"46","BLYTHE",370829.52,0,5387171.49,0,91649.45262,13,1,86.41792656,100,"BLYTHE",0.166666667,32.63407868,64.22625804,18987392,6329130.667,45481.5,14924
"51","BREA",56907.36,0,187794.288,0,27135.70352,1,1,0,100,"BREA",0,23.80958589,47.13078572,138957376,46319125.33,92739,46522
"52","BRENTWOOD",213533.707,-158.9548716,2044249.342,-3062.027382,171549.1583,955,2,53.0099574,100,"BRENTWOOD",0,23.64439284,46.69567411,130696354,43565451.33,122573.5,78554
"55","BRISBANE",309040.373,-785.4254,2611663.198,-6367.17147,127604.295,58,1,30.84034941,100,"BRISBANE",0,36.76665277,71.38352882,48761941,16253980.33,113484,5051
"59","BUENA PARK",208320.37,1260.810956,2631190.709,20191.3018,125532.6164,34,1,49.39361945,100,"BUENA PARK",0.307692308,26.66791535,53.31063186,168369439,56123146.33,89351,80669
"60","BURLINGAME",1331067.259,-4042.582618,11938748.37,-39096.95758,537631.799,920,3,33.97203785,100,"BURLINGAME",0,8.766317428,10.36700719,204650697,68216899,129585,42760
"63","CALISTOGA",212789.1145,-701.4418588,2431401.356,-8366.32457,88825.42097,271,2,0,100,"CALISTOGA",0,10.98977817,15.38655568,36440152,12146717.33,85226,6684
"64","CAMARILLO",26280.54116,-16.47198611,140118.1598,-86.30800329,49969.76758,9,1,0,100,"CAMARILLO",0,14.92997166,24.94639929,118667215,39555738.33,105452,79627
"69","CAMPBELL",473185.0184,-1565.744691,4870550.994,-14969.16736,338893.2557,565,2,6.191652892,100,"CAMPBELL",0,13.65427689,21.63576744,120771924,40257308,130811.5,44176
"72","CAPITOLA",351178.63,-1655.80581,2633696.493,-11135.28068,154072.8939,26,1,28.99466604,100,"CAPITOLA",0,11.75383783,16.93782318,41633696,13877898.67,76519,11739
"76","CARPINTERIA",4805.7264,-2.867965041,28580.5967,-14.90647926,10809.52602,4,1,0,100,"CARPINTERIA",0,21.08537881,41.02661117,30597609,10199203,72540,13619
"77","CARSON",931403.6923,6040.052619,9843807.828,18058.36309,472207.048,109,2,35.83050645,100,"CARSON",0.777777778,46.60398634,84.84676504,208784719,69594906.33,79687.5,83730
"84","CERRITOS",8785.8,0,105429.6,0,2267.63522,3,1,100,100,"CERRITOS",0,25.35303137,50.48555934,158028704,52676234.67,106354,50143
"87","CHICO",1541790.982,-1720.531374,17508478.98,-17025.70832,1293355.724,4523,5,16.25304024,100,"CHICO",0.043478261,19.49668227,37.04124101,162340118,54113372.67,50488,109037
"88","CHOWCHILLA",461350.782,-390.2039991,5196954.48,-3879.267196,198932.8769,336,2,7.861166601,100,"CHOWCHILLA",0.666666667,45.63000063,83.78105688,19055065,6351688.333,73060,22300
"90","CLAREMONT",118775.8775,0,1425310.53,0,49810.31779,10,1,66.61051498,100,"CLAREMONT",0,26.7691881,53.38630344,71969579,23989859.67,91661,38213
"91","CLAYTON",56473.20302,-245.0983416,481983.4161,-1585.239708,33937.22711,74,2,0,100,"CLAYTON",0,4.600020856,2.944885862,14894867,4964955.667,139110.5,14078
"92","CLEARLAKE",381931.6878,-1718.902532,4219673.747,-18988.6816,224622.9936,57,2,6.061488819,100,"CLEARLAKE",0,25.69269569,51.12876781,20483995,6827998.333,29052,11491
"94","CLOVERDALE",255002.1183,-713.0857493,2911958.545,-7591.843272,115774.557,26,1,0,100,"CLOVERDALE",0,19.33756652,35.98814478,18179773,6059924.333,68313,10009
"95","CLOVIS",1719822.479,-1690.458306,17801171.81,-17907.76464,886236.7007,7733,3,11.05423329,100,"CLOVIS",0.142857143,20.94706762,40.5662757,172798267,57599422.33,93445,133683
"96","COALINGA",210288.777,-170.7930028,1913133.202,-1189.738454,54218.71551,591,2,0,100,"COALINGA",0,31.83770714,62.83263968,13146859,4382286.333,52173,18095
"98","COLFAX",7543,-20.87,86808.5,-194.809,2838.185382,30,2,0,100,"COLFAX",0,8.659617039,10.13999243,6124843,2041614.333,69591,7188
"100","COLUSA",1902.15,-20.637,19782.36,-214.6248,1631.909785,2,1,0,100,"COLUSA",0,31.15810985,61.62820028,9855638,3285212.667,53136.5,7592
"101","CONCORD",1030959.021,-4054.885651,8820023.589,-38254.91861,594691.2615,712,1,15.16682778,100,"CONCORD",0,17.49302508,31.68747635,289984000,96661333.33,87806,151412
"103","CORCORAN",66692,0,800304,0,4473.78769,345,1,0,100,"CORCORAN",0.4,38.04198054,73.11766932,14901061,4967020.333,36456,23331
"104","CORNING",115242.68,0,1382912.16,0,15793.3863,443,2,0,100,"CORNING",0,31.20632577,61.63450624,17477041,5825680.333,46739,17805
"105","CORONA",2495850.081,-7.18221504,29892458.8,-35.9110752,1071545.117,413,1,0,100,"CORONA",0.175,27.60013403,55.11413797,303874260,101291420,92458.5,249129
"107","CORTE MADERA",61005.82086,-327.5011297,686255.3857,-3516.487311,39199.55583,59,3,50.51509619,100,"CORTE MADERA",0,8.21100984,9.049060411,62244928,20748309.33,146381.5,11867
"108","COSTA MESA",275678.9738,-33.00275053,3041041.323,-217.6606131,148945.5584,80,1,52.66421996,100,"COSTA MESA",0.086956522,20.68295295,40.06810443,355838412,118612804,86884,111330
"109","COTATI",271937.381,-1462.216178,2973171.66,-14905.48583,109152.812,403,2,0,100,"COTATI",0,17.48975058,31.65594653,20660193,6886731,72985,14516
"113","CULVER CITY",432360.5808,-220.476172,3299000.621,-1243.737263,740226.9071,38,1,42.58739523,100,"CULVER CITY",0,30.83203933,61.01652163,271554477,90518159,85544.5,41077
"114","CUPERTINO",484013.78,-925.5338478,3682651.993,-6865.912139,247370.6091,372,2,3.752406839,100,"CUPERTINO",0,10.75461157,14.69920545,196447606,65482535.33,170610,61929
"116","DALY CITY",716892.7038,-3760.39246,7729328.143,-38558.51471,524365.7901,1368,2,66.72300116,100,"DALY CITY",0,21.23519022,41.32299155,200748571,66916190.33,97461.5,114485
"117","DANVILLE",222325.9862,-287.87186,2063115.223,-2698.460191,113364.0322,509,3,0,100,"DANVILLE",0,3.239307706,1.166603607,72565325,24188441.67,169094.5,49140
"118","DAVIS",351784.3874,-353.21354,4043706.655,-3887.77068,189874.1432,54,3,10.68853244,100,"DAVIS",0,12.56234193,19.13229916,158861658,52953886,70469,71684
"123","DINUBA",190540,0,2286480,0,127050.2436,1203,1,18.83783576,100,"DINUBA",0.8,48.30342822,87.03493505,50721038,16907012.67,54744,32347
"125","DIXON",587500.8375,-1336.478518,6423303.008,-8843.383649,333415.9587,1093,4,0,100,"DIXON",0,23.14191445,45.46601085,55726851,18575617,87639,27647
"126","DOS PALOS",121536.86,-294.8703,1543559.52,-4717.9248,231156.5394,630,3,88.64074857,100,"DOS PALOS",1,51.84016295,90.50952201,4536757,1512252.333,40040.5,9043
"127","DOWNEY",1639051.641,-31.91832799,12896970.63,-159.5916399,748363.9731,95,1,34.93263971,100,"DOWNEY",0.272727273,34.45541725,67.43599445,220835936,73611978.67,74231,112322
"129","DUBLIN",282452.393,-438.0994,3127916,-5831.8052,208330.7862,299,2,12.64694717,100,"DUBLIN",0,12.98059678,19.97729852,283718026,94572675.33,124338,37942
"132","EL CERRITO",401832.2498,-700.49489,4427479.634,-9872.382056,183162.5768,1346,1,0,100,"EL CERRITO",0,11.36615592,15.90364485,68530224,22843408,107813,30762
"134","EL MONTE",119920.023,-178.2217452,696330.7165,-1035.637514,121529.5452,40,1,0,100,"EL MONTE",1,53.57521225,92.0797074,219130286,73043428.67,52436,98427
"136","EL SEGUNDO",17577.90317,-11.78931781,87889.51584,-58.94658907,48444.04815,4,1,0,100,"EL SEGUNDO",0.166666667,15.56612256,26.56703241,194778081,64926027,109929,16731
"140","EMERYVILLE",349156.8492,-843.37108,3993190.082,-11097.96613,230760.6884,799,2,3.638275216,100,"EMERYVILLE",0.4,35.68323888,69.58632867,134910892,44970297.33,79679,37271
"141","ESCALON",24555.36,-46.56,308104.32,-744.96,13850.46844,3,1,0,100,"ESCALON",0.5,35.97940652,69.37192584,10279976,3426658.667,69036,13379
"143","EUREKA",1900805.269,-20811.01453,16315822.29,-171177.843,1633526.741,2795,3,3.504065616,100,"EUREKA",0,15.29409632,25.91751797,78488452,26162817.33,52197.5,49398
"144","FAIRFAX",193260.2195,-1062.445234,2300939.844,-12233.14969,156145.0299,791,2,77.05296066,100,"FAIRFAX",0,3.849072866,1.715222601,27889662,9296554,111060,9682
"145","FAIRFIELD",3668954.351,-17040.58138,34711597.87,-161494.1504,1821874.727,924,4,3.531775802,100,"FAIRFIELD",0,24.52497301,48.83970236,304222431,101407477,80596.5,119471
"146","FARMERSVILLE",12855.74783,-44.58975598,64278.73914,-222.9487799,47170.41483,2,1,0,100,"FARMERSVILLE",1,39.89905213,75.83554042,14207660,4735886.667,32096,5422
"149","FERNDALE",74572.78666,-806.1769729,708050.6763,-6298.541724,55313.63738,164,2,0,100,"FERNDALE",0,16.03575081,27.83453147,2294478,764826,50896,3309
"152","FILLMORE",15749.35488,-23.41860595,78746.7744,-117.0930298,35027.85199,1,1,0,100,"FILLMORE",0,30.02519964,59.57245554,18597707,6199235.667,75633.5,19999
"154","FIREBAUGH",119501.4072,-13.814536,1431579.552,-148.999632,51464.879,212,2,0,100,"FIREBAUGH",1,41.5319313,78.21919536,10261058,3420352.667,50556,11116
"156","FOLSOM",43074,0,516888,0,20014.58192,191,2,0,100,"FOLSOM",0,5.69767681,4.086265607,223853178,74617726,115527.5,78159
"161","FORT BRAGG",69661.43152,-447.8326168,550452.0508,-4077.285395,53340.16677,15,1,0,100,"FORT BRAGG",0,21.19126697,41.30407365,20389620,6796540,49522,12078
"162","FORTUNA",289304.9109,1005.113956,3099440.798,47008.90693,358065.1024,158,1,10.26415064,100,"FORTUNA",0,23.52426979,45.92004036,17571716,5857238.667,48872.5,9342
"164","FOUNTAIN VALLEY",26201.5625,0,314418.75,0,9423.693049,7,1,0,100,"FOUNTAIN VALLEY",0,23.45967089,46.43712952,137721744,45907248,93454,53847
"165","FOWLER",84149.10123,-193.2520001,848921.2216,-1729.784911,51443.67221,19,1,70.70799134,100,"FOWLER",1,51.32610886,90.2005297,13479812,4493270.667,47406,5177
"167","FREMONT",4189145.551,-6263.748834,48321489.99,-64324.23965,2351006.555,14231,3,59.06329147,100,"FREMONT",0,16.55727479,29.20923193,705689160,235229720,135033.5,227727
"169","FRESNO",5874454.692,-8106.654179,60333431.44,-90623.34045,3002237.46,684,5,7.372681682,100,"FRESNO",0.664,46.16995249,84.44948922,849627432,283209144,43839,591168
"171","FULLERTON",1050721.55,0,11475321.45,0,530717.7888,90,1,19.2749145,100,"FULLERTON",0.2,27.11149758,54.1241014,230208631,76736210.33,84479,155957
"175","GARDENA",13146.65352,-7.559325773,65733.2676,-37.79662887,42208.28104,8,1,0,100,"GARDENA",0.8,56.29544214,94.20481776,142671233,47557077.67,56535,79331
"178","GILROY",2779159.006,-7600.82463,24477914.34,-62444.04319,1773220.929,95,3,6.823748777,100,"GILROY",0.2,27.45469124,54.59704881,132694169,44231389.67,96547.5,62228
"181","GOLETA",60493.62236,-40.57626606,303241.4025,-203.4267038,136099.8914,19,1,0,100,"GOLETA",0,7.729470845,7.781561357,79722144,26574048,96250,56967
"182","GONZALES",102710.78,-4.212,1230176.4,-37.0656,15273.97739,361,2,0,100,"GONZALES",0,26.19232829,52.2260058,13714502,4571500.667,54205,5469
"184","GRASS VALLEY",735915.6256,-2095.30744,8273818.689,-21246.03184,504653.9775,204,4,70.46580579,100,"GRASS VALLEY",0,11.87112952,17.46752428,43207378,14402459.33,76103.5,47806
"187","GREENFIELD",382413.8566,-1301.2182,3632486.892,-9818.548254,160964.8627,541,2,4.639718211,100,"GREENFIELD",0,22.19617776,43.39765418,21125795,7041931.667,63827,18424
"189","GROVER BEACH",178879.2887,-1107.853238,1576795.997,-9370.14226,101869.0331,126,2,0,100,"GROVER BEACH",0,14.68362273,24.3977803,26760953,8920317.667,64127.5,13535
"193","GUSTINE",149519.2052,-476.90904,1922549.342,-7585.30848,88486.65877,285,2,0,100,"GUSTINE",1,52.1336534,90.8941859,6580991,2193663.667,60521,8712
"195","HALF MOON BAY",55886.776,-129.574,543599.9815,-853.30677,16365.99126,172,1,64.94881558,100,"HALF MOON BAY",0,16.17893726,28.50926977,46348862,15449620.67,145873,11860
"196","HANFORD",115711.1587,-400.2114393,751473.5889,-2454.405255,345368.002,97,3,0,100,"HANFORD",0.384615385,38.95330355,74.34733258,83416244,27805414.67,55670,72726
"197","HAWTHORNE",114878.4755,-40.38381141,745323.8479,-233.498679,300698.0243,9,1,0,100,"HAWTHORNE",0.75,45.94890733,84.10266112,197009382,65669794,52779.5,104391
"198","HAYWARD",2427577.601,-18831.4508,25223738,-198652.4869,1694410.478,1665,3,9.348900499,100,"HAYWARD",0.055555556,29.52929838,58.60133686,467224536,155741512,81092.5,176116
"199","HEALDSBURG",161079.4703,-1275.20623,1668600.823,-13133.76805,50696.12958,19,1,0,100,"HEALDSBURG",0,19.08242897,35.99445075,47630835,15876945,96324,19524
"201","HEMET",54444.55183,-52.88740582,548428.4836,-537.0820412,25563.48474,25,1,0,100,"HEMET",0.12,31.21898147,61.6597301,125934873,41978291,41531,116515
"202","HERCULES",257024.3127,-1600.40514,2549406.784,-16963.74376,165130.0705,51,1,0,100,"HERCULES",0,18.35257239,34.15310884,35619267,11873089,122232,22381
"203","HERMOSA BEACH",298583.4347,-21.50120999,3645690.343,-107.4604219,539726.5329,48,1,80.89578061,100,"HERMOSA BEACH",0,5.840042359,4.363728087,85675375,28558458.33,136285,19539
"204","HESPERIA",17875.58119,-39.547746,89377.90596,-197.73873,60882.01474,4,1,0,100,"HESPERIA",0.066666667,27.63356546,55.13936184,94458935,31486311.67,52117,102311
"205","HOLLISTER",1595535.862,-4590.27908,15481088.61,-39634.18966,931755.0827,2295,3,32.29871493,100,"HOLLISTER",0,31.87908733,62.92092319,69688403,23229467.67,91935,51064
"208","HUNTINGTON BEACH",1958349.548,-117.9612469,22335989.94,-633.1012344,1225646.017,79,1,0,100,"HUNTINGTON BEACH",0.023809524,12.47967905,18.9052844,484982227,161660742.3,98057.5,197574
"209","HUNTINGTON PARK",51889.14,1383.84,155667.42,4151.52,11283.95641,3,1,0,100,"HUNTINGTON PARK",0.954545455,51.97558718,90.7302308,89389533,29796511,45434,74249
"210","HURON",4217.2,-0.062,18516.996,-0.1674,2127.67932,5,1,0,100,"HURON",0.5,40.01658418,75.84184639,5279306,1759768.667,33216.5,8085
"212","INDIAN WELLS",7804.710144,-1.313475609,39023.55072,-6.567378048,100168.5954,7,1,0,100,"INDIAN WELLS",0,7.929509021,9.553537647,61437788,20479262.67,92366,3942
"213","INGLEWOOD",181450.2597,-29.11661983,2215377.899,-145.5830992,638693.0973,36,1,0,100,"INGLEWOOD",0.65625,44.59060297,82.34960272,349011310,116337103.3,53807.5,131234
"215","IONE",117771.4356,-895.24715,1283081.747,-9527.0478,89756.47295,19,1,0,100,"IONE",0,27.92602584,55.72581662,6978794,2326264.667,66348,10220
"216","IRVINE",487780.126,0,5940373.512,0,402596.0347,212,2,0,100,"IRVINE",0.029411765,15.57282033,26.67423383,630558569,210186189.7,108943,261711
"218","ISLETON",346697.3927,-626.9523308,3919739.698,-5757.084364,136127.0945,105,2,0,100,"ISLETON",0,31.01731621,61.30659604,2432600,810866.6667,40395,1514
"219","JACKSON",243215.507,-1591.28847,2726310.231,-17320.95015,210977.5483,49,2,0,100,"JACKSON",0,23.25754909,45.75608526,8889475,2963158.333,65244,3152
"226","KERMAN",91387.226,-438.4197,1126471.07,-5776.3872,27449.4541,243,2,0,100,"KERMAN",1,46.04383315,84.31075798,15764892,5254964,61776,22144
"227","KING CITY",1145487.874,-3188.52106,9154528.001,-24181.36943,594362.9807,616,3,41.57210813,100,"KING CITY",0,26.32434278,52.51608021,19869920,6623306.667,48178,13528
"228","KINGSBURG",102094.965,-74.34,1177214.789,-731.59758,17583.56896,443,2,0,100,"KINGSBURG",0.666666667,43.17727738,80.35061168,17653091,5884363.667,62808,16545
"232","LA HABRA",8207.1,57.6,131313.6,921.6,88671.79892,1,1,0,100,"LA HABRA",0.384615385,36.47332135,70.74032034,110309736,36769912,74688,64062
"233","LA PALMA",258769.5959,-6.625837662,3024572.78,-33.12918832,208343.2201,7,1,0,100,"LA PALMA",0,17.28866177,31.05057384,30352410,10117470,111169,14476
"235","LAFAYETTE",58446.034,-317.85528,501580.8887,-3377.677932,50161.69414,96,1,47.78192686,100,"LAFAYETTE",0,3.73649517,1.614327153,46623270,15541090,188247,29449
"237","LAKE ELSINORE",22505.59987,-19.59539299,112527.9994,-97.97696496,129450.9237,9,1,0,100,"LAKE ELSINORE",0.181818182,26.75061734,53.4493631,80070282,26690094,57461,76453
"240","LAKEPORT",332640.5222,-1010.509414,3588125.833,-9337.386038,276142.0942,60,2,7.2618017,100,"LAKEPORT",0,21.67953533,42.41392357,14063969,4687989.667,48806,16029
"241","LAKEWOOD",447427.3465,-20.94211757,4993115.636,-111.684916,289293.5491,94,1,54.19585152,100,"LAKEWOOD",0.111111111,21.44325621,41.71396141,110917660,36972553.33,93614,83312
"243","LANCASTER",178206.48,1314,786312.36,3942,59681.73291,4,1,0,100,"LANCASTER",0.026315789,22.26934969,43.61205701,229597335,76532445,55375.5,183225
"244","LARKSPUR",188624.0022,-1839.520709,1613661.008,-15151.57523,96243.40748,57,2,0,100,"LARKSPUR",0,5.406254566,3.707907681,55367046,18455682,122685,5857
"245","LATHROP",162052.134,-103.5321,1210631.555,-1068.462,83907.66444,66,2,49.71023494,100,"LATHROP",1,55.70890235,93.66881069,79758865,26586288.33,87149,28172
"247","LAWNDALE",38370.91306,-2.867017507,440887.2653,-23.15508754,25762.23824,6,2,0,100,"LAWNDALE",0.5,40.44706166,76.54811452,41197250,13732416.67,60346,32819
"250","LEMOORE",71359,0,856308,0,4635.430723,354,1,0,100,"LEMOORE",0.333333333,35.12702237,68.56476227,22979971,7659990.333,58399,37546
"251","LINCOLN",179791.3662,-182.15054,2146965.783,-2063.300616,125289.3135,612,1,90.96556214,100,"LINCOLN",0,8.719105001,10.30394753,54217702,18072567.33,87333,52810
"253","LINDSAY",12880.35697,-44.67511202,64401.78486,-223.3755601,258237.2456,7,1,0,100,"LINDSAY",0.25,37.91341115,73.01677387,16787161,5595720.333,33603,18018
"255","LIVE OAK",88710,0,1064520,0,5601.785611,424,1,0,100,"LIVE OAK",0,27.45531705,54.73578005,8051602,2683867.333,59359,14220
"256","LIVERMORE",311823.9396,-1041.774096,2643530.093,-7739.035577,158903.0106,64,3,0.084509965,100,"LIVERMORE",0,15.98359668,27.6831883,278185345,92728448.33,128963,99939
"257","LIVINGSTON",108230.7,0,1295301.6,0,106110.943,355,3,73.3349402,100,"LIVINGSTON",1,44.4721416,82.21717745,15642992,5214330.667,55500,18171
"260","LOMPOC",53462.99,-363.06,411121.6962,-1884.1419,16381.08075,78,2,0,100,"LOMPOC",0,19.93016348,38.15109093,54639791,18213263.67,66845,60288
"261","LONG BEACH",6799532.551,1307.656852,78451118.92,22194.60061,3395863.24,1029,2,90.30723317,100,"LONG BEACH",0.522123894,42.91527661,80.0542313,1371076040,457025346.7,60616,476520
"262","LOOMIS",160948.9534,-966.04169,1764892.155,-10082.30878,140994.0352,69,2,94.81073961,100,"LOOMIS",0,9.428444747,11.6975659,13260857,4420285.667,104185,16427
"263","LOS ALTOS",157297.923,-1101.591,1117584.494,-9577.093951,87197.97714,9,1,53.53166393,100,"LOS ALTOS",0,3.857075602,1.727834531,103229406,34409802,215250,47624
"265","LOS ANGELES",494326.1941,0,4065967.904,0,6726397.771,402,26,0,3.528955584,"LOS ANGELES",0.607594937,44.87034626,82.63967713,14545311557,4848437186,48767,2484718
"266","LOS BANOS",429352.3887,-914.1484504,4843347.963,-12041.15248,310585.4039,31,2,0,100,"LOS BANOS",0.8,50.5343926,89.36814226,57896757,19298919,55719,43374
"267","LOS GATOS",691857.232,-963.055,6986038.939,-5364.53305,456849.4593,1385,1,52.8325748,100,"LOS GATOS",0,4.910105889,3.064699205,92527652,30842550.67,167875,49210
"274","LYNWOOD",116518.2067,79.31069832,1347828.029,1565.976715,143098.657,35,1,0,100,"LYNWOOD",1,52.07462884,90.83112625,98449996,32816665.33,57386,69438
"275","MADERA",867068.299,-1588.351122,8585429.008,-18685.97107,398457.6617,582,3,7.312178346,100,"MADERA",0.615384615,41.83546782,78.55971749,80065732,26688577.33,59471,103572
"277","MALIBU",2328.453588,-1.567583672,12839.64619,-8.682385124,4738.883101,3,1,0,100,"MALIBU",0,9.403512032,11.80476731,77629687,25876562.33,149026,19438
"278","MAMMOTH LAKES",13518.31563,-90.99762022,109052.2282,-706.4425011,108541.127,10,1,11.12474819,100,"MAMMOTH LAKES",0,13.87639293,22.15916257,104057653,34685884.33,59620,8169
"280","MANHATTAN BEACH",140296.29,-53.98662046,1176459.21,-304.6850477,270876.3104,20,1,0,100,"MANHATTAN BEACH",0,5.222041746,3.506116786,154644150,51548050,169612.5,35500
"282","MANTECA",791377.1092,-1285.74724,8440020.027,-14444.98636,570691.2741,524,3,24.14685131,100,"MANTECA",0.666666667,42.37085523,79.39210493,143409231,47803077,69864,83541
"283","MARINA",734968.523,-963.2276919,5506521.941,-5298.90026,252613.0034,919,2,61.81792689,100,"MARINA",0.25,25.62534021,51.14137975,56765434,18921811.33,70964,16685
"286","MARTINEZ",326540.3878,-1075.208541,3543156.058,-10872.04956,173611.099,2616,3,5.924126492,100,"MARTINEZ",0.076923077,21.22699241,41.46802876,85135534,28378511.33,98365,58611
"287","MARYSVILLE",258347.6692,-515.2742886,2921906.632,-6197.889163,145144.105,500,3,0,100,"MARYSVILLE",0.25,33.60955921,66.06759995,21311139,7103713,49710,39064
"292","MENDOTA",130766.92,0,1516805.04,0,51180.73243,516,1,94.92130988,100,"MENDOTA",1,55.87689267,93.77601211,9142290,3047430,32046,13415
"293","MENIFEE",1654.82352,-1.44083772,8274.1176,-7.2041886,9569.45485,3,1,0,100,"MENIFEE",0,20.64148565,39.90414933,116314465,38771488.33,95166,55591
"294","MENLO PARK",195086.264,-706.069,1920789.114,-4786.60818,94314.98137,231,2,7.203802711,100,"MENLO PARK",0,5.861988931,4.464623534,157347711,52449237,147162.5,42424
"295","MERCED",1331550.735,-1871.761417,15257277.96,-20820.2358,1552912.352,4345,3,60.49823052,100,"MERCED",0.761904762,46.76364114,85.15575735,120579712,40193237.33,42193,110611
"297","MILL VALLEY",351116.7571,-2175.23258,3482772.444,-22285.33296,201556.053,167,2,0,100,"MILL VALLEY",0,4.637075251,2.661117417,88223199,29407733,158869,31047
"298","MILLBRAE",8982.12,-11.2896,105890.4,-124.608,26742.92712,7,1,0,100,"MILLBRAE",0,12.98782757,20.0908059,75050748,25016916,130798.5,22625
"299","MILPITAS",2343139.462,-6695.181843,15066546.47,-49402.20749,1064828.887,83,2,47.45336157,100,"MILPITAS",0,20.66567226,40.01135074,328947490,109649163.3,124015,78528
"302","MONTEBELLO",53804.32346,-80.02007719,329090.9965,-489.6076405,335482.7282,56,1,74.23650551,100,"MONTEBELLO",0.8,42.13513768,78.96329928,140473768,46824589.33,58203,65023
"303","MONTEREY",973838.92,-2409.5287,7086204.655,-21508.6178,549308.5618,220,2,18.28208108,100,"MONTEREY",0,5.968952639,4.615966705,205769057,68589685.67,79146,28916
"304","MONTEREY PARK",32555.95812,-48.40929425,162779.7906,-242.0464712,73514.00613,7,1,0,100,"MONTEREY PARK",0.066666667,31.14311299,61.52099886,123277197,41092399,63563,62542
"306","MOORPARK",4046.70924,-6.017280696,20233.5462,-30.08640348,9000.211968,1,1,0,100,"MOORPARK",0,16.44043493,28.93807542,49128477,16376159,126733,38234
"307","MORAGA",22382.79977,-289.7629,307075.0052,-3888.352,17839.43471,12,1,0,100,"MORAGA",0,1.726916229,0.201790894,25515269,8505089.667,186652,15733
"308","MORENO VALLEY",47477.53123,-31.52232745,332092.8562,-157.6116373,68558.59847,13,2,0,100,"MORENO VALLEY",0.511627907,39.37834499,75.02837684,278525697,92841899,67747,204601
"309","MORGAN HILL",1445791.288,-1764.236391,13295818.64,-13876.6593,971916.5408,52,1,13.65113081,100,"MORGAN HILL",0.090909091,18.05340463,33.33333333,110981465,36993821.67,115664,51712
"310","MORRO BAY",465176.9253,-1659.949187,4830809.923,-17178.07026,231818.5859,530,2,0,100,"MORRO BAY",0,11.8406507,17.21528566,37129331,12376443.67,64250,10655
"312","MOUNTAIN VIEW",811027.532,-1709.84387,7155714.89,-16030.68257,443197.0993,468,2,9.432161936,100,"MOUNTAIN VIEW",0,17.2260796,30.89292471,389768619,129922873,134183,74507
"314","MURRIETA",221668.117,-35.14043106,2377502.255,-175.7021553,327685.5253,92,1,27.63452801,100,"MURRIETA",0,19.8981073,38.06280742,162953475,54317825,94861,127318
"316","NAPA",972141.7083,-3016.64068,10111662.98,-27128.99638,541770.2781,522,4,9.113311685,100,"NAPA",0,16.76931948,29.78938075,234557175,78185725,86918.5,103365
"317","NEVADA CITY",34217.6624,-185.72928,257741.2788,-1346.634735,38106.14484,22,1,0,100,"NEVADA CITY",0,17.61938678,32.03430445,13977891,4659297,75250,19638
"318","NEWARK",164866.0463,-621.53245,1559238.279,-9861.468676,133699.783,203,1,18.00797707,100,"NEWARK",0.111111111,22.84091432,44.75974272,159247528,53082509.33,121156,55184
"321","NEWMAN",90273.05,0,1078940.4,0,22324.45608,152,2,0,100,"NEWMAN",0.5,41.74518459,78.37053853,8865452,2955150.667,57646.5,13682
"322","NEWPORT BEACH",1053221.132,-2.121090653,12616515.72,-10.60545326,531492.1605,233,1,97.31939457,100,"NEWPORT BEACH",0,11.32833489,15.76491361,522199250,174066416.7,120057,71747
"327","NORWALK",90084.23021,-11.0250992,973410.4598,-70.43101639,126855.2876,14,1,68.13909342,100,"NORWALK",0.857142857,44.74812117,82.49463993,136917106,45639035.33,71875,105858
"328","NOVATO",570361.8468,-4369.239403,4316945.221,-31276.50648,373166.031,787,3,5.539881044,100,"NOVATO",0,9.770942404,12.57409509,103147717,34382572.33,117007,63616
"330","OAKDALE",166623.906,-797.7113,2062230.151,-11261.885,224515.898,232,2,47.76355355,100,"OAKDALE",0.25,37.32636064,72.02043133,37414843,12471614.33,68176,28121
"332","OAKLAND",2084728.984,-11437.70305,18818659.84,-107070.1363,1364188.926,1316,3,5.288435814,100,"OAKLAND",0.231481482,26.65578267,53.285408,2264363902,754787967.3,68606,407922
"333","OAKLEY",75274.128,-32.2584,307389.764,-275.9868,24443.48136,24,1,87.54224444,100,"OAKLEY",0.166666667,31.87043889,62.8641695,50377267,16792422.33,91257.5,43415
"336","OJAI",2260.32408,-3.361003632,11301.6204,-16.80501816,5027.145424,2,1,0,100,"OJAI",0,11.66881848,16.91890528,24871173,8290391,77596.5,16740
"338","ORANGE",924385.77,-14.30408635,10948084.26,-87.92010708,525621.0164,330,1,91.73783677,100,"ORANGE",0.038461538,25.62992361,51.0404843,304186913,101395637.7,88268,143399
"339","ORANGE COVE",81400.5317,-4.815811091,826659.1185,-24.07905546,17670.79732,282,2,0,100,"ORANGE COVE",1,45.71140713,83.77475091,6439408,2146469.333,28125.5,7179
"343","ORINDA",81063.058,-443.85936,540442.1574,-2805.222233,44397.59025,60,1,71.70677214,100,"ORINDA",0,2.701502495,0.731491991,44863212,14954404,224318,20468
"344","ORLAND",116257.3726,-17.2809,1395088.471,-207.3708,51290.59581,7,2,0,100,"ORLAND",0,23.61414386,46.63892042,13178976,4392992,49952,17308
"346","OROVILLE",166775.513,-441.69653,1962276.646,-6483.27996,252423.5559,374,4,21.98726942,100,"OROVILLE",0.071428571,23.92517862,47.41455417,39649481,13216493.67,42954,56228
"347","OXNARD",78918.13709,-52.92957815,394590.6854,-264.6478908,381382.8707,16,1,0,100,"OXNARD",0.153846154,23.73596972,46.96683062,381462311,127154103.7,69703,220161
"349","PACIFIC GROVE",385017.3605,-3034.80314,3121277.976,-23499.1877,226263.207,76,2,38.46174573,100,"PACIFIC GROVE",0,3.212025046,1.13507378,63178440,21059480,85889.5,15522
"350","PACIFICA",557137.0684,-5036.41715,4769443.977,-42220.59737,240841.8001,47,2,6.237806581,100,"PACIFICA",0,9.971508641,13.2109976,79983029,26661009.67,125082,38984
"355","PARADISE",59555.721,-272.5679998,644014.2085,-2631.770529,62029.46291,108,2,19.12549927,100,"PARADISE",0,18.12879274,33.53512423,39461656,13153885.33,53125,20696
"356","PARLIER",264534.399,-704.762999,2881507.502,-6786.580045,95709.06837,397,2,0,100,"PARLIER",1,68.97849209,99.11716484,10535639,3511879.667,36395,9242
"362","PETALUMA",2810015.002,-7295.021819,30969222.85,-75603.92865,1236508.12,3986,4,2.942062107,100,"PETALUMA",0,17.08248229,30.55870854,118435446,39478482,90556,79601
"368","PINOLE",218572.8915,-1089.17351,2585512.704,-14385.65156,116373.6056,533,3,0,100,"PINOLE",0,24.24420848,48.27847143,53486686,17828895.33,91866,17262
"370","PISMO BEACH",362797.0479,-1754.33743,4040545.299,-16665.95155,169250.7911,656,2,0,100,"PISMO BEACH",0,7.939373971,8.273426662,63036643,21012214.33,84782,8161
"371","PITTSBURG",1527778.762,-841.8202984,11691561.93,-7013.946828,772467.7257,167,1,85.68919813,100,"PITTSBURG",0.571428571,41.25075262,77.76516585,92988794,30996264.67,62414.5,78759
"372","PLACENTIA",12350.21725,-9.667683918,126525.6462,-95.02977959,7081.374945,13,1,0,100,"PLACENTIA",0.166666667,21.4392046,41.56261824,86022022,28674007.33,97163.5,56135
"373","PLACERVILLE",243098.7505,-1041.357716,2733856.98,-11546.07136,181428.2371,35,1,2.421010491,100,"PLACERVILLE",0,15.30033453,25.92382394,28480303,9493434.333,66163.5,39151
"376","PLEASANT HILL",296109.3245,-1240.97846,2643449.374,-12648.15394,186954.1767,387,1,5.791244755,100,"PLEASANT HILL",0,8.914923559,10.66969353,76834417,25611472.33,127916.5,32996
"377","PLEASANTON",139288.1802,-296.0055378,1496798.518,-4312.693382,143059.0188,345,4,8.827637862,100,"PLEASANTON",0,14.35004864,23.28162442,331465720,110488573.3,159412,93374
"378","PLYMOUTH",67219.74896,-649.1142399,709873.2289,-6790.459944,60011.40058,8,1,0,100,"PLYMOUTH",0,25.31138812,50.40988775,3299488,1099829.333,79375,5105
"379","POINT ARENA",34590.42446,-213.85213,344444.2429,-2069.774256,18564.46866,15,1,0,100,"POINT ARENA",0,13.90902337,22.20961029,1126945,375648.3333,57558,4188
"382","POMONA",642929.2,0,7715150.4,0,437328.2935,16,1,100,100,"POMONA",0.774193548,52.26491988,90.99508135,258915743,86305247.67,57650,152251
"383","PORT HUENEME",8145.409104,-5.463041623,40727.04552,-27.31520812,17986.79735,4,1,0,100,"PORT HUENEME",0,28.7165969,57.27077816,28934474,9644824.667,64439,19861
"387","RANCHO MIRAGE",522163.0329,-7.199082971,5986181.849,-39.30498678,162492.741,17,1,62.88055484,100,"RANCHO MIRAGE",0,8.91900947,10.70752932,75260542,25086847.33,82097,17140
"388","RANCHO PALOS VERDES",40073.5237,-41.32324922,354917.1185,-206.6162461,103230.3292,8,1,0,100,"RANCHO PALOS VERDES",0,5.618139311,3.972758229,89577373,29859124.33,143721,44864
"389","RED BLUFF",1138255.561,-2187.445286,13475583.83,-25650.92502,540779.8048,502,3,16.0224935,100,"RED BLUFF",0,25.68313517,51.08462606,28947329,9649109.667,40948.5,34100
"391","REDDING",15178.785,-62.37676,99482.29425,-384.5253,15690.88625,4,1,0,100,"REDDING",0,13.84379856,22.03304326,160494100,53498033.33,59235,109737
"392","REDONDO BEACH",128353.8777,-0.04932769,590457.2566,-0.246638448,82175.29285,10,1,0,100,"REDONDO BEACH",0,12.30210647,18.3945012,197197476,65732492,111585.5,72275
"394","REDWOOD CITY",613922.9824,-1408.16541,6058687.081,-13959.43061,363160.6742,646,3,3.795860899,100,"REDWOOD CITY",0.041666667,14.00365536,22.6636398,334832466,111610822,132742,121495
"396","REEDLEY",316862.4178,-858.1050022,3349245.616,-8849.83918,112370.0526,876,2,17.3264174,100,"REEDLEY",0.857142857,47.79340498,86.54306974,23335581,7778527,44375,40225
"397","RICHMOND",2209539.833,-11929.83564,22486985.92,-126294.3248,1633195.497,2597,2,11.43691966,100,"RICHMOND",0.5,38.48676688,73.34468407,518244183,172748061,58935.5,88242
"400","RIO VISTA",1112211.88,-4065.706458,11231222.27,-36585.28222,555614.1393,401,3,13.81066724,100,"RIO VISTA",0,38.66444693,74.00681044,15552814,5184271.333,68284,10676
"401","RIPON",86051.1,-263.8497,727289.04,-4221.5952,76590.1109,4,1,0,100,"RIPON",0,29.07020827,57.87615084,23370019,7790006.333,83600,17867
"402","RIVERBANK",193445.037,-476.549,2405110.881,-5999.5056,79430.71915,348,2,0,100,"RIVERBANK",1,48.90525945,87.57724808,22223025,7407675,58165.5,16110
"404","ROCKLIN",674270.4625,-480.1561525,7873505.584,-4526.936765,296237.1909,1024,4,2.565886655,100,"ROCKLIN",0,7.616903506,7.579770463,123847771,41282590.33,94821,63112
"406","ROHNERT PARK",796559.6046,-3060.128286,8999738.482,-33648.0417,421318.1182,1889,1,23.16492731,100,"ROHNERT PARK",0,12.93589326,19.86379115,88150550,29383516.67,65119,38042
"409","ROSEMEAD",32452.24488,-78.08581787,164129.8137,-396.3553451,3965875.058,58,25,0,40.41842836,"ROSEMEAD",0.5,39.64140399,75.46348846,59057151,19685717,61046,61315
"410","ROSEVILLE",2610,0,31320,0,130.066063,9,1,0,100,"ROSEVILLE",0,13.03738161,20.17908942,319452085,106484028.3,88314.5,142410
"412","SACRAMENTO",29903,0,358836,0,16421.66873,162,2,0.907177984,100,"SACRAMENTO",0.238636364,29.2166479,58.0653298,1263401000,421133666.7,57258.5,821850
"414","SALINAS",5466769.433,-30800.98008,48946286.94,-249406.9386,3053607.515,726,3,19.25831466,100,"SALINAS",0.05,26.33470027,52.553916,389086044,129695348,71607,199851
"416","SAN ANSELMO",263893.8812,-861.9945089,2758645.632,-5929.989571,229761.9531,140,1,0,100,"SAN ANSELMO",0,3.973132251,1.879177702,52211107,17403702.33,142072.5,17184
"418","SAN BERNARDINO",223875.54,0,1740303.45,0,90805.97867,2,2,0,100,"SAN BERNARDINO",0.725490196,46.91061761,85.35754824,335935687,111978562.3,47970.5,278008
"419","SAN BRUNO",132328.8681,-79.70582,1181047.529,-635.7174854,119661.5405,232,1,0,100,"SAN BRUNO",0.111111111,15.97754578,27.67057637,98367969,32789323,122308,43101
"420","SAN CARLOS",863095.4914,-1899.4545,6116929.749,-12843.3915,402278.1941,43,2,16.26497369,100,"SAN CARLOS",0,7.880444239,8.172531215,114221909,38073969.67,189914,32112
"421","SAN DIEGO",0,0,0,0,20892804.11,104,8,0,0,"SAN DIEGO",0.095785441,17.1951482,30.82355909,4139432802,1379810934,77448,1335542
"422","SAN FRANCISCO",13683306.83,-49845.39895,126340607.2,-502719.15,33332781.1,2566,10,1.7252794,41.9634864,"SAN FRANCISCO",0.06122449,14.76133906,24.53651154,13200899836,4400299945,115882.5,874961
"423","SAN GABRIEL",19004.4,0,62714.52,0,4752.896799,1,1,0,100,"SAN GABRIEL",0.153846154,25.32997012,50.43511162,92436618,30812206,70618,62324
"425","SAN JACINTO",9691.655944,-8.460604384,52094.99975,-45.62073142,121099.359,8,1,0,100,"SAN JACINTO",0.1,28.18148686,56.28704755,40924212,13641404,50020,61157
"427","SAN JOSE",8691236.961,-28823.86169,76496064.37,-240695.7237,4926402.337,4821,4,46.85272528,100,"SAN JOSE",0.070707071,19.25478188,36.43586833,2915456970,971818990,108125,1047701
"428","SAN JUAN BAUTISTA",148144.247,-771.21,1103996.763,-4608.93303,83644.50286,91,3,0,100,"SAN JUAN BAUTISTA",0,27.23503082,54.3069744,4032237,1344079,92423,6263
"429","SAN LEANDRO",1444334.551,-4319.624039,15780609.47,-48941.90849,966954.5272,3751,3,1.987679266,100,"SAN LEANDRO",0.136363636,30.26975556,59.96973137,289621805,96540601.67,78295,118450
"431","SAN LUIS OBISPO",622925.4062,-2636.939409,6183510.2,-27275.68056,277676.4409,626,3,5.467203328,100,"SAN LUIS OBISPO",0,11.85025369,17.24050952,176469386,58823128.67,69512,65313
"432","SAN MARINO",32779.5,0,393354,0,21210.96697,18,1,0,100,"SAN MARINO",0,8.693052429,10.16521629,61287251,20429083.67,165208.5,13194
"434","SAN MATEO",1578122.95,-1849.134754,16625625.62,-18640.43094,739052.3031,3753,3,6.673942037,100,"SAN MATEO",0,12.21017894,18.17379241,343379295,114459765,144479,143097
"436","SAN PABLO",321706.5063,-2595.9495,3577423.493,-32363.61517,200685.9206,328,2,0,100,"SAN PABLO",0.454545455,37.91161714,73.03569176,122697588,40899196,64327,63422
"437","SAN RAFAEL",1119960.679,-5323.611967,11473788.44,-49703.23499,875477.2003,3558,2,26.31002978,100,"SAN RAFAEL",0,10.72676884,14.66767562,210321883,70107294.33,96313,72139
"438","SAN RAMON",517024.39,-562.051305,5855840.39,-6601.28538,149317.1351,2142,2,1.704857196,100,"SAN RAMON",0,6.177989246,5.032160424,124315838,41438612.67,149437.5,86097
"441","SANGER",337088.147,-506.6696,3664679.439,-7893.6228,100033.9402,785,2,0,100,"SANGER",0.375,33.81499162,66.12435364,31723224,10574408,73114.5,47464
"442","SANTA ANA",1236913.901,-1392.642,11305834.87,-11209.464,660939.0923,33,1,96.47024788,100,"SANTA ANA",0.283333333,34.30430864,67.22159163,599152417,199717472.3,72977,369465
"443","SANTA BARBARA",411744.3327,-203.668357,3338520.056,-1643.537551,747495.3978,137,3,28.91033618,100,"SANTA BARBARA",0,10.42881989,14.07491487,343060421,114353473.7,94509,145719
"444","SANTA CLARITA",11225.8,0,134709.6,0,6543.937515,5,1,0,100,"SANTA CLARITA",0,11.45789193,16.02976416,331043409,110347803,113299,51656
"445","SANTA CRUZ",2629816.759,8547.487366,18865260.79,23259.57596,1463472.83,263,4,53.46282133,100,"SANTA CRUZ",0,12.70988003,19.42237357,227343878,75781292.67,83911,106510
"447","SANTA MARIA",4346289.79,-11881.49233,46065883.16,-116113.3683,1681966.298,2646,3,3.487358423,100,"SANTA MARIA",0,20.81678144,40.35817884,176067163,58689054.33,73568.5,158111
"448","SANTA MONICA",1048313.962,-78.38151498,11700812.5,-417.5812807,1017249.869,212,2,60.74468547,100,"SANTA MONICA",0.052631579,21.46840917,41.99772985,833735521,277911840.3,95417,91577
"450","SANTA PAULA",33680.04478,-26.23106841,281006.3639,-131.6513181,53051.10028,18,1,27.40905089,100,"SANTA PAULA",0,23.02319783,45.21377223,34632590,11544196.67,69960,39386
"451","SANTA ROSA",7937848.786,-23056.09924,88833306.9,-235916.4788,3415741.144,11014,5,3.089814525,100,"SANTA ROSA",0.025641026,17.33482715,31.20191701,408725410,136241803.3,76341,219348
"453","SARATOGA",231117.2626,-432.242,1887732.622,-3501.3187,103323.8453,207,2,58.72721256,100,"SARATOGA",0,6.433643291,5.530331694,56055186,18685062,194503,30858
"454","SAUSALITO",101756.1227,-649.97147,997912.3362,-6207.64664,92215.04446,75,1,0,100,"SAUSALITO",0,9.616915982,12.33446841,39365612,13121870.67,105913,10548
"456","SCOTTS VALLEY",462066.207,-1969.553196,3436024.482,-12961.16758,220525.3763,54,1,51.51340077,100,"SCOTTS VALLEY",0,6.997327605,6.583427923,31563210,10521070,107500,8746
"457","SEASIDE",1117590.4,-3232.71804,10719622.68,-27912.13394,542886.4871,1254,2,65.81169469,100,"SEASIDE",0,16.82425784,29.92180603,86167784,28722594.67,56359,26914
"458","SEBASTOPOL",348052.3002,-1982.38195,3797213.74,-21170.97844,186586.0433,167,1,0,100,"SEBASTOPOL",0,11.81940291,17.13961407,24836702,8278900.667,92198,25746
"459","SELMA",180001.962,-39.267,2024077.534,-408.3768,100866.2172,1036,1,0,100,"SELMA",1,50.50260285,89.37444823,42445076,14148358.67,46896.5,35199
"460","SHAFTER",1043188.859,-5034.048771,9858536.076,-47979.05648,428008.1034,104,1,5.313099098,100,"SHAFTER",1,46.87337502,85.28818262,63669637,21223212.33,46052,23656
"462","SIMI VALLEY",2309.553648,-3.4347276,12402.77098,-18.44864208,5119.148931,3,1,0,100,"SIMI VALLEY",0,17.59676871,32.00908059,193391526,64463842,93237,128176
"464","SOLEDAD",997892.5187,-5371.96743,7882316.094,-35206.89917,444892.45,637,2,44.9972617,100,"SOLEDAD",0,26.24812937,52.37734897,26247590,8749196.667,66655.5,24958
"465","SOLVANG",28023,0,336276,0,1920.180568,149,1,0,100,"SOLVANG",0,11.36137432,15.87842099,24223243,8074414.333,82940,6445
"468","SONOMA",515944.8252,-2699.24736,5884407.493,-30165.97657,251138.4499,337,2,7.12512258,100,"SONOMA",0,13.38187621,21.03039475,42831807,14277269,82737.5,36263
"469","SONORA",217479.3296,-369.8628609,2582756.871,-4520.522853,158242.837,18,1,10.97791303,100,"SONORA",0,19.88699362,37.34392736,20450527,6816842.333,56070,21270
"471","SOUTH EL MONTE",38319.1874,-57.00146,227633.1853,-338.7792164,76799.50765,23,1,0,100,"SOUTH EL MONTE",1,55.12307837,93.26522891,39193055,13064351.67,49417.5,39515
"472","SOUTH PASADENA",28545.70572,-42.44622329,142728.5286,-212.2311164,47852.57619,6,1,0,100,"SOUTH PASADENA",0,10.46228801,14.12536259,69222562,23074187.33,120521,25661
"473","SOUTH SAN FRANCISCO",628629.7601,-2870.027912,3798535.458,-21033.73356,263871.3339,55,1,12.68754967,100,"SOUTH SAN FRANCISCO",0.181818182,18.2830425,33.97654181,294543622,98181207.33,106402,67118
"478","STOCKTON",5587206.633,-14710.98965,60556813.89,-158973.5191,3763514.386,8264,5,7.430532517,100,"STOCKTON",0.630136986,42.2460576,79.13986631,702319574,234106524.7,49219,363335
"479","SUISUN CITY",912587.2751,-1929.664269,10712781.9,-19883.81141,439094.8635,559,2,6.410450712,100,"SUISUN CITY",0,20.66799941,40.0176567,31694227,10564742.33,79974,26469
"481","SUNNYVALE",2615312.522,-2814.100703,26403001.75,-22329.77905,1043242.844,6810,4,25.4182287,100,"SUNNYVALE",0,15.67362723,26.92647244,450307639,150102546.3,146566,159933
"483","SUTTER CREEK",145804.8417,-816.0211306,1630460.784,-8656.353519,135809.8384,35,1,0,100,"SUTTER CREEK",0,26.54064656,52.95749779,4552576,1517525.333,56864,4675
"484","TAFT",396875.1472,-1794.495841,3671881.887,-15860.01822,276790.1178,484,2,2.725294129,100,"TAFT",0.666666667,39.72641244,75.6211376,12051096,4017032,35718,17248
"486","TEMECULA",37.2,-0.0339,446.4,-0.4068,95.67492917,1,1,0,100,"TEMECULA",0,15.21369988,25.67158532,276748683,92249561,99653,127231
"488","THOUSAND OAKS",47700.0818,-70.92794772,238500.409,-354.6397386,290420.4972,6,1,0,100,"THOUSAND OAKS",0,11.33988927,16.13696557,226976306,75658768.67,121187.5,79305
"491","TORRANCE",189239.0594,-118.2337111,1710864.488,-984.7293764,414119.0496,39,2,0,100,"TORRANCE",0.162162162,25.32696195,50.47925337,512015370,170671790,89463.5,182791
"492","TRACY",2017663.031,-3200.360452,19662874.31,-32364.52831,1200237.677,1725,4,12.81817608,100,"TRACY",0.25,33.57511841,65.84689116,226114037,75371345.67,82916.5,123469
"493","TRINIDAD",26761.859,-451.0681403,295044.9896,-4947.903961,24406.35228,28,2,0,100,"TRINIDAD",0,13.0274848,20.1286417,1812274,604091.3333,47583,2775
"494","TRUCKEE",1478.52,-8.5988,15432.64,-86.8652,1633.529579,3,1,0,100,"TRUCKEE",0,6.407040281,5.524025728,82745031,27581677,110808,18279
"495","TULARE",71650.62,0,573204.96,0,17927.50202,1,1,0,100,"TULARE",0.428571429,39.04573036,74.50498171,111458928,37152976,47017,72613
"497","TUSTIN",5827.094,0,69925.128,0,2353.142921,4,2,0,100,"TUSTIN",0,22.62834031,44.39399672,159816348,53272116,88761,88473
"499","UKIAH",231261.2371,-972.2012784,2468965.392,-10629.74895,170084.4652,28,2,0,100,"UKIAH",0,24.68063193,49.31264977,50276065,16758688.33,49135,26453
"500","UNION CITY",365581.3463,-1184.9752,3738122.759,-12236.76483,249485.9454,977,2,36.66554945,100,"UNION CITY",0.125,23.39988382,46.09030143,154635136,51545045.33,116875,81064
"502","VACAVILLE",4863504.318,-10956.18042,49640437.81,-104143.8193,2187779.377,3044,4,24.26137008,100,"VACAVILLE",0,17.03700048,30.50826081,261334918,87111639.33,94659,106828
"504","VALLEJO",1609408.462,-8678.151142,16584409.79,-84310.18349,894711.6525,1327,3,8.041261008,100,"VALLEJO",0.161290323,24.29481734,48.45503847,263619424,87873141.33,70417,122876
"508","VENTURA",906599.3612,36753.98621,13021453.01,588244.3311,823356.7688,9,1,0,100,"VENTURA",0.08,19.78211039,37.8105688,278789652,92929884,78115,109566
"510","VICTORVILLE",94067.20521,-139.9342433,821031.22,-1134.986689,301762.6743,36,2,0,100,"VICTORVILLE",0.1875,33.14440647,65.16584689,170667834,56889278,54880,135177
"511","VISALIA",6415752.218,-156.6540549,95919140.94,-1215.585221,948406.2337,21,1,0,100,"VISALIA",0.333333333,33.89256084,66.44595788,269522684,89840894.67,58713,159505
"512","WALNUT CREEK",204788.533,-666.510275,1825942.537,-6322.205072,149316.048,545,1,12.3604517,100,"WALNUT CREEK",0,9.048853866,10.94715601,183611285,61203761.67,122536.5,97658
"513","WASCO",220766.3001,-1312.783465,2062786.252,-10935.75166,89943.9863,50,1,0,100,"WASCO",0.5,48.11692374,86.84575609,23647051,7882350.333,43879,27297
"514","WATSONVILLE",2835102.842,-13809.31202,24891487.45,-120979.2667,1534907.835,289,2,54.13464208,100,"WATSONVILLE",0.133333333,22.83932029,44.74713079,115522757,38507585.67,68214,88671
"517","WEST COVINA",0,0,0,0,134816.9959,1,1,0,100,"WEST COVINA",0.166666667,31.51624847,62.27140875,167832707,55944235.67,88330.5,104339
"518","WEST HOLLYWOOD",19595.5515,-29.1377331,97977.7575,-145.6886655,48607.49522,8,1,0,100,"WEST HOLLYWOOD",0,19.07648124,35.98183882,221253537,73751179,94315,20977
"519","WEST SACRAMENTO",413489.9282,-1424.59808,4150214.539,-15760.23155,258486.1909,64,2,46.96469231,100,"WEST SACRAMENTO",0.375,29.4599925,57.86984487,202036329,67345443,82773.5,45454
"520","WESTLAKE VILLAGE",1275.9894,-1.89734076,6379.947,-9.4867038,2837.904675,1,1,0,100,"WESTLAKE VILLAGE",0,11.59906002,16.44595788,37535299,12511766.33,110840.5,17146
"522","WHEATLAND",39460,0,473520,0,2665.749749,206,1,0,100,"WHEATLAND",0,25.75194716,51.24227519,6414899,2138299.667,77303,4652
"523","WHITTIER",46504.62,-8.91,580959.81,-103.95,27780.54958,4,1,0,100,"WHITTIER",0.4,36.51480973,70.86013369,129417527,43139175.67,74819,183516
"524","WILDOMAR",5019.631344,-4.370541084,25098.15672,-21.85270542,12383.84427,11,1,0,100,"WILDOMAR",0,22.91926328,45.02459327,29236953,9745651,85335,34552
"525","WILLIAMS",146558.7949,-457.497807,1705506.645,-5271.708945,68066.7281,7,1,31.93387463,100,"WILLIAMS",0,25.81831426,51.40623029,11785217,3928405.667,66143,5963
"526","WILLITS",188872.042,-1473.399907,1970209.169,-14627.94289,148690.5938,20,1,0,100,"WILLITS",0,19.92642867,37.74120318,12618622,4206207.333,47007,12690
"528","WILLOWS",21903.579,-109.89,210352.9446,-1016.6904,24265.41087,7,1,54.44533799,100,"WILLOWS",0,35.1167247,68.63412788,10963024,3654341.333,44004,7118
"529","WINDSOR",436177.6798,-893.1963383,5060097.443,-9490.148611,112789.1686,1386,2,0,100,"WINDSOR",0,16.08930725,28.23811326,50138809,16712936.33,105544,21434
"532","WOODLAND",526910.0579,-288.6821886,5986636.618,-3137.043203,278715.8263,358,2,9.537818639,100,"WOODLAND",0,19.03141067,35.86833144,134378568,44792856,71184,68805
"533","YORBA LINDA",100589.028,-23.217678,1207068.336,-278.612136,230594.6335,12,1,100,100,"YORBA LINDA",0,14.37930234,23.43296759,108191037,36063679,137520.5,63982
"535","YOUNTVILLE",16598.67248,-37.547,158077.8507,-258.09656,4901.835174,57,2,0,100,"YOUNTVILLE",0,10.84848779,14.90730231,32212771,10737590.33,69300,2987
"536","YUBA CITY",898299.6068,-1693.655181,9530011.21,-20746.77036,637530.0859,450,3,25.82280142,100,"YUBA CITY",0.0625,25.73387267,51.23596923,95292052,31764017.33,60333.5,77902
