SiteCity,TotalFirstYearGrosskWh,TotalFirstYearGrossTherm,TotalLifecycleGrosskWh,TotalLifecycleGrossTherm,Budget,Total Claims,Total Programs,% OBF Budget,% Resource Budget,dac_proportion,ces_score_median,ces_percentile_median,Total Tax Revenue,median_household_income_usd,total_population,ruca_average,ruca_median,Total.Tax.Revenue
ACAMPO,48664.72674,-148.89033,583976.7209,-1786.68396,17684.56851,6,1,0,100,0,21.5314631,40.28250725,,83913,9814,2,2,-123910664.4
ADELANTO,13576.84423,-30.037266,67884.22116,-150.18633,27320.06323,4,1,0,100,0.5,35.90879867,68.45125489,23628867,45695.5,35179,1,1,23628867
ALAMO,73049.3926,118.64524,684999.9763,-1279.097025,48785.54268,15,1,88.04489588,100,0,2.175087916,0.416193719,,219750,9373,1,1,-126124702.5
ALBANY,153765.922,-785.0763344,842200.6074,-4288.07028,60926.19353,35,2,0,100,0,8.128605852,8.740068104,57342690,102361,16742,1,1,57342690
ALHAMBRA,21630.94939,-32.17246242,120233.3502,-178.879938,48465.4476,7,1,0,100,0.15,33.70215145,66.14327153,154981924,59206,84647,1,1,154981924
ALTA,185,0,2220,0,12.83993167,1,1,0,100,0,11.76962086,16.93782318,,75563,2932,2,2,-158461707.8
ALTADENA,21139.6,0,253675.2,0,14367.50389,15,1,0,100,0,17.00764988,30.36952957,,101875,37326,1,1,14213181.32
AMERICAN CANYON,246321.569,-390.57183,2569735.067,-3193.530636,113629.6157,737,2,0,100,0,14.58399855,24.01311641,68336979,104042,13352,1,1,68336979
ANAHEIM,2843.648112,-1.635315291,14302.66896,-8.226646164,4105.068431,3,1,0,100,0.366666667,34.96311183,68.35666541,1004225482,66446,347532,1,1,1004225482
ANDERSON,153146.064,-137.8650024,1627538.672,-1050.015402,162295.5725,18,2,14.33681224,100,0,19.65311269,37.42590491,22567917,47839,23258,2,2,22567917
ANGELS CAMP,34384.04703,-285.90726,367388.015,-3469.583328,18687.83465,8,2,0,100,0,16.31131717,28.56602346,,54840,4483,7,7,-150674920.8
ANGWIN,12649.272,-112.63211,123444.9288,-1114.692042,5444.59785,3,1,0,100,0,11.21272461,15.52528692,,96705,5288,10,10,-146633422.7
ANTIOCH,1090279.854,-1526.2517,12105645.5,-16843.51069,755185.7001,401,2,75.68995326,100,0.055555556,27.35417338,54.35742212,156004836,76397,112354,1,1,156004836
APPLE VALLEY,212224.59,-220.077,2514589.718,-2640.924,206693.35,20,1,100,100,0,19.92653162,38.11325514,81839215,52921,80949,2,2,81839215
APTOS,344026.491,-3084.893,2726986.261,-24017.0951,193663.2652,40,2,22.02401216,100,0,5.820021716,4.300668432,,102500,31518,1,1,-14945850.96
ARBUCKLE,47268.9,0,224039.088,0,45369.20434,2,1,0,100,0,27.46890061,54.74839198,,65238,5647,7,7,-144831065.2
ARCADIA,72342.81,0,868113.72,0,40843.1973,2,1,0,100,0,17.10420385,30.69113381,152549526,92807,69373,1,1,152549526
ARCATA,582409.9204,-1503.710973,5108532.13,-13099.61364,587876.0012,451,2,2.829558836,100,0,24.23644209,48.22802371,34193557,39178,14499,4,4,34193557
ARNOLD,1858.72,-12.78234,16991.488,-119.529936,1547.710454,4,1,0,100,0,10.51765879,14.38390718,,64291,4664,10,10,-149766211.3
ARROYO GRANDE,282692.1175,-1218.986047,3238651.525,-15423.24537,141893.2079,94,2,0,100,0,6.814271451,6.179846134,43882463,89204.5,25014,2,2,43882463
ARVIN,235985.1414,-1118.21893,2525115.524,-12564.76151,99105.11402,69,1,29.56813825,100,0.5,40.31055291,76.37785345,15759971,37428,22818,4,4,15759971
ATASCADERO,487560.5488,-2199.857894,5412426.592,-26667.46822,254199.3287,328,2,2.286541693,100,0,8.137025663,9.250851305,60949355,73061,25335,1,1,60949355
ATHERTON,1010,0,12120,0,721.4905149,4,1,0,100,0,5.5779183,5.221339387,46121910,,7168,1,1,
ATWATER,388888.9852,-143.429041,4587367.544,-1095.301805,519211.6338,1443,3,85.56285841,100,0.5,40.48984172,76.57333838,35304215,55891,40011,1,1,35304215
AUBURN,215833.1616,-1196.42842,2183727.162,-12870.44229,222860.3327,152,3,9.113390282,100,0,13.28418307,20.82860386,34441547,76104.5,44187,3,3,34441547
BAKERSFIELD,15559277.6,-50313.14374,159663794.8,-530348.287,6153282.742,18643,2,7.219449909,100,0.494505495,38.59974028,73.91852693,547373792,53187,557492,1,1,547373792
BALDWIN PARK,681793.8559,-23.22887188,8072173.98,-116.1443594,422768.9226,10,1,4.412623841,100,0.941176471,53.14905383,91.66351368,87887248,66316,75905,1,1,87887248
BARSTOW,193153.7232,-61.42185,889673.238,-307.10925,172943.9616,12,1,11.94360003,100,0.666666667,46.05296177,84.12788498,67996702,41909.5,31403,4,4,67996702
BAYSIDE,6071.04315,-122.335286,78559.3503,-1647.14246,7783.88752,41,1,0,100,0,12.01381501,17.59364359,,61554,5229,4,4,-146929631.9
BELMONT,151204.076,0,1625603.909,0,116113.2491,10,2,0,100,0,8.604714339,10.00126119,83965540,143295,27359,1,1,83965540
BEN LOMOND,17841.033,-166.905,124730.486,-851.28066,8335.549909,3,1,0,100,0,7.476653321,7.712195737,,93123,8366,1,1,-131180340.5
BENICIA,429169.7766,-2066.559693,4106471.234,-18644.2675,241293.6881,117,3,40.43137769,100,0,14.40786172,23.50863917,116821349,104875,28681,1,1,116821349
BERKELEY,836491.7125,-5193.810612,8176895.298,-58562.81101,557889.9229,387,3,2.462323583,100,0.027027027,13.75509976,21.83755833,579751618,93105,132996,1,1,579751618
BEVERLY HILLS,415702.0474,-0.748306944,4735782.557,-3.74153472,408832.0557,35,1,0,100,0,15.71375653,27.05259175,624117511,129977,40656,1,1,624117511
BISHOP,4205.905568,-30.41351598,58325.54957,-421.7606899,59918.96966,6,1,68.7418027,100,0,11.68030389,16.67297263,19159702,66582,16336,8,8,19159702
BLUE LAKE,26643.8683,-86.91884847,286190.8761,-627.3821124,13781.31939,118,2,0,100,0,13.78548588,21.90692395,1492422,55000,3346,5,5,1492422
BLYTHE,370829.52,0,5387171.49,0,91649.45262,13,1,86.41792656,100,0.166666667,32.63407868,64.22625804,18987392,45481.5,14924,4,4,18987392
BOULDER CREEK,110122.7004,-725.80756,873304.898,-6480.776145,61971.34271,29,1,50.57901988,100,0,8.401874508,9.46525413,,114562,10622,2,2,-119854104.8
BRADLEY,1465,0,17580,0,72.4891886,5,1,0,100,0,22.00292932,42.98146046,,55764,4462,10,10,-150780351.2
BREA,56907.36,0,187794.288,0,27135.70352,1,1,0,100,0,23.80958589,47.13078572,138957376,92739,46522,1,1,138957376
BRENTWOOD,213533.707,-158.9548716,2044249.342,-3062.027382,171549.1583,955,2,53.0099574,100,0,23.64439284,46.69567411,130696354,122573.5,78554,2,2,130696354
BRIDGEPORT,51932.95,-320.4469,612469.906,-3822.4133,111743.8738,29,1,100,100,0,13.79902457,21.95737167,,61827,2444,10,10,-160911709.2
BRIDGEVILLE,7859.1214,28.4714,85884.23856,283.97328,7382.012316,4,1,0,100,0,12.52248763,19.03140371,,54286,4179,5,5,-152201151.2
BRISBANE,309040.373,-785.4254,2611663.198,-6367.17147,127604.295,58,1,30.84034941,100,0,36.76665277,71.38352882,48761941,113484,5051,1,1,48761941
BUENA PARK,208320.37,1260.810956,2631190.709,20191.3018,125532.6164,34,1,49.39361945,100,0.307692308,26.66791535,53.31063186,168369439,89351,80669,1,1,168369439
BURLINGAME,1331067.259,-4042.582618,11938748.37,-39096.95758,537631.799,920,3,33.97203785,100,0,8.766317428,10.36700719,204650697,129585,42760,1,1,204650697
BURNEY,8857.665,-14.59799967,98025.876,-72.98999832,10321.75529,5,1,100,100,0,25.72248291,51.17921554,,47408,4881,7,7,-148676764
BUTTONWILLOW,164338.9245,-703.07328,1892584.987,-7872.726093,78305.35565,19,1,0,100,1,45.85231158,84.09635515,,45781,3415,10,10,-156036809
CALISTOGA,212789.1145,-701.4418588,2431401.356,-8366.32457,88825.42097,271,2,0,100,0,10.98977817,15.38655568,36440152,85226,6684,8,8,36440152
CAMARILLO,26280.54116,-16.47198611,140118.1598,-86.30800329,49969.76758,9,1,0,100,0,14.92997166,24.94639929,118667215,105452,79627,1,1,118667215
CAMBRIA,50718.60659,-396.96617,626969.6569,-4970.22178,19600.02681,80,2,0,100,0,3.425983514,1.324252743,,74036,8388,8,8,-131069889.6
CAMINO,4154.83416,-36.13185,49858.00992,-433.5822,3354.113981,2,1,0,100,0,10.91082467,14.98297389,,90795,3495,4,4,-155635169.4
CAMPBELL,473185.0184,-1565.744691,4870550.994,-14969.16736,338893.2557,565,2,6.191652892,100,0,13.65427689,21.63576744,120771924,130811.5,44176,1,1,120771924
CANYON COUNTRY,31891.44,0,382697.28,0,23534.47676,3,2,0,100,0,23.84940071,47.28212889,,85637,73789,2,2,197275473.7
CAPITOLA,351178.63,-1655.80581,2633696.493,-11135.28068,154072.8939,26,1,28.99466604,100,0,11.75383783,16.93782318,41633696,76519,11739,1,1,41633696
CARMEL,157141.538,-1449.506,1619132.176,-14712.3765,90717.01788,38,1,32.55874154,100,0,1.932289014,0.340522134,,99337,21923,4,2,-63117496.06
CARMEL VALLEY,30851.149,-188.4,356436.2414,-2182.96947,19611.902,7,1,0,100,0,14.36136776,24.99054105,,73199,11768,3,3,-114100618.1
CARPINTERIA,4805.7264,-2.867965041,28580.5967,-14.90647926,10809.52602,4,1,0,100,0,21.08537881,41.02661117,30597609,72540,13619,1,1,30597609
CARSON,931403.6923,6040.052619,9843807.828,18058.36309,472207.048,109,2,35.83050645,100,0.777777778,46.60398634,84.84676504,208784719,79687.5,83730,1,1,208784719
CARUTHERS,23185.278,-114.822,292627.7712,-1194.1488,10472.4804,2,1,0,100,1,47.89711325,86.61874133,,45587,5068,2,2,-147737931.5
CASTAIC,90940.26,0,1091283.12,0,52234.364,20,1,0,100,0,14.49858258,23.75457182,,120072.5,30663,2,2,-19238373.79
CASTRO VALLEY,324351.0194,-3565.42596,3354823.807,-36932.23671,224983.1643,91,2,0,100,0,12.27988286,18.31882961,,123005.5,68146,1,1,168944823
CASTROVILLE,206877.143,-1592.659,1643394.889,-9269.29515,122974.9242,24,2,0,100,0,31.32869974,61.83629714,,66063,15986,2,2,-92924172.14
CAYUCOS,18655.46744,-52.85779,101876.1126,-310.0363113,13042.57852,11,2,0,100,0,7.285554977,7.062681297,,64246,2630,2,2,-159977897.2
CAZADERO,352.748,-8.2834,2716.824,-63.9208,377.104511,4,1,0,100,0,3.98585298,3.077311136,,70517.5,3983,6,6,-153185168.1
CERRITOS,8785.8,0,105429.6,0,2267.63522,3,1,100,100,0,25.35303137,50.48555934,158028704,106354,50143,1,1,158028704
CHATSWORTH,1377.6,0,16531.2,0,842.5557076,1,1,0,100,0,23.30719819,45.8569807,,91544,47215,1,1,63860851.81
CHICO,1541790.982,-1720.531374,17508478.98,-17025.70832,1293355.724,4523,5,16.25304024,100,0.043478261,19.49668227,37.04124101,162340118,50488,109037,1,1,162340118
CHOWCHILLA,461350.782,-390.2039991,5196954.48,-3879.267196,198932.8769,336,2,7.861166601,100,0.666666667,45.63000063,83.78105688,19055065,73060,22300,7,7,19055065
CHUALAR,98910.981,-622.674,1064718.972,-7472.088,62023.26814,3,1,0,100,0,23.89481889,47.38302434,,71844,6527,2,2,-140413030
CLAREMONT,118775.8775,0,1425310.53,0,49810.31779,10,1,66.61051498,100,0,26.7691881,53.38630344,71969579,91661,38213,1,1,71969579
CLAYTON,56473.20302,-245.0983416,481983.4161,-1585.239708,33937.22711,74,2,0,100,0,4.600020856,2.944885862,14894867,139110.5,14078,1,1,14894867
CLEARLAKE,381931.6878,-1718.902532,4219673.747,-18988.6816,224622.9936,57,2,6.061488819,100,0,25.69269569,51.12876781,20483995,29052,11491,4,4,20483995
CLEARLAKE OAKS,48434.09216,-680.44902,506520.18,-7023.218399,32304.5173,8,1,0,100,0,18.57060279,34.48732501,,44306.5,7002,4,4,-138028295.1
CLOVERDALE,255002.1183,-713.0857493,2911958.545,-7591.843272,115774.557,26,1,0,100,0,19.33756652,35.98814478,18179773,68313,10009,2,2,18179773
CLOVIS,1719822.479,-1690.458306,17801171.81,-17907.76464,886236.7007,7733,3,11.05423329,100,0.142857143,20.94706762,40.5662757,172798267,93445,133683,2,2,172798267
COALINGA,210288.777,-170.7930028,1913133.202,-1189.738454,54218.71551,591,2,0,100,0,31.83770714,62.83263968,13146859,52173,18095,7,7,13146859
COARSEGOLD,49681.443,-234.084,642819.8712,-3477.4176,20641.20544,7,1,0,100,0,12.09459976,18.08550889,,70732.5,12361,6,6,-111123464.8
COLFAX,7543,-20.87,86808.5,-194.809,2838.185382,30,2,0,100,0,8.659617039,10.13999243,6124843,69591,7188,2,2,6124843
COLUSA,1902.15,-20.637,19782.36,-214.6248,1631.909785,2,1,0,100,0,31.15810985,61.62820028,9855638,53136.5,7592,7,7,9855638
CONCORD,1030959.021,-4054.885651,8820023.589,-38254.91861,594691.2615,712,1,15.16682778,100,0,17.49302508,31.68747635,289984000,87806,151412,1,1,289984000
COPPEROPOLIS,1300.02534,-5.23692,13520.26354,-54.463968,1478.380558,1,1,0,100,0,21.79290013,42.64093833,,82575,4694,10,10,-149615596.5
CORCORAN,66692,0,800304,0,4473.78769,345,1,0,100,0.4,38.04198054,73.11766932,14901061,36456,23331,4,4,14901061
CORNING,115242.68,0,1382912.16,0,15793.3863,443,2,0,100,0,31.20632577,61.63450624,17477041,46739,17805,5,5,17477041
CORONA,2495850.081,-7.18221504,29892458.8,-35.9110752,1071545.117,413,1,0,100,0.175,27.60013403,55.11413797,303874260,92458.5,249129,1,1,303874260
CORONA DEL MAR,21522.04738,-2.367336861,246423.3869,-20.4662843,19366.0719,16,1,31.75633495,100,0,4.853206552,2.98902762,,154344,9843,1,1,-123765070.1
CORTE MADERA,61005.82086,-327.5011297,686255.3857,-3516.487311,39199.55583,59,3,50.51509619,100,0,8.21100984,9.049060411,62244928,146381.5,11867,1,1,62244928
COSTA MESA,275678.9738,-33.00275053,3041041.323,-217.6606131,148945.5584,80,1,52.66421996,100,0.086956522,20.68295295,40.06810443,355838412,86884,111330,1,1,355838412
COTATI,271937.381,-1462.216178,2973171.66,-14905.48583,109152.812,403,2,0,100,0,17.48975058,31.65594653,20660193,72985,14516,1,1,20660193
COULTERVILLE,6691.725804,-73.33265,67879.94836,-720.57556,5142.6919,3,1,0,100,0,15.1202458,25.37520494,,39719,2857,10,10,-158838244.9
CULVER CITY,432360.5808,-220.476172,3299000.621,-1243.737263,740226.9071,38,1,42.58739523,100,0,30.83203933,61.01652163,271554477,85544.5,41077,1,1,271554477
CUPERTINO,484013.78,-925.5338478,3682651.993,-6865.912139,247370.6091,372,2,3.752406839,100,0,10.75461157,14.69920545,196447606,170610,61929,1,1,196447606
DALY CITY,716892.7038,-3760.39246,7729328.143,-38558.51471,524365.7901,1368,2,66.72300116,100,0,21.23519022,41.32299155,200748571,97461.5,114485,1,1,200748571
DANVILLE,222325.9862,-287.87186,2063115.223,-2698.460191,113364.0322,509,3,0,100,0,3.239307706,1.166603607,72565325,169094.5,49140,1,1,72565325
DAVIS,351784.3874,-353.21354,4043706.655,-3887.77068,189874.1432,54,3,10.68853244,100,0,12.56234193,19.13229916,158861658,70469,71684,1,1,158861658
DEL REY,37284.881,0,243368.5022,0,19428.71665,9,1,0,100,1,55.80802584,93.74448228,,40573,3293,2,2,-156649309.3
DELHI,12495,0,149940,0,44447.8348,130,1,95.55306462,100,0.5,40.49075709,76.69315172,,54413,12422,1,1,-110817214.7
DINUBA,190540,0,2286480,0,127050.2436,1203,1,18.83783576,100,0.8,48.30342822,87.03493505,50721038,54744,32347,5,5,50721038
DISCOVERY BAY,4923.4,-46.904,59080.8,-562.848,6226.449272,4,1,0,100,0,16.93667271,30.19296254,,121688,9370,3,3,-126139764
DIXON,587500.8375,-1336.478518,6423303.008,-8843.383649,333415.9587,1093,4,0,100,0,23.14191445,45.46601085,55726851,87639,27647,5,4,55726851
DOS PALOS,121536.86,-294.8703,1543559.52,-4717.9248,231156.5394,630,3,88.64074857,100,1,51.84016295,90.50952201,4536757,40040.5,9043,8,8,4536757
DOWNEY,1639051.641,-31.91832799,12896970.63,-159.5916399,748363.9731,95,1,34.93263971,100,0.272727273,34.45541725,67.43599445,220835936,74231,112322,1,1,220835936
DUBLIN,282452.393,-438.0994,3127916,-5831.8052,208330.7862,299,2,12.64694717,100,0,12.98059678,19.97729852,283718026,124338,37942,1,1,283718026
DURHAM,185,0,2220,0,13.93221308,1,1,0,100,0,17.66888967,32.33699079,,84811,5834,2,2,-143892232.7
EL CERRITO,401832.2498,-700.49489,4427479.634,-9872.382056,183162.5768,1346,1,0,100,0,11.36615592,15.90364485,68530224,107813,30762,1,1,68530224
EL DORADO HILLS,13795.7,-24.6,165548.4,-295.2,6773.087062,36,2,37.92175978,100,0,4.262993213,2.251229663,,146439.5,33927,1,1,-2851479.618
EL MONTE,119920.023,-178.2217452,696330.7165,-1035.637514,121529.5452,40,1,0,100,1,53.57521225,92.0797074,219130286,52436,98427,1,1,219130286
EL SEGUNDO,17577.90317,-11.78931781,87889.51584,-58.94658907,48444.04815,4,1,0,100,0.166666667,15.56612256,26.56703241,194778081,109929,16731,6,6,194778081
EL SOBRANTE,251044.4889,-2394.44569,3049690.967,-30108.76808,192640.9567,121,2,22.08181959,100,0,15.69790454,27.18501703,,85388.5,21101,1,1,-67244342.57
EMERYVILLE,349156.8492,-843.37108,3993190.082,-11097.96613,230760.6884,799,2,3.638275216,100,0.4,35.68323888,69.58632867,134910892,79679,37271,1,1,134910892
ESCALON,24555.36,-46.56,308104.32,-744.96,13850.46844,3,1,0,100,0.5,35.97940652,69.37192584,10279976,69036,13379,5,5,10279976
EUREKA,1900805.269,-20811.01453,16315822.29,-171177.843,1633526.741,2795,3,3.504065616,100,0,15.29409632,25.91751797,78488452,52197.5,49398,4,4,78488452
FAIRFAX,193260.2195,-1062.445234,2300939.844,-12233.14969,156145.0299,791,2,77.05296066,100,0,3.849072866,1.715222601,27889662,111060,9682,2,2,27889662
FAIRFIELD,3668954.351,-17040.58138,34711597.87,-161494.1504,1821874.727,924,4,3.531775802,100,0,24.52497301,48.83970236,304222431,80596.5,119471,1,1,304222431
FARMERSVILLE,12855.74783,-44.58975598,64278.73914,-222.9487799,47170.41483,2,1,0,100,1,39.89905213,75.83554042,14207660,32096,5422,1,1,14207660
FELTON,241666.693,-1283.7526,2228896.909,-6371.26423,125644.7526,18,1,26.58114999,100,0,6.368148573,5.41051835,,98578,4781,1,1,-149178813.4
FERNDALE,74572.78666,-806.1769729,708050.6763,-6298.541724,55313.63738,164,2,0,100,0,16.03575081,27.83453147,2294478,50896,3309,10,10,2294478
FILLMORE,15749.35488,-23.41860595,78746.7744,-117.0930298,35027.85199,1,1,0,100,0,30.02519964,59.57245554,18597707,75633.5,19999,4,4,18597707
FIREBAUGH,119501.4072,-13.814536,1431579.552,-148.999632,51464.879,212,2,0,100,1,41.5319313,78.21919536,10261058,50556,11116,9,10,10261058
FOLSOM,43074,0,516888,0,20014.58192,191,2,0,100,0,5.69767681,4.086265607,223853178,115527.5,78159,1,1,223853178
FOREST RANCH,279,0,3348,0,14.28292397,1,1,0,100,0,13.45460824,21.13759617,,109444,4753,2,2,-149319387.3
FORESTHILL,878,0,10536,0,43.47816218,3,1,0,100,0,11.58303528,16.38289822,,79802,6903,2,2,-138525324
FORESTVILLE,15331.78218,-206.02421,176145.8696,-2354.924264,6898.796941,11,1,0,100,0,10.37754511,14.19472821,,66913.5,8376,2,2,-131130135.6
FORT BRAGG,69661.43152,-447.8326168,550452.0508,-4077.285395,53340.16677,15,1,0,100,0,21.19126697,41.30407365,20389620,49522,12078,4,4,20389620
FORTUNA,289304.9109,1005.113956,3099440.798,47008.90693,358065.1024,158,1,10.26415064,100,0,23.52426979,45.92004036,17571716,48872.5,9342,4,4,17571716
FOUNTAIN VALLEY,26201.5625,0,314418.75,0,9423.693049,7,1,0,100,0,23.45967089,46.43712952,137721744,93454,53847,1,1,137721744
FOWLER,84149.10123,-193.2520001,848921.2216,-1729.784911,51443.67221,19,1,70.70799134,100,1,51.32610886,90.2005297,13479812,47406,5177,4,4,13479812
FREMONT,4189145.551,-6263.748834,48321489.99,-64324.23965,2351006.555,14231,3,59.06329147,100,0,16.55727479,29.20923193,705689160,135033.5,227727,1,1,705689160
FRENCH CAMP,112990.172,-96.2643,925086.284,-1505.922,60798.15547,151,1,0,100,1,56.14622002,94.08500441,,53250,6299,1,1,-141557702.7
FRESNO,5874454.692,-8106.654179,60333431.44,-90623.34045,3002237.46,684,5,7.372681682,100,0.664,46.16995249,84.44948922,849627432,43839,591168,2,2,849627432
FULLERTON,1050721.55,0,11475321.45,0,530717.7888,90,1,19.2749145,100,0.2,27.11149758,54.1241014,230208631,84479,155957,1,1,230208631
GARBERVILLE,20410.4792,-122.2678002,188149.116,-709.8312011,6670.862373,62,2,0,100,0,10.0760367,13.45693026,,65283,3241,10,10,-156910375
GARDENA,13146.65352,-7.559325773,65733.2676,-37.79662887,42208.28104,8,1,0,100,0.8,56.29544214,94.20481776,142671233,56535,79331,1,1,142671233
GEORGETOWN,6140.94708,-28.82142,73691.36496,-345.85704,5053.380547,7,2,0,100,0,14.08682116,22.67625173,,64883,7911,2,2,-133464665.5
GEYSERVILLE,93111.71767,-645.88934,971498.9354,-6763.021796,31897.2663,13,1,0,100,0,15.5125336,26.42199521,,104792,3644,2,2,-154887115.7
GILROY,2779159.006,-7600.82463,24477914.34,-62444.04319,1773220.929,95,3,6.823748777,100,0.2,27.45469124,54.59704881,132694169,96547.5,62228,6,6,132694169
GLEN ELLEN,58889.13057,-468.67347,706849.6327,-5789.075905,28515.95513,27,1,0,100,0,7.464265917,7.327531845,,117167,4782,4,4,-149173792.9
GOLETA,60493.62236,-40.57626606,303241.4025,-203.4267038,136099.8914,19,1,0,100,0,7.729470845,7.781561357,79722144,96250,56967,1,1,79722144
GONZALES,102710.78,-4.212,1230176.4,-37.0656,15273.97739,361,2,0,100,0,26.19232829,52.2260058,13714502,54205,5469,2,2,13714502
GRANITE BAY,3220.672,-19.367,45367.0688,-270.9328,5431.173093,5,1,0,100,0,5.231010659,3.443057132,,136534.5,25063,1,1,-47353143.21
GRASS VALLEY,735915.6256,-2095.30744,8273818.689,-21246.03184,504653.9775,204,4,70.46580579,100,0,11.87112952,17.46752428,43207378,76103.5,47806,6,5,43207378
GREENBRAE,278.028,-6.102,2984.876,-63.3252,443.3790589,5,1,0,100,0,5.588140253,3.934922437,,194808,12130,1,1,-112283199.1
GREENFIELD,382413.8566,-1301.2182,3632486.892,-9818.548254,160964.8627,541,2,4.639718211,100,0,22.19617776,43.39765418,21125795,63827,18424,4,4,21125795
GROVER BEACH,178879.2887,-1107.853238,1576795.997,-9370.14226,101869.0331,126,2,0,100,0,14.68362273,24.3977803,26760953,64127.5,13535,1,1,26760953
GUERNEVILLE,33654.98945,-73.02288,404951.1885,-811.9340352,16502.99496,10,1,0,100,0,11.49538742,16.24416698,,60331,7577,2,2,-135141510.7
GUSTINE,149519.2052,-476.90904,1922549.342,-7585.30848,88486.65877,285,2,0,100,1,52.1336534,90.8941859,6580991,60521,8712,7,7,6580991
HACIENDA HEIGHTS,45187.506,-0.81,542250.072,-9.72,20846.16277,2,1,0,100,0.428571429,34.04003262,66.60360701,,85044.5,56972,1,1,112845817
HALF MOON BAY,55886.776,-129.574,543599.9815,-853.30677,16365.99126,172,1,64.94881558,100,0,16.17893726,28.50926977,46348862,145873,11860,4,4,46348862
HANFORD,115711.1587,-400.2114393,751473.5889,-2454.405255,345368.002,97,3,0,100,0.384615385,38.95330355,74.34733258,83416244,55670,72726,6,6,83416244
HAWTHORNE,114878.4755,-40.38381141,745323.8479,-233.498679,300698.0243,9,1,0,100,0.75,45.94890733,84.10266112,197009382,52779.5,104391,1,1,197009382
HAYWARD,2427577.601,-18831.4508,25223738,-198652.4869,1694410.478,1665,3,9.348900499,100,0.055555556,29.52929838,58.60133686,467224536,81092.5,176116,1,1,467224536
HEALDSBURG,161079.4703,-1275.20623,1668600.823,-13133.76805,50696.12958,19,1,0,100,0,19.08242897,35.99445075,47630835,96324,19524,2,2,47630835
HEMET,54444.55183,-52.88740582,548428.4836,-537.0820412,25563.48474,25,1,0,100,0.12,31.21898147,61.6597301,125934873,41531,116515,1,1,125934873
HERCULES,257024.3127,-1600.40514,2549406.784,-16963.74376,165130.0705,51,1,0,100,0,18.35257239,34.15310884,35619267,122232,22381,1,1,35619267
HERMOSA BEACH,298583.4347,-21.50120999,3645690.343,-107.4604219,539726.5329,48,1,80.89578061,100,0,5.840042359,4.363728087,85675375,136285,19539,1,1,85675375
HESPERIA,17875.58119,-39.547746,89377.90596,-197.73873,60882.01474,4,1,0,100,0.066666667,27.63356546,55.13936184,94458935,52117,102311,1,1,94458935
HOLLISTER,1595535.862,-4590.27908,15481088.61,-39634.18966,931755.0827,2295,3,32.29871493,100,0,31.87908733,62.92092319,69688403,91935,51064,7,7,69688403
HOOPA,18054.192,-129.8233933,98037.84,-841.4959664,18058.98547,12,1,0,100,0,12.04645218,18.11073275,,40739.5,5686,10,10,-144635265.9
HUNTINGTON BEACH,1958349.548,-117.9612469,22335989.94,-633.1012344,1225646.017,79,1,0,100,0.023809524,12.47967905,18.9052844,484982227,98057.5,197574,1,1,484982227
HUNTINGTON PARK,51889.14,1383.84,155667.42,4151.52,11283.95641,3,1,0,100,0.954545455,51.97558718,90.7302308,89389533,45434,74249,1,1,89389533
HURON,4217.2,-0.062,18516.996,-0.1674,2127.67932,5,1,0,100,0.5,40.01658418,75.84184639,5279306,33216.5,8085,7,7,5279306
INDIAN WELLS,7804.710144,-1.313475609,39023.55072,-6.567378048,100168.5954,7,1,0,100,0,7.929509021,9.553537647,61437788,92366,3942,1,1,61437788
INGLEWOOD,181450.2597,-29.11661983,2215377.899,-145.5830992,638693.0973,36,1,0,100,0.65625,44.59060297,82.34960272,349011310,53807.5,131234,1,1,349011310
IONE,117771.4356,-895.24715,1283081.747,-9527.0478,89756.47295,19,1,0,100,0,27.92602584,55.72581662,6978794,66348,10220,3,3,6978794
IRVINE,487780.126,0,5940373.512,0,402596.0347,212,2,0,100,0.029411765,15.57282033,26.67423383,630558569,108943,261711,1,1,630558569
ISLETON,346697.3927,-626.9523308,3919739.698,-5757.084364,136127.0945,105,2,0,100,0,31.01731621,61.30659604,2432600,40395,1514,10,10,2432600
JACKSON,243215.507,-1591.28847,2726310.231,-17320.95015,210977.5483,49,2,0,100,0,23.25754909,45.75608526,8889475,65244,3152,7,7,8889475
JAMESTOWN,8894.70188,-32.07093087,66078.4594,-152.3059543,8761.571028,10,1,0,100,0,23.50087429,46.52541304,,61163,13181,5,4,-107006659.3
KELSEYVILLE,83140.27333,-712.8111058,875541.6241,-7135.379185,69937.71934,24,1,0,100,0,15.49905091,26.59856224,,62384.5,9457,4,4,-125702981
KERMAN,91387.226,-438.4197,1126471.07,-5776.3872,27449.4541,243,2,0,100,1,46.04383315,84.31075798,15764892,61776,22144,6,6,15764892
KING CITY,1145487.874,-3188.52106,9154528.001,-24181.36943,594362.9807,616,3,41.57210813,100,0,26.32434278,52.51608021,19869920,48178,13528,4,4,19869920
KINGSBURG,102094.965,-74.34,1177214.789,-731.59758,17583.56896,443,2,0,100,0.666666667,43.17727738,80.35061168,17653091,62808,16545,4,4,17653091
LA HABRA,8207.1,57.6,131313.6,921.6,88671.79892,1,1,0,100,0.384615385,36.47332135,70.74032034,110309736,74688,64062,1,1,110309736
LA PALMA,258769.5959,-6.625837662,3024572.78,-33.12918832,208343.2201,7,1,0,100,0,17.28866177,31.05057384,30352410,111169,14476,1,1,30352410
LAFAYETTE,58446.034,-317.85528,501580.8887,-3377.677932,50161.69414,96,1,47.78192686,100,0,3.73649517,1.614327153,46623270,188247,29449,1,1,46623270
LAKE ELSINORE,22505.59987,-19.59539299,112527.9994,-97.97696496,129450.9237,9,1,0,100,0.181818182,26.75061734,53.4493631,80070282,57461,76453,1,1,80070282
LAKEHEAD,18337.329,-10.98900016,213032.709,-54.94500082,22228.64453,3,1,0,100,0,13.14271893,20.48177576,,49265,1670,2,2,-164797572
LAKEPORT,332640.5222,-1010.509414,3588125.833,-9337.386038,276142.0942,60,2,7.2618017,100,0,21.67953533,42.41392357,14063969,48806,16029,4,4,14063969
LAKEWOOD,447427.3465,-20.94211757,4993115.636,-111.684916,289293.5491,94,1,54.19585152,100,0.111111111,21.44325621,41.71396141,110917660,93614,83312,1,1,110917660
LAMONT,195101.8783,-1216.118696,1897053.93,-10254.11348,81125.13248,50,1,0,100,0.333333333,31.81774369,62.76958002,,43278,17003,1,1,-87818329.19
LANCASTER,178206.48,1314,786312.36,3942,59681.73291,4,1,0,100,0.026315789,22.26934969,43.61205701,229597335,55375.5,183225,4,2,229597335
LARKSPUR,188624.0022,-1839.520709,1613661.008,-15151.57523,96243.40748,57,2,0,100,0,5.406254566,3.707907681,55367046,122685,5857,1,1,55367046
LATHROP,162052.134,-103.5321,1210631.555,-1068.462,83907.66444,66,2,49.71023494,100,1,55.70890235,93.66881069,79758865,87149,28172,1,1,79758865
LATON,9009.885,-38.853,106712.82,-404.0712,3099.815518,6,1,100,100,1,40.42185572,76.65531593,,37917,3407,10,10,-156076972.9
LAWNDALE,38370.91306,-2.867017507,440887.2653,-23.15508754,25762.23824,6,2,0,100,0.5,40.44706166,76.54811452,41197250,60346,32819,1,1,41197250
LE GRAND,6734.21,0,71423.16,0,4348.793789,6,2,0,100,1,39.48347714,75.20494388,,48806,2345,10,10,-161408738.1
LEMOORE,71359,0,856308,0,4635.430723,354,1,0,100,0.333333333,35.12702237,68.56476227,22979971,58399,37546,3,2,22979971
LINCOLN,179791.3662,-182.15054,2146965.783,-2063.300616,125289.3135,612,1,90.96556214,100,0,8.719105001,10.30394753,54217702,87333,52810,2,2,54217702
LINDEN,4926.475,-20.93508,56895.0456,-230.05296,5196.594565,10,1,0,100,0,22.26079713,43.58683314,,87554,5944,10,10,-143339978.3
LINDSAY,12880.35697,-44.67511202,64401.78486,-223.3755601,258237.2456,7,1,0,100,0.25,37.91341115,73.01677387,16787161,33603,18018,4,4,16787161
LITTLEROCK,19593.18,-76.23,235118.16,-914.76,10346.95218,2,1,0,100,0,22.99024501,45.28313785,,53484.5,14024,1,1,-102774382.4
LIVE OAK,88710,0,1064520,0,5601.785611,424,1,0,100,0,27.45531705,54.73578005,8051602,59359,14220,2,2,8051602
LIVERMORE,311823.9396,-1041.774096,2643530.093,-7739.035577,158903.0106,64,3,0.084509965,100,0,15.98359668,27.6831883,278185345,128963,99939,2,2,278185345
LIVINGSTON,108230.7,0,1295301.6,0,106110.943,355,3,73.3349402,100,1,44.4721416,82.21717745,15642992,55500,18171,2,2,15642992
LOCKEFORD,59742.55404,-27.68274,716910.6485,-332.19288,33293.88182,6,1,0,100,0,23.07569341,45.35250347,,63287,2902,2,2,-158612322.7
LOLETA,26910.7948,-356.6029532,345419.0279,-4468.372616,19397.09667,33,2,0,100,0,27.5470879,54.91234708,,42407,4606,4,4,-150057400
LOMPOC,53462.99,-363.06,411121.6962,-1884.1419,16381.08075,78,2,0,100,0,19.93016348,38.15109093,54639791,66845,60288,4,4,54639791
LONG BEACH,6799532.551,1307.656852,78451118.92,22194.60061,3395863.24,1029,2,90.30723317,100,0.522123894,42.91527661,80.0542313,1371076040,60616,476520,1,1,1371076040
LOOMIS,160948.9534,-966.04169,1764892.155,-10082.30878,140994.0352,69,2,94.81073961,100,0,9.428444747,11.6975659,13260857,104185,16427,1,1,13260857
LOS ALTOS,157297.923,-1101.591,1117584.494,-9577.093951,87197.97714,9,1,53.53166393,100,0,3.857075602,1.727834531,103229406,215250,47624,1,1,103229406
LOS ANGELES,494326.1941,0,4065967.904,0,6726397.771,402,26,0,3.528955584,0.607594937,44.87034626,82.63967713,14545311557,48767,2484718,2,2,14545311557
LOS BANOS,429352.3887,-914.1484504,4843347.963,-12041.15248,310585.4039,31,2,0,100,0.8,50.5343926,89.36814226,57896757,55719,43374,7,7,57896757
LOS GATOS,691857.232,-963.055,6986038.939,-5364.53305,456849.4593,1385,1,52.8325748,100,0,4.910105889,3.064699205,92527652,167875,49210,2,2,92527652
LOS OLIVOS,370,0,4440,0,27.86442615,2,1,0,100,0,9.156166222,11.1867827,,99583,2620,4,4,-160028102.1
LOS OSOS,120177.4419,-1098.555108,1541085.32,-15014.81497,60800.9365,93,2,0,100,0,6.536612117,5.725816623,,76587,15829,2,2,-93712389.78
LOST HILLS,42239.3013,-95.66505365,445406.8185,-836.6056382,17663.68001,6,1,0,100,1,48.63455888,87.41329298,,35560,2635,10,10,-159952794.7
LOWER LAKE,44483.09022,-76.07214,521038.3405,-791.1215658,31346.01777,8,1,0,100,0,17.7809444,32.482028,,34567.5,7286,4,4,-136602474.6
LYNWOOD,116518.2067,79.31069832,1347828.029,1565.976715,143098.657,35,1,0,100,1,52.07462884,90.83112625,98449996,57386,69438,1,1,98449996
MADERA,867068.299,-1588.351122,8585429.008,-18685.97107,398457.6617,582,3,7.312178346,100,0.615384615,41.83546782,78.55971749,80065732,59471,103572,2,2,80065732
MAGALIA,17489.88,0,203797.44,0,58160.98099,4,1,0,100,0,15.45626653,26.37154748,,55908,8458,4,4,-130718455
MALIBU,2328.453588,-1.567583672,12839.64619,-8.682385124,4738.883101,3,1,0,100,0,9.403512032,11.80476731,77629687,149026,19438,2,2,77629687
MAMMOTH LAKES,13518.31563,-90.99762022,109052.2282,-706.4425011,108541.127,10,1,11.12474819,100,0,13.87639293,22.15916257,104057653,59620,8169,7,7,104057653
MANHATTAN BEACH,140296.29,-53.98662046,1176459.21,-304.6850477,270876.3104,20,1,0,100,0,5.222041746,3.506116786,154644150,169612.5,35500,1,1,154644150
MANTECA,791377.1092,-1285.74724,8440020.027,-14444.98636,570691.2741,524,3,24.14685131,100,0.666666667,42.37085523,79.39210493,143409231,69864,83541,1,1,143409231
MARINA,734968.523,-963.2276919,5506521.941,-5298.90026,252613.0034,919,2,61.81792689,100,0.25,25.62534021,51.14137975,56765434,70964,16685,1,1,56765434
MARIPOSA,13174.93512,-37.07702785,93667.7556,-185.3851392,4706.328216,5,1,98.71539393,100,0,13.46600498,21.18804389,,64432,10285,10,10,-121546011.5
MARTINEZ,326540.3878,-1075.208541,3543156.058,-10872.04956,173611.099,2616,3,5.924126492,100,0.076923077,21.22699241,41.46802876,85135534,98365,58611,1,1,85135534
MARYSVILLE,258347.6692,-515.2742886,2921906.632,-6197.889163,145144.105,500,3,0,100,0.25,33.60955921,66.06759995,21311139,49710,39064,4,2,21311139
MC FARLAND,111754.2353,-595.6861998,1142244.478,-5297.636811,46431.09557,28,1,0,100,1,41.96180327,78.6858368,,37492,30118,2,2,-21974543.32
MCKINLEYVILLE,334823.8271,-1688.430105,2496336.299,-8067.957494,286758.9331,146,2,1.345174417,100,0,9.415367274,11.86782696,,59089,17843,4,4,-83601113.78
MEADOW VISTA,4263.3,-23.935,37255.26,-192.4694,4073.680759,9,2,0,100,0,8.48504008,9.685962921,,89231,4875,3,3,-148706887
MENDOTA,130766.92,0,1516805.04,0,51180.73243,516,1,94.92130988,100,1,55.87689267,93.77601211,9142290,32046,13415,4,4,9142290
MENIFEE,1654.82352,-1.44083772,8274.1176,-7.2041886,9569.45485,3,1,0,100,0,20.64148565,39.90414933,116314465,95166,55591,1,1,116314465
MENLO PARK,195086.264,-706.069,1920789.114,-4786.60818,94314.98137,231,2,7.203802711,100,0,5.861988931,4.464623534,157347711,147162.5,42424,1,1,157347711
MERCED,1331550.735,-1871.761417,15257277.96,-20820.2358,1552912.352,4345,3,60.49823052,100,0.761904762,46.76364114,85.15575735,120579712,42193,110611,2,2,120579712
MIDDLETOWN,75623.11248,-98.88954073,866139.2087,-923.661274,92595.61367,9,1,0,100,0,12.31806497,18.43864296,,68814,7108,2,2,-137496122.7
MILL VALLEY,351116.7571,-2175.23258,3482772.444,-22285.33296,201556.053,167,2,0,100,0,4.637075251,2.661117417,88223199,158869,31047,1,1,88223199
MILLBRAE,8982.12,-11.2896,105890.4,-124.608,26742.92712,7,1,0,100,0,12.98782757,20.0908059,75050748,130798.5,22625,1,1,75050748
MILPITAS,2343139.462,-6695.181843,15066546.47,-49402.20749,1064828.887,83,2,47.45336157,100,0,20.66567226,40.01135074,328947490,124015,78528,1,1,328947490
MONTEBELLO,53804.32346,-80.02007719,329090.9965,-489.6076405,335482.7282,56,1,74.23650551,100,0.8,42.13513768,78.96329928,140473768,58203,65023,1,1,140473768
MONTEREY,973838.92,-2409.5287,7086204.655,-21508.6178,549308.5618,220,2,18.28208108,100,0,5.968952639,4.615966705,205769057,79146,28916,1,1,205769057
MONTEREY PARK,32555.95812,-48.40929425,162779.7906,-242.0464712,73514.00613,7,1,0,100,0.066666667,31.14311299,61.52099886,123277197,63563,62542,1,1,123277197
MONTROSE,6707.6,0,80491.2,0,4274.095052,3,1,0,100,0,21.25458612,41.58153613,,67407,5874,1,1,-143691412.9
MOORPARK,4046.70924,-6.017280696,20233.5462,-30.08640348,9000.211968,1,1,0,100,0,16.44043493,28.93807542,49128477,126733,38234,2,2,49128477
MORAGA,22382.79977,-289.7629,307075.0052,-3888.352,17839.43471,12,1,0,100,0,1.726916229,0.201790894,25515269,186652,15733,1,1,25515269
MORENO VALLEY,47477.53123,-31.52232745,332092.8562,-157.6116373,68558.59847,13,2,0,100,0.511627907,39.37834499,75.02837684,278525697,67747,204601,1,1,278525697
MORGAN HILL,1445791.288,-1764.236391,13295818.64,-13876.6593,971916.5408,52,1,13.65113081,100,0.090909091,18.05340463,33.33333333,110981465,115664,51712,2,2,110981465
MORRO BAY,465176.9253,-1659.949187,4830809.923,-17178.07026,231818.5859,530,2,0,100,0,11.8406507,17.21528566,37129331,64250,10655,2,2,37129331
MOSS LANDING,201024.492,-249.651,1326416.874,-1142.96229,67647.97369,8,2,0,100,0.5,40.07239563,75.81662252,,64050,10004,1,1,-122956770.5
MOUNTAIN VIEW,811027.532,-1709.84387,7155714.89,-16030.68257,443197.0993,468,2,9.432161936,100,0,17.2260796,30.89292471,389768619,134183,74507,1,1,389768619
MURPHYS,1480,0,17760,0,2311.239384,1,1,0,100,0,10.01600124,13.31819902,,48321,3560,10,10,-155308837.3
MURRIETA,221668.117,-35.14043106,2377502.255,-175.7021553,327685.5253,92,1,27.63452801,100,0,19.8981073,38.06280742,162953475,94861,127318,1,1,162953475
NAPA,972141.7083,-3016.64068,10111662.98,-27128.99638,541770.2781,522,4,9.113311685,100,0,16.76931948,29.78938075,234557175,86918.5,103365,2,2,234557175
NEVADA CITY,34217.6624,-185.72928,257741.2788,-1346.634735,38106.14484,22,1,0,100,0,17.61938678,32.03430445,13977891,75250,19638,4,4,13977891
NEWARK,164866.0463,-621.53245,1559238.279,-9861.468676,133699.783,203,1,18.00797707,100,0.111111111,22.84091432,44.75974272,159247528,121156,55184,1,1,159247528
NEWBURY PARK,38111.84066,195.6769922,379797.7033,3285.084961,107260.0326,4,1,0,100,0,9.899188943,13.01551267,,131289,44718,1,1,51324676.95
NEWCASTLE,10047.831,-49.23016006,113052.933,-538.7185203,11806.31987,12,1,18.36991242,100,0,8.681462014,10.19044016,,86250,2979,2,2,-158225744.6
NEWMAN,90273.05,0,1078940.4,0,22324.45608,152,2,0,100,0.5,41.74518459,78.37053853,8865452,57646.5,13682,4,4,8865452
NEWPORT BEACH,1053221.132,-2.121090653,12616515.72,-10.60545326,531492.1605,233,1,97.31939457,100,0,11.32833489,15.76491361,522199250,120057,71747,1,1,522199250
NEWPORT COAST,213.2,0,2558.4,0,4322.46038,3,1,3.089221598,100,0,6.707260486,5.996973137,,148583,13758,1,1,-104109834
NICE,171415.3254,-1678.04613,1989659.772,-19730.42935,130869.3542,7,1,0,100,0,15.55421814,26.57333838,,47472,2446,4,4,-160901668.2
NIPOMO,126985.9269,-521.1399593,1183866.454,-4744.371798,53811.22122,181,2,0,100,0,15.27562568,25.7661748,,84102,27744,2,2,-33893197.35
NORWALK,90084.23021,-11.0250992,973410.4598,-70.43101639,126855.2876,14,1,68.13909342,100,0.857142857,44.74812117,82.49463993,136917106,71875,105858,1,1,136917106
NOVATO,570361.8468,-4369.239403,4316945.221,-31276.50648,373166.031,787,3,5.539881044,100,0,9.770942404,12.57409509,103147717,117007,63616,2,2,103147717
OAK PARK,1367.1315,-2.0328651,6835.6575,-10.1643255,3040.612152,1,1,0,100,0,5.241023956,3.48719889,,143627,8355,1,1,-131235566
OAKDALE,166623.906,-797.7113,2062230.151,-11261.885,224515.898,232,2,47.76355355,100,0.25,37.32636064,72.02043133,37414843,68176,28121,1,1,37414843
OAKHURST,279136.104,-887.4230037,2895084.011,-7318.590929,105917.5958,23,1,48.13676488,100,0,14.89000897,24.85811578,,61445,13760,8,8,-104099793
OAKLAND,2084728.984,-11437.70305,18818659.84,-107070.1363,1364188.926,1316,3,5.288435814,100,0.231481481,26.65578267,53.285408,2264363902,68606,407922,1,1,2264363902
OAKLEY,75274.128,-32.2584,307389.764,-275.9868,24443.48136,24,1,87.54224444,100,0.166666667,31.87043889,62.8641695,50377267,91257.5,43415,1,1,50377267
OCCIDENTAL,40319.78047,-562.0955333,312792.2764,-2942.524692,15807.49328,5,1,0,100,0,8.152807182,8.840963552,,80341,3848,2,2,-153862934.8
OCEANO,119861.4698,-1037.62496,1277799.269,-10063.95662,43327.98666,228,2,0,100,0,18.76801139,35.13683945,,70270,7033,1,1,-137872659.7
OJAI,2260.32408,-3.361003632,11301.6204,-16.80501816,5027.145424,2,1,0,100,0,11.66881848,16.91890528,24871173,77596.5,16740,1,1,24871173
OLIVEHURST,143918.059,-265.9833,1664840.014,-3896.028,55128.46286,396,2,0,100,0.25,32.7576238,64.24517594,,43601.5,28522,2,2,-29987252.6
ORANGE,924385.77,-14.30408635,10948084.26,-87.92010708,525621.0164,330,1,91.73783677,100,0.038461538,25.62992361,51.0404843,304186913,88268,143399,1,1,304186913
ORANGE COVE,81400.5317,-4.815811091,826659.1185,-24.07905546,17670.79732,282,2,0,100,1,45.71140713,83.77475091,6439408,28125.5,7179,4,4,6439408
ORANGEVALE,2035,0,24420,0,141.2392483,11,1,0,100,0,11.91665704,17.29726321,,85862,37602,1,1,15598837.81
ORINDA,81063.058,-443.85936,540442.1574,-2805.222233,44397.59025,60,1,71.70677214,100,0,2.701502495,0.731491991,44863212,224318,20468,1,1,44863212
ORLAND,116257.3726,-17.2809,1395088.471,-207.3708,51290.59581,7,2,0,100,0,23.61414386,46.63892042,13178976,49952,17308,4,4,13178976
OROVILLE,166775.513,-441.69653,1962276.646,-6483.27996,252423.5559,374,4,21.98726942,100,0.071428571,23.92517862,47.41455417,39649481,42954,56228,4,4,39649481
OXNARD,78918.13709,-52.92957815,394590.6854,-264.6478908,381382.8707,16,1,0,100,0.153846154,23.73596972,46.96683062,381462311,69703,220161,1,1,381462311
PACIFIC GROVE,385017.3605,-3034.80314,3121277.976,-23499.1877,226263.207,76,2,38.46174573,100,0,3.212025046,1.13507378,63178440,85889.5,15522,1,1,63178440
PACIFICA,557137.0684,-5036.41715,4769443.977,-42220.59737,240841.8001,47,2,6.237806581,100,0,9.971508641,13.2109976,79983029,125082,38984,1,1,79983029
PAICINES,9383.427,-49.86,60269.03838,-271.68354,5802.60957,3,1,0,100,0,29.28433507,58.20406104,,94327,3049,6,6,-157874310
PALO CEDRO,45701.575,-308.531,499030.14,-3248.556,50940.91918,18,1,0,100,0,4.597585739,3.171900618,,70226,6629,2,2,-139900939.5
PARADISE,59555.721,-272.5679998,644014.2085,-2631.770529,62029.46291,108,2,19.12549927,100,0,18.12879274,33.53512423,39461656,53125,20696,4,4,39461656
PARLIER,264534.399,-704.762999,2881507.502,-6786.580045,95709.06837,397,2,0,100,1,68.97849209,99.11716484,10535639,36395,9242,3,3,10535639
PASO ROBLES,2113505.715,-6094.04297,22085014.05,-64526.50108,938141.0339,2395,3,12.46420965,100,0,14.77590883,24.55542944,,70402.5,42290,2,2,39134916.21
PENN VALLEY,65478.6801,-188.8652296,723561.1625,-2032.479388,56873.97794,38,3,35.39346431,100,0,12.48852833,18.93050826,,52500,5606,5,5,-145036905.4
PENNGROVE,21653.05776,-172.27299,237786.1592,-1795.309035,10786.19909,5,1,0,100,0,9.628344419,12.39752806,,108370,5737,1,1,-144379220.7
PENRYN,3975.295,-24.071,16167.50211,-124.72104,4720.944976,6,1,0,100,0,3.362042856,1.28641695,,86985,2546,1,1,-160399618.7
PETALUMA,2810015.002,-7295.021819,30969222.85,-75603.92865,1236508.12,3986,4,2.942062107,100,0,17.08248229,30.55870854,118435446,90556,79601,6,6,118435446
PHILO,0,0,0,0,1378.179988,1,1,0,100,0,14.22668781,23.00416194,,44896,3023,10,10,-158004842.8
PINE GROVE,32489.10676,-233.11262,360266.7129,-2508.177264,29449.30165,9,1,0,100,0,19.72378447,37.65922563,,78352,4639,10,10,-149891723.7
PINOLE,218572.8915,-1089.17351,2585512.704,-14385.65156,116373.6056,533,3,0,100,0,24.24420848,48.27847143,53486686,91866,17262,1,1,53486686
PIONEER,23859.19287,-260.26095,259593.7978,-2732.9526,22413.86782,9,1,0,100,0,15.47516408,26.67423383,,57032,5890,10,10,-143611085
PISMO BEACH,362797.0479,-1754.33743,4040545.299,-16665.95155,169250.7911,656,2,0,100,0,7.939373971,8.273426662,63036643,84782,8161,1,1,63036643
PITTSBURG,1527778.762,-841.8202984,11691561.93,-7013.946828,772467.7257,167,1,85.68919813,100,0.571428571,41.25075262,77.76516585,92988794,62414.5,78759,1,1,92988794
PLACENTIA,12350.21725,-9.667683918,126525.6462,-95.02977959,7081.374945,13,1,0,100,0.166666667,21.4392046,41.56261824,86022022,97163.5,56135,1,1,86022022
PLACERVILLE,243098.7505,-1041.357716,2733856.98,-11546.07136,181428.2371,35,1,2.421010491,100,0,15.30033453,25.92382394,28480303,66163.5,39151,3,3,28480303
PLEASANT HILL,296109.3245,-1240.97846,2643449.374,-12648.15394,186954.1767,387,1,5.791244755,100,0,8.914923559,10.66969353,76834417,127916.5,32996,1,1,76834417
PLEASANTON,139288.1802,-296.0055378,1496798.518,-4312.693382,143059.0188,345,4,8.827637862,100,0,14.35004864,23.28162442,331465720,159412,93374,2,2,331465720
PLYMOUTH,67219.74896,-649.1142399,709873.2289,-6790.459944,60011.40058,8,1,0,100,0,25.31138812,50.40988775,3299488,79375,5105,3,3,3299488
POINT ARENA,34590.42446,-213.85213,344444.2429,-2069.774256,18564.46866,15,1,0,100,0,13.90902337,22.20961029,1126945,57558,4188,10,10,1126945
POINT REYES STATION,69662.47732,-474.77483,818851.8078,-5599.15076,30087.85856,8,2,0,100,0,4.833126724,2.963803758,,95441,1641,10,10,-164943166.3
POLLOCK PINES,5520.68352,-32.49909,66248.20224,-389.98908,4130.833048,1,1,0,100,0,8.763272894,10.43006684,,83115,12697,4,4,-109436578.7
POMONA,642929.2,0,7715150.4,0,437328.2935,16,1,100,100,0.774193548,52.26491988,90.99508135,258915743,57650,152251,1,1,258915743
PORT HUENEME,8145.409104,-5.463041623,40727.04552,-27.31520812,17986.79735,4,1,0,100,0,28.7165969,57.27077816,28934474,64439,19861,1,1,28934474
POTTER VALLEY,1564.92,-8.4456,18779.04,-101.3472,986.9941371,1,1,0,100,0,16.42791155,28.85609787,,59348,1869,5,5,-163798493.5
QUINCY,40911.14603,-405.3387698,462245.8601,-4602.579329,32652.81939,5,1,0,100,0,16.81633412,29.92811199,,53581,5446,7,7,-145840184.6
RANCHO MIRAGE,522163.0329,-7.199082971,5986181.849,-39.30498678,162492.741,17,1,62.88055484,100,0,8.91900947,10.70752932,75260542,82097,17140,1,1,75260542
RANCHO PALOS VERDES,40073.5237,-41.32324922,354917.1185,-206.6162461,103230.3292,8,1,0,100,0,5.618139311,3.972758229,89577373,143721,44864,1,1,89577373
RED BLUFF,1138255.561,-2187.445286,13475583.83,-25650.92502,540779.8048,502,3,16.0224935,100,0,25.68313517,51.08462606,28947329,40948.5,34100,4,4,28947329
REDDING,15178.785,-62.37676,99482.29425,-384.5253,15690.88625,4,1,0,100,0,13.84379856,22.03304326,160494100,59235,109737,2,2,160494100
REDONDO BEACH,128353.8777,-0.04932769,590457.2566,-0.246638448,82175.29285,10,1,0,100,0,12.30210647,18.3945012,197197476,111585.5,72275,1,1,197197476
REDWOOD CITY,613922.9824,-1408.16541,6058687.081,-13959.43061,363160.6742,646,3,3.795860899,100,0.041666667,14.00365536,22.6636398,334832466,132742,121495,2,2,334832466
REDWOOD VALLEY,35722.38096,-334.6015527,368080.6854,-3760.292029,41437.17455,9,1,41.52790928,100,0,15.28289174,26.52919662,,60312.5,10311,4,4,-121415478.6
REEDLEY,316862.4178,-858.1050022,3349245.616,-8849.83918,112370.0526,876,2,17.3264174,100,0.857142857,47.79340498,86.54306974,23335581,44375,40225,5,4,23335581
RICHMOND,2209539.833,-11929.83564,22486985.92,-126294.3248,1633195.497,2597,2,11.43691966,100,0.5,38.48676688,73.34468407,518244183,58935.5,88242,1,1,518244183
RIO VISTA,1112211.88,-4065.706458,11231222.27,-36585.28222,555614.1393,401,3,13.81066724,100,0,38.66444693,74.00681044,15552814,68284,10676,7,7,15552814
RIPON,86051.1,-263.8497,727289.04,-4221.5952,76590.1109,4,1,0,100,0,29.07020827,57.87615084,23370019,83600,17867,1,1,23370019
RIVERBANK,193445.037,-476.549,2405110.881,-5999.5056,79430.71915,348,2,0,100,1,48.90525945,87.57724808,22223025,58165.5,16110,1,1,22223025
RIVERDALE,13549.68,0,144175.68,0,7512.078468,1,1,0,100,1,44.34086743,82.06583428,,50434,5221,7,7,-146969795.8
ROCKLIN,674270.4625,-480.1561525,7873505.584,-4526.936765,296237.1909,1024,4,2.565886655,100,0,7.616903506,7.579770463,123847771,94821,63112,1,1,123847771
RODEO,26380.77793,-232.56352,285460.3519,-3095.346328,18751.59687,251,1,0,100,1,43.45502387,80.84247698,,59567,6285,1,1,-141627989.7
ROHNERT PARK,796559.6046,-3060.128286,8999738.482,-33648.0417,421318.1182,1889,1,23.16492731,100,0,12.93589326,19.86379115,88150550,65119,38042,1,1,88150550
ROSEMEAD,32452.24488,-78.08581787,164129.8137,-396.3553451,3965875.058,58,25,0,40.41842836,0.5,39.64140399,75.46348846,59057151,61046,61315,1,1,59057151
ROSEVILLE,2610,0,31320,0,130.066063,9,1,0,100,0,13.03738161,20.17908942,319452085,88314.5,142410,1,1,319452085
SACRAMENTO,29903,0,358836,0,16421.66873,162,2,0.907177984,100,0.238636364,29.2166479,58.0653298,1263401000,57258.5,821850,1,1,1263401000
SAINT HELENA,95324.37966,-369.0733598,888594.7396,-3824.097834,43824.5674,31,1,0,100,0,15.80106435,27.3174423,,91889,7947,8,8,-133283927.7
SALINAS,5466769.433,-30800.98008,48946286.94,-249406.9386,3053607.515,726,3,19.25831466,100,0.05,26.33470027,52.553916,389086044,71607,199851,6,6,389086044
SAN ANSELMO,263893.8812,-861.9945089,2758645.632,-5929.989571,229761.9531,140,1,0,100,0,3.973132251,1.879177702,52211107,142072.5,17184,1,1,52211107
SAN BERNARDINO,223875.54,0,1740303.45,0,90805.97867,2,2,0,100,0.725490196,46.91061761,85.35754824,335935687,47970.5,278008,5,4,335935687
SAN BRUNO,132328.8681,-79.70582,1181047.529,-635.7174854,119661.5405,232,1,0,100,0.111111111,15.97754578,27.67057637,98367969,122308,43101,1,1,98367969
SAN CARLOS,863095.4914,-1899.4545,6116929.749,-12843.3915,402278.1941,43,2,16.26497369,100,0,7.880444239,8.172531215,114221909,189914,32112,1,1,114221909
SAN DIEGO,0,0,0,0,20892804.11,104,8,0,0,0.095785441,17.1951482,30.82355909,4139432802,77448,1335542,1,1,4139432802
SAN FRANCISCO,13683306.83,-49845.39895,126340607.2,-502719.15,33332781.1,2566,10,1.7252794,41.9634864,0.06122449,14.76133906,24.53651154,13200899836,115882.5,874961,6,6,13200899836
SAN GABRIEL,19004.4,0,62714.52,0,4752.896799,1,1,0,100,0.153846154,25.32997012,50.43511162,92436618,70618,62324,1,1,92436618
SAN GERONIMO,7242.578,-39.1026,42349.488,-207.1854,3574.055353,7,1,0,100,0,1.848289067,0.29007441,,97321,3371,1,1,-156257710.7
SAN JACINTO,9691.655944,-8.460604384,52094.99975,-45.62073142,121099.359,8,1,0,100,0.1,28.18148686,56.28704755,40924212,50020,61157,1,1,40924212
SAN JOSE,8691236.961,-28823.86169,76496064.37,-240695.7237,4926402.337,4821,4,46.85272528,100,0.070707071,19.25478188,36.43586833,2915456970,108125,1047701,1,1,2915456970
SAN JUAN BAUTISTA,148144.247,-771.21,1103996.763,-4608.93303,83644.50286,91,3,0,100,0,27.23503082,54.3069744,4032237,92423,6263,3,3,4032237
SAN LEANDRO,1444334.551,-4319.624039,15780609.47,-48941.90849,966954.5272,3751,3,1.987679266,100,0.136363636,30.26975556,59.96973137,289621805,78295,118450,1,1,289621805
SAN LORENZO,59093.4857,-344.3462506,486636.6634,-2684.505815,38864.77771,39,1,0,100,0,23.83273565,47.16862152,,96856.5,30688,1,1,-19112861.43
SAN LUIS OBISPO,622925.4062,-2636.939409,6183510.2,-27275.68056,277676.4409,626,3,5.467203328,100,0,11.85025369,17.24050952,176469386,69512,65313,1,1,176469386
SAN MARINO,32779.5,0,393354,0,21210.96697,18,1,0,100,0,8.693052429,10.16521629,61287251,165208.5,13194,1,1,61287251
SAN MARTIN,610856.5,-305.3686,6108565,-3053.686,463943.7159,11,1,0,100,0,27.36748698,54.69163829,,112964.5,9665,2,2,-124658718.1
SAN MATEO,1578122.95,-1849.134754,16625625.62,-18640.43094,739052.3031,3753,3,6.673942037,100,0,12.21017894,18.17379241,343379295,144479,143097,1,1,343379295
SAN PABLO,321706.5063,-2595.9495,3577423.493,-32363.61517,200685.9206,328,2,0,100,0.454545455,37.91161714,73.03569176,122697588,64327,63422,1,1,122697588
SAN RAFAEL,1119960.679,-5323.611967,11473788.44,-49703.23499,875477.2003,3558,2,26.31002978,100,0,10.72676884,14.66767562,210321883,96313,72139,1,1,210321883
SAN RAMON,517024.39,-562.051305,5855840.39,-6601.28538,149317.1351,2142,2,1.704857196,100,0,6.177989246,5.032160424,124315838,149437.5,86097,1,1,124315838
SANGER,337088.147,-506.6696,3664679.439,-7893.6228,100033.9402,785,2,0,100,0.375,33.81499162,66.12435364,31723224,73114.5,47464,2,2,31723224
SANTA ANA,1236913.901,-1392.642,11305834.87,-11209.464,660939.0923,33,1,96.47024788,100,0.283333333,34.30430864,67.22159163,599152417,72977,369465,1,1,599152417
SANTA BARBARA,411744.3327,-203.668357,3338520.056,-1643.537551,747495.3978,137,3,28.91033618,100,0,10.42881989,14.07491487,343060421,94509,145719,2,2,343060421
SANTA CLARITA,11225.8,0,134709.6,0,6543.937515,5,1,0,100,0,11.45789193,16.02976416,331043409,113299,51656,2,2,331043409
SANTA CRUZ,2629816.759,8547.487366,18865260.79,23259.57596,1463472.83,263,4,53.46282133,100,0,12.70988003,19.42237357,227343878,83911,106510,1,1,227343878
SANTA MARGARITA,4618.12752,-18.55809002,54261.66672,-218.0520901,3114.482086,2,1,0,100,0,16.06286718,27.87236726,,94133,6793,1,1,-139077578.4
SANTA MARIA,4346289.79,-11881.49233,46065883.16,-116113.3683,1681966.298,2646,3,3.487358423,100,0,20.81678144,40.35817884,176067163,73568.5,158111,2,2,176067163
SANTA MONICA,1048313.962,-78.38151498,11700812.5,-417.5812807,1017249.869,212,2,60.74468547,100,0.052631579,21.46840917,41.99772985,833735521,95417,91577,1,1,833735521
SANTA PAULA,33680.04478,-26.23106841,281006.3639,-131.6513181,53051.10028,18,1,27.40905089,100,0,23.02319783,45.21377223,34632590,69960,39386,2,2,34632590
SANTA ROSA,7937848.786,-23056.09924,88833306.9,-235916.4788,3415741.144,11014,5,3.089814525,100,0.025641026,17.33482715,31.20191701,408725410,76341,219348,1,1,408725410
SARATOGA,231117.2626,-432.242,1887732.622,-3501.3187,103323.8453,207,2,58.72721256,100,0,6.433643291,5.530331694,56055186,194503,30858,1,1,56055186
SAUSALITO,101756.1227,-649.97147,997912.3362,-6207.64664,92215.04446,75,1,0,100,0,9.616915982,12.33446841,39365612,105913,10548,1,1,39365612
SCOTIA,40224.4329,-656.1536999,319022.9179,-5119.1093,28432.24261,8,1,0,100,0,21.77249054,42.5904906,,39778,4347,7,7,-151357708.1
SCOTTS VALLEY,462066.207,-1969.553196,3436024.482,-12961.16758,220525.3763,54,1,51.51340077,100,0,6.997327605,6.583427923,31563210,107500,8746,1,1,31563210
SEASIDE,1117590.4,-3232.71804,10719622.68,-27912.13394,542886.4871,1254,2,65.81169469,100,0,16.82425784,29.92180603,86167784,56359,26914,1,1,86167784
SEBASTOPOL,348052.3002,-1982.38195,3797213.74,-21170.97844,186586.0433,167,1,0,100,0,11.81940291,17.13961407,24836702,92198,25746,2,2,24836702
SELMA,180001.962,-39.267,2024077.534,-408.3768,100866.2172,1036,1,0,100,1,50.50260285,89.37444823,42445076,46896.5,35199,3,3,42445076
SHAFTER,1043188.859,-5034.048771,9858536.076,-47979.05648,428008.1034,104,1,5.313099098,100,1,46.87337502,85.28818262,63669637,46052,23656,2,2,63669637
SHINGLE SPRINGS,158718.3804,-474.55461,1803195.384,-4985.26072,113514.3019,19,1,0,100,0,9.496108145,11.97502838,,86543.5,34244,1,1,-1259982.849
SIMI VALLEY,2309.553648,-3.4347276,12402.77098,-18.44864208,5119.148931,3,1,0,100,0,17.59676871,32.00908059,193391526,93237,128176,1,1,193391526
SODA SPRINGS,320,0,3840,0,14.91231423,1,1,0,100,0,17.09184826,30.5839324,,56500,3754,5,5,-154334861.3
SOLEDAD,997892.5187,-5371.96743,7882316.094,-35206.89917,444892.45,637,2,44.9972617,100,0,26.24812937,52.37734897,26247590,66655.5,24958,4,4,26247590
SOLVANG,28023,0,336276,0,1920.180568,149,1,0,100,0,11.36137432,15.87842099,24223243,82940,6445,4,4,24223243
SOMES BAR,1880.0811,-31.1382,19552.84344,-323.83728,1493.192987,1,1,0,100,0,12.15129708,17.94677765,,36960,1834,10,10,-163974210.8
SOMIS,82127.99682,-0.569202228,698822.5041,-2.84601114,56464.99997,2,1,0,100,0,22.20211742,43.41026611,,98565,8366,2,2,-131180340.5
SONOMA,515944.8252,-2699.24736,5884407.493,-30165.97657,251138.4499,337,2,7.12512258,100,0,13.38187621,21.03039475,42831807,82737.5,36263,7,7,42831807
SONORA,217479.3296,-369.8628609,2582756.871,-4520.522853,158242.837,18,1,10.97791303,100,0,19.88699362,37.34392736,20450527,56070,21270,4,4,20450527
SOQUEL,246206.244,-716.965,2955749.396,-6552.9508,148153.7727,26,1,0,100,0,6.356260832,5.372682558,,105221,3229,1,1,-156970621
SOUTH EL MONTE,38319.1874,-57.00146,227633.1853,-338.7792164,76799.50765,23,1,0,100,1,55.12307837,93.26522891,39193055,49417.5,39515,1,1,39193055
SOUTH PASADENA,28545.70572,-42.44622329,142728.5286,-212.2311164,47852.57619,6,1,0,100,0,10.46228801,14.12536259,69222562,120521,25661,1,1,69222562
SOUTH SAN FRANCISCO,628629.7601,-2870.027912,3798535.458,-21033.73356,263871.3339,55,1,12.68754967,100,0.181818182,18.2830425,33.97654181,294543622,106402,67118,1,1,294543622
STANFORD,10360,0,124320,0,7983.035467,56,1,0,100,0,8.874482723,10.86517846,,63000,20872,1,1,-68394035.82
STEVENSON RANCH,20073.6,0,240883.2,0,9165.00476,1,1,0,100,0,13.84808485,22.93479632,,134546.5,12035,2,2,-112760146.1
STOCKTON,5587206.633,-14710.98965,60556813.89,-158973.5191,3763514.386,8264,5,7.430532517,100,0.630136986,42.2460576,79.13986631,702319574,49219,363335,6,6,702319574
SUISUN CITY,912587.2751,-1929.664269,10712781.9,-19883.81141,439094.8635,559,2,6.410450712,100,0,20.66799941,40.0176567,31694227,79974,26469,1,1,31694227
SUN CITY,22106.68198,-19.25721862,106844.4459,-93.07266112,110512.1746,5,1,0,100,0,23.04033901,45.26421995,,69531,63822,1,1,147236204.6
SUNNYVALE,2615312.522,-2814.100703,26403001.75,-22329.77905,1043242.844,6810,4,25.4182287,100,0,15.67362723,26.92647244,450307639,146566,159933,1,1,450307639
SUTTER CREEK,145804.8417,-816.0211306,1630460.784,-8656.353519,135809.8384,35,1,0,100,0,26.54064656,52.95749779,4552576,56864,4675,7,7,4552576
TAFT,396875.1472,-1794.495841,3671881.887,-15860.01822,276790.1178,484,2,2.725294129,100,0.666666667,39.72641244,75.6211376,12051096,35718,17248,4,4,12051096
TEMECULA,37.2,-0.0339,446.4,-0.4068,95.67492917,1,1,0,100,0,15.21369988,25.67158532,276748683,99653,127231,2,2,276748683
TEMPLETON,267609.515,-1198.50922,2669110.995,-14026.01673,148648.7238,164,3,11.93721636,100,0,10.65950584,14.76857107,,92588,14011,1,1,-102839648.9
THOUSAND OAKS,47700.0818,-70.92794772,238500.409,-354.6397386,290420.4972,6,1,0,100,0,11.33988927,16.13696557,226976306,121187.5,79305,1,1,226976306
TORRANCE,189239.0594,-118.2337111,1710864.488,-984.7293764,414119.0496,39,2,0,100,0.162162162,25.32696195,50.47925337,512015370,89463.5,182791,1,1,512015370
TRACY,2017663.031,-3200.360452,19662874.31,-32364.52831,1200237.677,1725,4,12.81817608,100,0.25,33.57511841,65.84689116,226114037,82916.5,123469,2,2,226114037
TRINIDAD,26761.859,-451.0681403,295044.9896,-4947.903961,24406.35228,28,2,0,100,0,13.0274848,20.1286417,1812274,47583,2775,5,5,1812274
TRUCKEE,1478.52,-8.5988,15432.64,-86.8652,1633.529579,3,1,0,100,0,6.407040281,5.524025728,82745031,110808,18279,4,4,82745031
TULARE,71650.62,0,573204.96,0,17927.50202,1,1,0,100,0.428571429,39.04573036,74.50498171,111458928,47017,72613,2,2,111458928
TUSTIN,5827.094,0,69925.128,0,2353.142921,4,2,0,100,0,22.62834031,44.39399672,159816348,88761,88473,1,1,159816348
UKIAH,231261.2371,-972.2012784,2468965.392,-10629.74895,170084.4652,28,2,0,100,0,24.68063193,49.31264977,50276065,49135,26453,4,4,50276065
UNION CITY,365581.3463,-1184.9752,3738122.759,-12236.76483,249485.9454,977,2,36.66554945,100,0.125,23.39988382,46.09030143,154635136,116875,81064,1,1,154635136
VACAVILLE,4863504.318,-10956.18042,49640437.81,-104143.8193,2187779.377,3044,4,24.26137008,100,0,17.03700048,30.50826081,261334918,94659,106828,2,2,261334918
VALENCIA,16728,0,200736,0,9729.723966,4,1,0,100,0,13.68796373,21.69252112,,111042,70275,2,2,179633455.9
VALLEJO,1609408.462,-8678.151142,16584409.79,-84310.18349,894711.6525,1327,3,8.041261008,100,0.161290323,24.29481734,48.45503847,263619424,70417,122876,1,1,263619424
VALLEY SPRINGS,18282.88626,-103.95414,202166.5399,-1146.681504,19284.46529,4,1,7.307332601,100,0,20.83972852,40.04918653,,72865,17895,3,3,-83340048.06
VENTURA,906599.3612,36753.98621,13021453.01,588244.3311,823356.7688,9,1,0,100,0.08,19.78211039,37.8105688,278789652,78115,109566,2,2,278789652
VICTORVILLE,94067.20521,-139.9342433,821031.22,-1134.986689,301762.6743,36,2,0,100,0.1875,33.14440647,65.16584689,170667834,54880,135177,1,1,170667834
VISALIA,6415752.218,-156.6540549,95919140.94,-1215.585221,948406.2337,21,1,0,100,0.333333333,33.89256084,66.44595788,269522684,58713,159505,1,1,269522684
WALNUT CREEK,204788.533,-666.510275,1825942.537,-6322.205072,149316.048,545,1,12.3604517,100,0,9.048853866,10.94715601,183611285,122536.5,97658,1,1,183611285
WASCO,220766.3001,-1312.783465,2062786.252,-10935.75166,89943.9863,50,1,0,100,0.5,48.11692374,86.84575609,23647051,43879,27297,4,4,23647051
WATSONVILLE,2835102.842,-13809.31202,24891487.45,-120979.2667,1534907.835,289,2,54.13464208,100,0.133333333,22.83932029,44.74713079,115522757,68214,88671,2,2,115522757
WEST COVINA,0,0,0,0,134816.9959,1,1,0,100,0.166666667,31.51624847,62.27140875,167832707,88330.5,104339,1,1,167832707
WEST HOLLYWOOD,19595.5515,-29.1377331,97977.7575,-145.6886655,48607.49522,8,1,0,100,0,19.07648124,35.98183882,221253537,94315,20977,1,1,221253537
WEST SACRAMENTO,413489.9282,-1424.59808,4150214.539,-15760.23155,258486.1909,64,2,46.96469231,100,0.375,29.4599925,57.86984487,202036329,82773.5,45454,1,1,202036329
WESTLAKE VILLAGE,1275.9894,-1.89734076,6379.947,-9.4867038,2837.904675,1,1,0,100,0,11.59906002,16.44595788,37535299,110840.5,17146,1,1,37535299
WHEATLAND,39460,0,473520,0,2665.749749,206,1,0,100,0,25.75194716,51.24227519,6414899,77303,4652,2,2,6414899
WHITTIER,46504.62,-8.91,580959.81,-103.95,27780.54958,4,1,0,100,0.4,36.51480973,70.86013369,129417527,74819,183516,1,1,129417527
WILDOMAR,5019.631344,-4.370541084,25098.15672,-21.85270542,12383.84427,11,1,0,100,0,22.91926328,45.02459327,29236953,85335,34552,1,1,29236953
WILLIAMS,146558.7949,-457.497807,1705506.645,-5271.708945,68066.7281,7,1,31.93387463,100,0,25.81831426,51.40623029,11785217,66143,5963,8,8,11785217
WILLITS,188872.042,-1473.399907,1970209.169,-14627.94289,148690.5938,20,1,0,100,0,19.92642867,37.74120318,12618622,47007,12690,7,7,12618622
WILLOWS,21903.579,-109.89,210352.9446,-1016.6904,24265.41087,7,1,54.44533799,100,0,35.1167247,68.63412788,10963024,44004,7118,7,7,10963024
WINDSOR,436177.6798,-893.1963383,5060097.443,-9490.148611,112789.1686,1386,2,0,100,0,16.08930725,28.23811326,50138809,105544,21434,1,1,50138809
WINTON,2775,0,33300,0,9236.816894,29,2,99.86099181,100,1,42.83651815,79.97855972,,48057.5,9800,1,1,-123980951.4
WOODLAND,526910.0579,-288.6821886,5986636.618,-3137.043203,278715.8263,358,2,9.537818639,100,0,19.03141067,35.86833144,134378568,71184,68805,1,1,134378568
YORBA LINDA,100589.028,-23.217678,1207068.336,-278.612136,230594.6335,12,1,100,100,0,14.37930234,23.43296759,108191037,137520.5,63982,1,1,108191037
YOSEMITE NATIONAL PARK,8894,-51.06,78267.2,-449.328,18234.38254,4,1,0,100,0,20.14769097,38.74385168,,55994,1702,10,10,-164636916.1
YOUNTVILLE,16598.67248,-37.547,158077.8507,-258.09656,4901.835174,57,2,0,100,0,10.84848779,14.90730231,32212771,69300,2987,7,7,32212771
YUBA CITY,898299.6068,-1693.655181,9530011.21,-20746.77036,637530.0859,450,3,25.82280142,100,0.0625,25.73387267,51.23596923,95292052,60333.5,77902,2,2,95292052
