city,kWh,budget,claims,programs,obf,resource,dac,ces_score,ces_percentile,income,population,ruca,revenue,predicted_revenue,number,total_wa,perc_wa,total_ba,perc_ba,total_ia,perc_ia,total_aa,perc_aa,total_na,perc_na,total_mixed,perc_mixed,total_twoormoreraces,perc_twoormoreraces
ACAMPO,48664.72674,17684.56851,6,1,0,100,0,21.5314631,40.28250725,83913,9814,2,,-123910664.4,1,7697,0.78428775,21,0.0021398,38,0.00387202,290,0.02954962,11,0.00112085,618,0.06297127,1139,0.11605869
ADELANTO,13576.84423,27320.06323,4,1,0,100,0.5,35.90879867,68.45125489,45695.5,35179,1,23628867,23628867,2,22331,0.63478211,6505,0.18491145,155,0.00440604,602,0.01711248,66,0.00187612,3316,0.09426078,2204,0.06265101
ALAMO,73049.3926,48785.54268,15,1,88.04489588,100,0,2.175087916,0.4161937193,219750,9373,1,,-126124702.5,3,7975,0.85084818,5,0.00053345,18,0.00192041,973,0.10380881,10,0.00106689,117,0.01248266,275,0.02933959
ALBANY,153765.922,60926.19353,35,2,0,100,0,8.128605852,8.740068104,102361,16742,1,57342690,57342690,4,8516,0.50866085,554,0.03309043,115,0.00686895,4845,0.28939195,71,0.00424083,1190,0.07107872,1451,0.08666826
ALHAMBRA,21630.94939,48465.4476,7,1,0,100,0.15,33.70215145,66.14327153,59206,84647,1,154981924,154981924,5,19378,0.22892719,1894,0.02237528,400,0.00472551,43316,0.51172516,219,0.00258722,16936,0.20007797,2504,0.02958167
ALTA,185,12.83993167,1,1,0,100,0,11.76962086,16.93782318,75563,2932,2,,-158461707.8,6,2794,0.95293315,4,0.00136426,26,0.00886767,46,0.01568895,0,0,34,0.01159618,28,0.0095498
ALTADENA,21139.6,14367.50389,15,1,0,100,0,17.00764988,30.36952957,101875,37326,1,,14213181.32,7,18602,0.49836575,9652,0.25858651,331,0.00886781,2131,0.05709157,54,0.00144671,4594,0.12307775,1962,0.0525639
AMERICAN CANYON,246321.569,113629.6157,737,2,0,100,0,14.58399855,24.01311641,104042,13352,1,68336979,68336979,8,6106,0.45730977,805,0.06029059,138,0.01033553,4355,0.32616836,119,0.00891252,966,0.07234871,863,0.06463451
ANAHEIM,2843.648112,4105.068431,3,1,0,100,0.3666666667,34.96311183,68.35666541,66446,347532,1,1004225482,1004225482,9,230181,0.66233038,9071,0.02610119,1692,0.00486862,59408,0.17094253,1916,0.00551316,34037,0.09793918,11227,0.03230494
ANDERSON,153146.064,162295.5725,18,2,14.33681224,100,0,19.65311269,37.42590491,47839,23258,2,22567917,22567917,10,20297,0.87268897,231,0.00993207,616,0.02648551,459,0.01973514,13,0.00055895,766,0.0329349,876,0.03766446
ANGELS CAMP,34384.04703,18687.83465,8,2,0,100,0,16.31131717,28.56602346,54840,4483,7,,-150674920.8,11,4037,0.90051305,0,0,63,0.01405309,14,0.00312291,0,0,128,0.02855231,241,0.05375864
ANGWIN,12649.272,5444.59785,3,1,0,100,0,11.21272461,15.52528692,96705,5288,10,,-146633422.7,12,3751,0.70934191,291,0.05503026,19,0.00359304,573,0.10835855,15,0.00283661,426,0.08055976,213,0.04027988
ANTIOCH,1090279.854,755185.7001,401,2,75.68995326,100,0.05555555556,27.35417338,54.35742212,76397,112354,1,156004836,156004836,13,46174,0.4109689,23233,0.20678392,773,0.00688004,13400,0.11926589,1057,0.00940776,17973,0.1599676,9744,0.08672588
APPLE VALLEY,212224.59,206693.35,20,1,100,100,0,19.92653162,38.11325514,52921,80949,2,81839215,81839215,14,64269,0.79394434,6592,0.08143399,679,0.008388,1911,0.02360746,78,0.00096357,3159,0.03902457,4261,0.05263808
APTOS,344026.491,193663.2652,40,2,22.02401216,100,0,5.820021716,4.300668432,102500,31518,1,,-14945850.96,15,27891,0.8849229,247,0.00783679,185,0.00586966,1004,0.03185481,7,0.0002221,505,0.01602259,1679,0.05327115
ARBUCKLE,47268.9,45369.20434,2,1,0,100,0,27.46890061,54.74839198,65238,5647,7,,-144831065.2,16,5015,0.88808217,56,0.00991677,11,0.00194794,12,0.00212502,0,0,340,0.06020896,213,0.03771914
ARCADIA,72342.81,40843.1973,2,1,0,100,0,17.10420385,30.69113381,92807,69373,1,152549526,152549526,17,20391,0.2939328,1111,0.01601488,87,0.00125409,41869,0.60353452,127,0.00183068,3407,0.04911133,2381,0.03432171
ARCATA,582409.9204,587876.0012,451,2,2.829558836,100,0,24.23644209,48.22802371,39178,14499,4,34193557,34193557,18,10731,0.74012001,393,0.02710532,317,0.02186358,636,0.04386509,221,0.01524243,1235,0.08517829,966,0.06662528
ARNOLD,1858.72,1547.710454,4,1,0,100,0,10.51765879,14.38390718,64291,4664,10,,-149766211.3,19,4386,0.94039451,4,0.00085763,37,0.0079331,49,0.010506,5,0.00107204,145,0.03108919,38,0.00814751
ARROYO GRANDE,282692.1175,141893.2079,94,2,0,100,0,6.814271451,6.179846134,89204.5,25014,2,43882463,43882463,20,21821,0.87235148,272,0.01087391,320,0.01279284,867,0.03466059,88,0.00351803,572,0.02286719,1074,0.04293596
ARVIN,235985.1414,99105.11402,69,1,29.56813825,100,0.5,40.31055291,76.37785345,37428,22818,4,15759971,15759971,21,18740,0.82128144,129,0.00565343,88,0.0038566,181,0.00793233,0,0,3478,0.15242353,202,0.00885266
ATASCADERO,487560.5488,254199.3287,328,2,2.286541693,100,0,8.137025663,9.250851305,73061,25335,1,60949355,60949355,22,22651,0.8940596,258,0.01018354,284,0.01120979,412,0.01626209,12,0.00047365,550,0.0217091,1168,0.04610223
ATHERTON,1010,721.4905149,4,1,0,100,0,5.5779183,5.221339387,,7168,1,46121910,,23,5134,0.71623884,62,0.00864955,34,0.0047433,1486,0.20731027,24,0.00334821,87,0.01213728,341,0.04757254
ATWATER,388888.9852,519211.6338,1443,3,85.56285841,100,0.5,40.48984172,76.57333838,55891,40011,1,35304215,35304215,24,23285,0.58196496,1333,0.03331584,352,0.00879758,2145,0.05361026,219,0.00547349,10916,0.27282497,1761,0.0440129
AUBURN,215833.1616,222860.3327,152,3,9.113390282,100,0,13.28418307,20.82860386,76104.5,44187,3,34441547,34441547,25,40350,0.91316451,176,0.00398307,148,0.0033494,842,0.01905538,65,0.00147102,555,0.01256026,2051,0.04641637
BAKERSFIELD,15559277.6,6153282.742,18643,2,7.219449909,100,0.4945054945,38.59974028,73.91852693,53187,557492,1,547373792,547373792,26,398833,0.71540578,33475,0.0600457,6077,0.0109006,30348,0.05443666,1256,0.00225295,66967,0.1201219,20536,0.0368364
BALDWIN PARK,681793.8559,422768.9226,10,1,4.412623841,100,0.9411764706,53.14905383,91.66351368,66316,75905,1,87887248,87887248,27,32028,0.42194849,1166,0.01536131,1185,0.01561162,14605,0.19241157,362,0.00476912,21756,0.28662143,4803,0.06327646
BARSTOW,193153.7232,172943.9616,12,1,11.94360003,100,0.6666666667,46.05296177,84.12788498,41909.5,31403,4,67996702,67996702,28,21270,0.67732382,4660,0.14839347,515,0.01639971,669,0.0213037,342,0.01089068,1730,0.05509028,2217,0.07059835
BAYSIDE,6071.04315,7783.88752,41,1,0,100,0,12.01381501,17.59364359,61554,5229,4,,-146929631.9,29,4615,0.88257793,38,0.00726716,73,0.0139606,94,0.01797667,0,0,123,0.02352266,286,0.05469497
BELMONT,151204.076,116113.2491,10,2,0,100,0,8.604714339,10.00126119,143295,27359,1,83965540,83965540,30,17052,0.62326839,307,0.01122117,61,0.00222961,7506,0.27435213,257,0.00939362,668,0.0244161,1508,0.05511897
BEN LOMOND,17841.033,8335.549909,3,1,0,100,0,7.476653321,7.712195737,93123,8366,1,,-131180340.5,31,7638,0.91298111,37,0.00442266,44,0.00525938,93,0.01111642,0,0,160,0.01912503,394,0.04709539
BENICIA,429169.7766,241293.6881,117,3,40.43137769,100,0,14.40786172,23.50863917,104875,28681,1,116821349,116821349,32,20890,0.72835675,977,0.03406436,63,0.00219658,3415,0.11906837,68,0.00237091,918,0.03200725,2350,0.08193578
BERKELEY,836491.7125,557889.9229,387,3,2.462323583,100,0.02702702703,13.75509976,21.83755833,93105,132996,1,579751618,579751618,33,79240,0.59580739,9862,0.07415261,698,0.00524828,27428,0.20623177,584,0.00439111,4998,0.03758008,10186,0.07658877
BEVERLY HILLS,415702.0474,408832.0557,35,1,0,100,0,15.71375653,27.05259175,129977,40656,1,624117511,624117511,34,34132,0.83953168,840,0.02066116,71,0.00174636,3203,0.07878296,0,0,653,0.01606159,1757,0.04321625
BISHOP,4205.905568,59918.96966,6,1,68.7418027,100,0,11.68030389,16.67297263,66582,16336,8,19159702,19159702,35,13128,0.8036239,94,0.00575416,1596,0.09769833,350,0.02142507,11,0.00067336,505,0.03091332,652,0.03991185
BLUE LAKE,26643.8683,13781.31939,118,2,0,100,0,13.78548588,21.90692395,55000,3346,5,1492422,1492422,36,2735,0.8173939,3,0.00089659,207,0.06186491,31,0.00926479,16,0.00478183,77,0.02301255,277,0.08278542
BLYTHE,370829.52,91649.45262,13,1,86.41792656,100,0.1666666667,32.63407868,64.22625804,45481.5,14924,4,18987392,18987392,37,6582,0.44103458,1111,0.07444385,81,0.0054275,333,0.02231305,12,0.00080407,5467,0.3663227,1338,0.08965425
BOULDER CREEK,110122.7004,61971.34271,29,1,50.57901988,100,0,8.401874508,9.46525413,114562,10622,2,,-119854104.8,38,9189,0.86509132,55,0.00517793,61,0.0057428,328,0.03087931,72,0.00677838,181,0.01704011,736,0.06929015
BRADLEY,1465,72.4891886,5,1,0,100,0,22.00292932,42.98146046,55764,4462,10,,-150780351.2,39,3497,0.78372927,169,0.03787539,9,0.00201703,155,0.03473779,0,0,385,0.08628418,247,0.05535634
BREA,56907.36,27135.70352,1,1,0,100,0,23.80958589,47.13078572,92739,46522,1,138957376,138957376,40,31020,0.66678131,961,0.02065689,360,0.00773827,10708,0.23017067,80,0.00171962,1506,0.03237178,1887,0.04056145
BRENTWOOD,213533.707,171549.1583,955,2,53.0099574,100,0,23.64439284,46.69567411,122573.5,78554,2,130696354,130696354,41,51573,0.65652927,6548,0.08335667,753,0.00958576,7838,0.0997785,298,0.00379357,5542,0.07055019,6002,0.07640604
BRIDGEPORT,51932.95,111743.8738,29,1,100,100,0,13.79902457,21.95737167,61827,2444,10,,-160911709.2,42,1899,0.77700491,24,0.00981997,281,0.11497545,13,0.00531915,0,0,65,0.02659574,162,0.06628478
BRIDGEVILLE,7859.1214,7382.012316,4,1,0,100,0,12.52248763,19.03140371,54286,4179,5,,-152201151.2,43,3738,0.89447236,0,0,220,0.05264417,10,0.00239292,0,0,4,0.00095717,207,0.04953338
BRISBANE,309040.373,127604.295,58,1,30.84034941,100,0,36.76665277,71.38352882,113484,5051,1,48761941,48761941,44,2823,0.55889923,131,0.02593546,0,0,1673,0.33122154,0,0,147,0.02910315,277,0.05484063
BUENA PARK,208320.37,125532.6164,34,1,49.39361945,100,0.3076923077,26.66791535,53.31063186,89351,80669,1,168369439,168369439,45,39334,0.48759747,2517,0.03120158,739,0.00916089,25538,0.31657762,537,0.00665683,8553,0.10602586,3451,0.04277975
BURLINGAME,1331067.259,537631.799,920,3,33.97203785,100,0,8.766317428,10.36700719,129585,42760,1,204650697,204650697,46,25130,0.58769878,491,0.01148269,56,0.00130964,12456,0.29130028,84,0.00196445,1706,0.0398971,2837,0.06634705
BURNEY,8857.665,10321.75529,5,1,100,100,0,25.72248291,51.17921554,47408,4881,7,,-148676764,47,4235,0.86765007,51,0.01044868,169,0.03462405,88,0.01802909,0,0,122,0.02499488,216,0.04425323
BUTTONWILLOW,164338.9245,78305.35565,19,1,0,100,1,45.85231158,84.09635515,45781,3415,10,,-156036809,48,3024,0.88550512,13,0.00380673,0,0,0,0,0,0,316,0.09253294,62,0.0181552
CALISTOGA,212789.1145,88825.42097,271,2,0,100,0,10.98977817,15.38655568,85226,6684,8,36440152,36440152,49,5855,0.87597247,0,0,98,0.01466188,160,0.02393776,18,0.002693,464,0.06941951,89,0.01331538
CAMARILLO,26280.54116,49969.76758,9,1,0,100,0,14.92997166,24.94639929,105452,79627,1,118667215,118667215,50,62030,0.77900712,1545,0.01940297,471,0.00591508,7961,0.09997865,151,0.00189634,2341,0.02939958,5128,0.06440027
CAMBRIA,50718.60659,19600.02681,80,2,0,100,0,3.425983514,1.324252743,74036,8388,8,,-131069889.6,51,7547,0.89973772,39,0.0046495,26,0.00309967,282,0.03361946,0,0,382,0.04554125,112,0.01335241
CAMINO,4154.83416,3354.113981,2,1,0,100,0,10.91082467,14.98297389,90795,3495,4,,-155635169.4,52,3023,0.86494993,1,0.00028612,26,0.0074392,117,0.03347639,14,0.00400572,147,0.04206009,167,0.04778255
CAMPBELL,473185.0184,338893.2557,565,2,6.191652892,100,0,13.65427689,21.63576744,130811.5,44176,1,120771924,120771924,53,28814,0.65225462,1311,0.02967675,271,0.00613455,9233,0.20900489,283,0.00640619,1968,0.04454908,2296,0.05197392
CANYON COUNTRY,31891.44,23534.47676,3,2,0,100,0,23.84940071,47.28212889,85637,73789,2,,197275473.7,54,50523,0.68469555,3445,0.04668718,957,0.01296941,7469,0.10122105,18,0.00024394,6742,0.09136863,4635,0.06281424
CAPITOLA,351178.63,154072.8939,26,1,28.99466604,100,0,11.75383783,16.93782318,76519,11739,1,41633696,41633696,55,9926,0.84555754,71,0.00604822,67,0.00570747,429,0.03654485,15,0.00127779,480,0.04088934,751,0.06397478
CARMEL,157141.538,90717.01788,38,1,32.55874154,100,0,1.932289014,0.3405221339,99337,21923,4,,-63117496.06,56,19243,0.87775396,115,0.00524563,93,0.00424212,1246,0.05683529,222,0.01012635,297,0.01354742,707,0.03224924
CARMEL VALLEY,30851.149,19611.902,7,1,0,100,0,14.36136776,24.99054105,73199,11768,3,,-114100618.1,57,7387,0.62771924,63,0.0053535,100,0.00849762,57,0.00484364,0,0,3871,0.3289429,290,0.0246431
CARPINTERIA,4805.7264,10809.52602,4,1,0,100,0,21.08537881,41.02661117,72540,13619,1,30597609,30597609,58,9993,0.73375431,63,0.00462589,186,0.01365739,330,0.02423085,0,0,2520,0.18503561,527,0.03869594
CARSON,931403.6923,472207.048,109,2,35.83050645,100,0.7777777778,46.60398634,84.84676504,79687.5,83730,1,208784719,208784719,59,20969,0.25043593,20837,0.24885943,598,0.007142,23553,0.28129703,2191,0.02616744,11453,0.1367849,4129,0.04931327
CARUTHERS,23185.278,10472.4804,2,1,0,100,1,47.89711325,86.61874133,45587,5068,2,,-147737931.5,60,3104,0.6124704,8,0.00157853,0,0,306,0.06037885,0,0,1450,0.28610892,200,0.0394633
CASTAIC,90940.26,52234.364,20,1,0,100,0,14.49858258,23.75457182,120072.5,30663,2,,-19238373.79,61,21093,0.68789747,1912,0.06235528,539,0.01757819,2356,0.07683527,94,0.00306558,2750,0.08968464,1919,0.06258357
CASTRO VALLEY,324351.0194,224983.1643,91,2,0,100,0,12.27988286,18.31882961,123005.5,68146,1,,168944823,62,36828,0.5404279,4273,0.06270361,525,0.00770405,19778,0.2902298,286,0.00419687,1724,0.02529862,4732,0.06943915
CASTROVILLE,206877.143,122974.9242,24,2,0,100,0,31.32869974,61.83629714,66063,15986,2,,-92924172.14,63,7831,0.48986613,224,0.01401226,29,0.00181409,670,0.04191167,83,0.00519204,6788,0.42462154,361,0.02258226
CAYUCOS,18655.46744,13042.57852,11,2,0,100,0,7.285554977,7.062681297,64246,2630,2,,-159977897.2,64,2502,0.9513308,0,0,0,0,43,0.01634981,0,0,47,0.01787072,38,0.01444867
CAZADERO,352.748,377.104511,4,1,0,100,0,3.98585298,3.077311136,70517.5,3983,6,,-153185168.1,65,3438,0.86316847,0,0,118,0.02962591,119,0.02987698,5,0.00125534,189,0.04745167,114,0.02862164
CERRITOS,8785.8,2267.63522,3,1,100,100,0,25.35303137,50.48555934,106354,50143,1,158028704,158028704,66,9937,0.19817322,4334,0.0864328,172,0.00343019,29655,0.59140857,267,0.00532477,2790,0.05564087,2988,0.05958957
CHATSWORTH,1377.6,842.5557076,1,1,0,100,0,23.30719819,45.8569807,91544,47215,1,,63860851.81,67,27376,0.57981574,2521,0.05339405,163,0.00345229,7542,0.15973737,137,0.00290162,7410,0.15694165,2066,0.04375728
CHICO,1541790.982,1293355.724,4523,5,16.25304024,100,0.04347826087,19.49668227,37.04124101,50488,109037,1,162340118,162340118,68,89791,0.82349111,2072,0.01900272,682,0.00625476,5105,0.04681897,402,0.00368682,5581,0.05118446,5404,0.04956116
CHOWCHILLA,461350.782,198932.8769,336,2,7.861166601,100,0.6666666667,45.63000063,83.78105688,73060,22300,7,19055065,19055065,69,13983,0.62704036,1555,0.06973094,588,0.02636771,784,0.03515695,56,0.00251121,4255,0.19080717,1079,0.04838565
CHUALAR,98910.981,62023.26814,3,1,0,100,0,23.89481889,47.38302434,71844,6527,2,,-140413030,70,2878,0.44093764,29,0.00444308,53,0.00812012,305,0.04672897,0,0,3171,0.4858281,91,0.01394209
CLAREMONT,118775.8775,49810.31779,10,1,66.61051498,100,0,26.7691881,53.38630344,91661,38213,1,71969579,71969579,71,24495,0.64101222,2051,0.05367283,377,0.00986575,5364,0.14037108,27,0.00070657,3189,0.08345328,2710,0.07091827
CLAYTON,56473.20302,33937.22711,74,2,0,100,0,4.600020856,2.944885862,139110.5,14078,1,14894867,14894867,72,11707,0.83158119,463,0.03288819,15,0.00106549,968,0.06875977,0,0,170,0.01207558,755,0.05362978
CLEARLAKE,381931.6878,224622.9936,57,2,6.061488819,100,0,25.69269569,51.12876781,29052,11491,4,20483995,20483995,73,7810,0.67966234,678,0.0590027,555,0.04829867,19,0.00165347,0,0,1910,0.16621704,519,0.04516578
CLEARLAKE OAKS,48434.09216,32304.5173,8,1,0,100,0,18.57060279,34.48732501,44306.5,7002,4,,-138028295.1,74,5676,0.81062554,168,0.02399314,223,0.03184804,81,0.01156812,0,0,500,0.07140817,354,0.05055698
CLOVERDALE,255002.1183,115774.557,26,1,0,100,0,19.33756652,35.98814478,68313,10009,2,18179773,18179773,75,7562,0.75552003,69,0.0068938,233,0.02327905,399,0.03986412,6,0.00059946,1317,0.13158158,423,0.04226196
CLOVIS,1719822.479,886236.7007,7733,3,11.05423329,100,0.1428571429,20.94706762,40.5662757,93445,133683,2,172798267,172798267,76,94332,0.70563946,3670,0.027453,1538,0.01150483,14960,0.11190653,392,0.00293231,12073,0.09031066,6718,0.05025321
COALINGA,210288.777,54218.71551,591,2,0,100,0,31.83770714,62.83263968,52173,18095,7,13146859,13146859,77,10702,0.5914341,523,0.02890301,500,0.02763194,416,0.02298978,116,0.00641061,4698,0.25962973,1140,0.06300083
COARSEGOLD,49681.443,20641.20544,7,1,0,100,0,12.09459976,18.08550889,70732.5,12361,6,,-111123464.8,78,10923,0.88366637,132,0.01067875,331,0.02677777,167,0.01351023,0,0,140,0.01132594,668,0.05404094
COLFAX,7543,2838.185382,30,2,0,100,0,8.659617039,10.13999243,69591,7188,2,6124843,6124843,79,6456,0.89816361,100,0.01391208,138,0.01919866,43,0.00598219,0,0,83,0.01154702,368,0.05119644
COLUSA,1902.15,1631.909785,2,1,0,100,0,31.15810985,61.62820028,53136.5,7592,7,9855638,9855638,80,6695,0.88184932,181,0.02384089,61,0.00803477,113,0.01488409,16,0.00210748,269,0.03543203,257,0.03385142
CONCORD,1030959.021,594691.2615,712,1,15.16682778,100,0,17.49302508,31.68747635,87806,151412,1,289984000,289984000,81,89247,0.58943149,6887,0.04548517,791,0.00522416,22741,0.15019285,805,0.00531662,19817,0.1308813,11124,0.07346842
COPPEROPOLIS,1300.02534,1478.380558,1,1,0,100,0,21.79290013,42.64093833,82575,4694,10,,-149615596.5,82,4307,0.91755432,84,0.01789519,0,0,57,0.01214316,0,0,89,0.01896037,157,0.03344695
CORCORAN,66692,4473.78769,345,1,0,100,0.4,38.04198054,73.11766932,36456,23331,4,14901061,14901061,83,14978,0.64197848,2666,0.11426857,358,0.01534439,176,0.00754361,20,0.00085723,4593,0.19686254,540,0.02314517
CORNING,115242.68,15793.3863,443,2,0,100,0,31.20632577,61.63450624,46739,17805,5,17477041,17477041,84,14959,0.84015726,74,0.00415614,354,0.01988206,125,0.0070205,12,0.00067397,1734,0.09738837,547,0.03072171
CORONA,2495850.081,1071545.117,413,1,0,100,0.175,27.60013403,55.11413797,92458.5,249129,1,303874260,303874260,85,145711,0.58488173,15566,0.06248169,1024,0.00411032,34334,0.13781615,834,0.00334766,38584,0.15487559,13076,0.05248686
CORONA DEL MAR,21522.04738,19366.0719,16,1,31.75633495,100,0,4.853206552,2.98902762,154344,9843,1,,-123765070.1,86,8866,0.90074164,251,0.02550036,9,0.00091436,208,0.02113177,0,0,263,0.0267195,246,0.02499238
CORTE MADERA,61005.82086,39199.55583,59,3,50.51509619,100,0,8.21100984,9.049060411,146381.5,11867,1,62244928,62244928,87,9809,0.82657791,243,0.02047695,22,0.00185388,752,0.06336901,15,0.00126401,503,0.04238645,523,0.0440718
COSTA MESA,275678.9738,148945.5584,80,1,52.66421996,100,0.08695652174,20.68295295,40.06810443,86884,111330,1,355838412,355838412,88,79250,0.71184766,1848,0.0165993,628,0.00564089,9513,0.08544867,866,0.00777868,14631,0.1314201,4594,0.04126471
COTATI,271937.381,109152.812,403,2,0,100,0,17.48975058,31.65594653,72985,14516,1,20660193,20660193,89,12152,0.83714522,65,0.00447782,4,0.00027556,449,0.03093139,40,0.00275558,1282,0.08831634,524,0.0360981
COULTERVILLE,6691.725804,5142.6919,3,1,0,100,0,15.1202458,25.37520494,39719,2857,10,,-158838244.9,90,2579,0.90269513,16,0.00560028,38,0.01330067,12,0.00420021,39,0.01365068,52,0.01820091,121,0.04235212
CULVER CITY,432360.5808,740226.9071,38,1,42.58739523,100,0,30.83203933,61.01652163,85544.5,41077,1,271554477,271554477,91,26716,0.6503883,2535,0.06171337,94,0.00228839,6042,0.14708961,38,0.00092509,3195,0.07778075,2457,0.05981449
CUPERTINO,484013.78,247370.6091,372,2,3.752406839,100,0,10.75461157,14.69920545,170610,61929,1,196447606,196447606,92,17022,0.27486315,664,0.01072196,128,0.00206688,41440,0.66915339,193,0.00311647,580,0.00936556,1902,0.03071259
DALY CITY,716892.7038,524365.7901,1368,2,66.72300116,100,0,21.23519022,41.32299155,97461.5,114485,1,200748571,200748571,93,25274,0.22076255,3780,0.03301743,468,0.00408787,65657,0.57349871,1441,0.0125868,12409,0.10838975,5456,0.0476569
DANVILLE,222325.9862,113364.0322,509,3,0,100,0,3.239307706,1.166603607,169094.5,49140,1,72565325,72565325,94,39576,0.80537241,602,0.01225071,17,0.00034595,6876,0.13992674,66,0.0013431,294,0.00598291,1709,0.03477818
DAVIS,351784.3874,189874.1432,54,3,10.68853244,100,0,12.56234193,19.13229916,70469,71684,1,158861658,158861658,95,44096,0.61514424,1549,0.02160873,188,0.00262262,18341,0.25585905,230,0.00320853,2803,0.03910217,4477,0.06245466
DEL REY,37284.881,19428.71665,9,1,0,100,1,55.80802584,93.74448228,40573,3293,2,,-156649309.3,96,2391,0.72608564,0,0,0,0,108,0.03279684,0,0,614,0.18645612,180,0.0546614
DELHI,12495,44447.8348,130,1,95.55306462,100,0.5,40.49075709,76.69315172,54413,12422,1,,-110817214.7,97,4947,0.39824505,188,0.01513444,24,0.00193206,556,0.0447593,0,0,6304,0.50748672,403,0.03244244
DINUBA,190540,127050.2436,1203,1,18.83783576,100,0.8,48.30342822,87.03493505,54744,32347,5,50721038,50721038,98,24589,0.76016323,149,0.0046063,178,0.00550283,635,0.01963088,3,9.27E-05,5969,0.18453025,824,0.02547377
DISCOVERY BAY,4923.4,6226.449272,4,1,0,100,0,16.93667271,30.19296254,121688,9370,3,,-126139764,99,7795,0.83191035,167,0.01782284,75,0.00800427,472,0.05037353,0,0,488,0.05208111,373,0.0398079
DIXON,587500.8375,333415.9587,1093,4,0,100,0,23.14191445,45.46601085,87639,27647,5,55726851,55726851,100,19839,0.71758238,459,0.01660216,160,0.00578725,1636,0.05917459,90,0.00325533,3713,0.13430029,1750,0.06329801
DOS PALOS,121536.86,231156.5394,630,3,88.64074857,100,1,51.84016295,90.50952201,40040.5,9043,8,4536757,4536757,101,5075,0.56120756,311,0.03439124,98,0.01083711,80,0.00884662,0,0,2941,0.32522393,538,0.05949353
DOWNEY,1639051.641,748363.9731,95,1,34.93263971,100,0.2727272727,34.45541725,67.43599445,74231,112322,1,220835936,220835936,102,68660,0.61127829,3800,0.03383131,575,0.00511921,7736,0.06887342,174,0.00154912,28198,0.2510461,3179,0.02830256
DUBLIN,282452.393,208330.7862,299,2,12.64694717,100,0,12.98059678,19.97729852,124338,37942,1,283718026,283718026,103,17886,0.47140372,1700,0.04480523,245,0.00645722,14294,0.37673291,128,0.00337357,941,0.02480101,2748,0.07242633
DURHAM,185,13.93221308,1,1,0,100,0,17.66888967,32.33699079,84811,5834,2,,-143892232.7,104,5128,0.87898526,112,0.01919781,0,0,153,0.02622557,0,0,193,0.03308193,248,0.04250943
EL CERRITO,401832.2498,183162.5768,1346,1,0,100,0,11.36615592,15.90364485,107813,30762,1,68530224,68530224,105,16194,0.52642871,1889,0.06140693,223,0.0072492,8904,0.28944802,255,0.00828945,1096,0.03562837,2201,0.07154931
EL DORADO HILLS,13795.7,6773.087062,36,2,37.92175978,100,0,4.262993213,2.251229663,146439.5,33927,1,,-2851479.618,106,27456,0.80926696,482,0.01420697,89,0.00262328,3385,0.09977304,224,0.00660241,414,0.01220267,1877,0.05532467
EL MONTE,119920.023,121529.5452,40,1,0,100,1,53.57521225,92.0797074,52436,98427,1,219130286,219130286,107,39090,0.39714712,554,0.00562854,885,0.00899144,28543,0.28999157,639,0.00649212,25237,0.25640322,3479,0.03534599
EL SEGUNDO,17577.90317,48444.04815,4,1,0,100,0.1666666667,15.56612256,26.56703241,109929,16731,6,194778081,194778081,108,12005,0.71753033,626,0.03741558,37,0.00221146,1701,0.10166756,9,0.00053792,756,0.04518558,1597,0.09545156
EL SOBRANTE,251044.4889,192640.9567,121,2,22.08181959,100,0,15.69790454,27.18501703,85388.5,21101,1,,-67244342.57,109,10286,0.48746505,2768,0.13117862,173,0.00819866,4667,0.22117435,23,0.00109,1271,0.06023411,1913,0.09065921
EMERYVILLE,349156.8492,230760.6884,799,2,3.638275216,100,0.4,35.68323888,69.58632867,79679,37271,1,134910892,134910892,110,15679,0.42067559,9524,0.25553379,259,0.0069491,5582,0.14976792,194,0.00520512,2747,0.07370342,3286,0.08816506
ESCALON,24555.36,13850.46844,3,1,0,100,0.5,35.97940652,69.37192584,69036,13379,5,10279976,10279976,111,12254,0.915913,77,0.00575529,75,0.0056058,161,0.01203378,9,0.0006727,555,0.04148292,248,0.01853651
EUREKA,1900805.269,1633526.741,2795,3,3.504065616,100,0,15.29409632,25.91751797,52197.5,49398,4,78488452,78488452,112,38934,0.78816956,698,0.01413013,1035,0.02095227,2590,0.05243127,89,0.00180169,2538,0.0513786,3514,0.07113648
FAIRFAX,193260.2195,156145.0299,791,2,77.05296066,100,0,3.849072866,1.715222601,111060,9682,2,27889662,27889662,113,8506,0.87853749,80,0.00826276,16,0.00165255,374,0.03862838,29,0.00299525,160,0.01652551,517,0.05339806
FAIRFIELD,3668954.351,1821874.727,924,4,3.531775802,100,0,24.52497301,48.83970236,80596.5,119471,1,304222431,304222431,114,59217,0.49566003,17782,0.14883947,592,0.00495518,20699,0.17325543,1495,0.0125135,10046,0.08408735,9640,0.08068904
FARMERSVILLE,12855.74783,47170.41483,2,1,0,100,1,39.89905213,75.83554042,32096,5422,1,14207660,14207660,115,3741,0.6899668,31,0.00571745,79,0.01457027,21,0.00387311,3,0.0005533,1125,0.20748801,422,0.07783106
FELTON,241666.693,125644.7526,18,1,26.58114999,100,0,6.368148573,5.41051835,98578,4781,1,,-149178813.4,116,4284,0.89604685,75,0.01568709,0,0,98,0.0204978,0,0,142,0.0297009,182,0.03806735
FERNDALE,74572.78666,55313.63738,164,2,0,100,0,16.03575081,27.83453147,50896,3309,10,2294478,2294478,117,2902,0.87700212,0,0,47,0.01420369,56,0.01692354,0,0,115,0.0347537,189,0.05711695
FILLMORE,15749.35488,35027.85199,1,1,0,100,0,30.02519964,59.57245554,75633.5,19999,4,18597707,18597707,118,17036,0.85184259,93,0.00465023,148,0.00740037,185,0.00925046,13,0.00065003,1646,0.08230412,878,0.0439022
FIREBAUGH,119501.4072,51464.879,212,2,0,100,1,41.5319313,78.21919536,50556,11116,9,10261058,10261058,119,7315,0.65806045,9,0.00080964,27,0.00242893,8,0.00071968,0,0,3752,0.33753149,5,0.0004498
FOLSOM,43074,20014.58192,191,2,0,100,0,5.69767681,4.086265607,115527.5,78159,1,223853178,223853178,120,54802,0.70116046,2663,0.03407157,291,0.00372318,13428,0.17180363,368,0.00470835,2006,0.02566563,4601,0.05886718
FOREST RANCH,279,14.28292397,1,1,0,100,0,13.45460824,21.13759617,109444,4753,2,,-149319387.3,121,4155,0.87418473,26,0.00547023,0,0,92,0.0193562,0,0,100,0.02103934,380,0.07994951
FORESTHILL,878,43.47816218,3,1,0,100,0,11.58303528,16.38289822,79802,6903,2,,-138525324,122,6581,0.95335361,0,0,0,0,88,0.01274808,0,0,129,0.01868753,105,0.01521078
FORESTVILLE,15331.78218,6898.796941,11,1,0,100,0,10.37754511,14.19472821,66913.5,8376,2,,-131130135.6,123,7377,0.88073066,10,0.00119389,102,0.01217765,161,0.01922159,15,0.00179083,235,0.02805635,476,0.05682904
FORT BRAGG,69661.43152,53340.16677,15,1,0,100,0,21.19126697,41.30407365,49522,12078,4,20389620,20389620,124,9976,0.82596456,105,0.00869349,386,0.03195893,167,0.01382679,15,0.00124193,894,0.07401888,535,0.04429541
FORTUNA,289304.9109,358065.1024,158,1,10.26415064,100,0,23.52426979,45.92004036,48872.5,9342,4,17571716,17571716,125,7599,0.81342325,67,0.00717191,259,0.02772426,45,0.00481696,60,0.00642261,688,0.0736459,624,0.06679512
FOUNTAIN VALLEY,26201.5625,9423.693049,7,1,0,100,0,23.45967089,46.43712952,93454,53847,1,137721744,137721744,126,29962,0.5564284,267,0.00495849,141,0.00261853,18604,0.34549743,140,0.00259996,2072,0.0384794,2661,0.04941779
FOWLER,84149.10123,51443.67221,19,1,70.70799134,100,1,51.32610886,90.2005297,47406,5177,4,13479812,13479812,127,3946,0.7622175,50,0.0096581,31,0.00598802,408,0.07881012,1,0.00019316,489,0.09445625,252,0.04867684
FREMONT,4189145.551,2351006.555,14231,3,59.06329147,100,0,16.55727479,29.20923193,135033.5,227727,1,705689160,705689160,128,55360,0.2430981,7060,0.03100203,1052,0.00461957,133326,0.58546417,2028,0.0089054,17817,0.07823842,11084,0.04867231
FRENCH CAMP,112990.172,60798.15547,151,1,0,100,1,56.14622002,94.08500441,53250,6299,1,,-141557702.7,129,4040,0.64137165,724,0.11493888,55,0.00873154,556,0.08826798,46,0.00730275,483,0.07667884,395,0.06270837
FRESNO,5874454.692,3002237.46,684,5,7.372681682,100,0.664,46.16995249,84.44948922,43839,591168,2,849627432,849627432,130,362620,0.61339585,40652,0.06876556,6962,0.01177669,77674,0.13139074,752,0.00127206,77536,0.1311573,24972,0.0422418
FULLERTON,1050721.55,530717.7888,90,1,19.2749145,100,0.2,27.11149758,54.1241014,84479,155957,1,230208631,230208631,131,91441,0.58632187,3691,0.02366678,585,0.00375103,36690,0.23525715,421,0.00269946,15618,0.10014299,7511,0.04816071
GARBERVILLE,20410.4792,6670.862373,62,2,0,100,0,10.0760367,13.45693026,65283,3241,10,,-156910375,132,3162,0.97562481,32,0.0098735,3,0.00092564,3,0.00092564,0,0,27,0.00833076,14,0.00431965
GARDENA,13146.65352,42208.28104,8,1,0,100,0.8,56.29544214,94.20481776,56535,79331,1,142671233,142671233,133,21353,0.26916338,16684,0.21030871,450,0.00567244,18260,0.23017484,753,0.00949188,18410,0.23206565,3421,0.04312312
GEORGETOWN,6140.94708,5053.380547,7,2,0,100,0,14.08682116,22.67625173,64883,7911,2,,-133464665.5,134,7415,0.93730249,33,0.00417141,185,0.02338516,44,0.00556188,0,0,53,0.00669953,181,0.02287953
GEYSERVILLE,93111.71767,31897.2663,13,1,0,100,0,15.5125336,26.42199521,104792,3644,2,,-154887115.7,135,2788,0.7650933,28,0.00768386,41,0.01125137,55,0.0150933,26,0.00713502,586,0.16081229,120,0.03293085
GILROY,2779159.006,1773220.929,95,3,6.823748777,100,0.2,27.45469124,54.59704881,96547.5,62228,6,132694169,132694169,136,47108,0.75702256,936,0.01504146,351,0.00564055,5764,0.09262711,0,0,4961,0.07972295,3108,0.04994536
GLEN ELLEN,58889.13057,28515.95513,27,1,0,100,0,7.464265917,7.327531845,117167,4782,4,,-149173792.9,137,3997,0.83584274,20,0.00418235,58,0.01212882,160,0.0334588,0,0,406,0.08490171,141,0.02948557
GOLETA,60493.62236,136099.8914,19,1,0,100,0,7.729470845,7.781561357,96250,56967,1,79722144,79722144,138,38318,0.67263503,1678,0.02945565,256,0.00449383,8690,0.15254446,0,0,4856,0.08524233,3169,0.0556287
GONZALES,102710.78,15273.97739,361,2,0,100,0,26.19232829,52.2260058,54205,5469,2,13714502,13714502,139,2182,0.39897605,2,0.0003657,9,0.00164564,0,0,33,0.00603401,3243,0.59297861,0,0
GRANITE BAY,3220.672,5431.173093,5,1,0,100,0,5.231010659,3.443057132,136534.5,25063,1,,-47353143.21,140,20668,0.8246419,852,0.03399433,110,0.00438894,1867,0.07449228,14,0.00055859,305,0.01216933,1247,0.04975462
GRASS VALLEY,735915.6256,504653.9775,204,4,70.46580579,100,0,11.87112952,17.46752428,76103.5,47806,6,43207378,43207378,141,44138,0.92327323,160,0.00334686,338,0.00707024,546,0.01142116,27,0.00056478,308,0.00644271,2289,0.04788102
GREENBRAE,278.028,443.3790589,5,1,0,100,0,5.588140253,3.934922437,194808,12130,1,,-112283199.1,142,10372,0.85507007,65,0.00535862,8,0.00065952,789,0.06504534,14,0.00115416,472,0.03891179,410,0.03380049
GREENFIELD,382413.8566,160964.8627,541,2,4.639718211,100,0,22.19617776,43.39765418,63827,18424,4,21125795,21125795,143,9527,0.51709726,168,0.00911854,11,0.00059705,144,0.00781589,0,0,8227,0.44653713,347,0.01883413
GROVER BEACH,178879.2887,101869.0331,126,2,0,100,0,14.68362273,24.3977803,64127.5,13535,1,26760953,26760953,144,10837,0.80066494,261,0.01928334,84,0.00620613,534,0.03945327,62,0.00458072,1165,0.08607314,592,0.04373846
GUERNEVILLE,33654.98945,16502.99496,10,1,0,100,0,11.49538742,16.24416698,60331,7577,2,,-135141510.7,145,6912,0.91223439,70,0.00923848,64,0.00844661,116,0.01530949,18,0.00237561,68,0.00897453,329,0.04342088
GUSTINE,149519.2052,88486.65877,285,2,0,100,1,52.1336534,90.8941859,60521,8712,7,6580991,6580991,146,6316,0.72497704,14,0.00160698,37,0.00424702,20,0.00229568,0,0,2069,0.23748852,256,0.02938476
HACIENDA HEIGHTS,45187.506,20846.16277,2,1,0,100,0.4285714286,34.04003262,66.60360701,85044.5,56972,1,,112845817,147,21055,0.36956751,613,0.01075967,394,0.00691568,22260,0.39071825,68,0.00119357,10998,0.1930422,1584,0.02780313
HALF MOON BAY,55886.776,16365.99126,172,1,64.94881558,100,0,16.17893726,28.50926977,145873,11860,4,46348862,46348862,148,9612,0.81045531,62,0.00522766,3,0.00025295,617,0.05202361,5,0.00042159,1192,0.1005059,369,0.03111298
HANFORD,115711.1587,345368.002,97,3,0,100,0.3846153846,38.95330355,74.34733258,55670,72726,6,83416244,83416244,149,53863,0.74062921,3591,0.04937711,846,0.0116327,3133,0.0430795,170,0.00233754,7638,0.10502434,3485,0.04791959
HAWTHORNE,114878.4755,300698.0243,9,1,0,100,0.75,45.94890733,84.10266112,52779.5,104391,1,197009382,197009382,150,38879,0.37243632,23748,0.22749088,1137,0.01089174,8140,0.07797607,618,0.00592005,27478,0.26322193,4391,0.04206301
HAYWARD,2427577.601,1694410.478,1665,3,9.348900499,100,0.05555555556,29.52929838,58.60133686,81092.5,176116,1,467224536,467224536,151,64035,0.36359558,18325,0.10405074,1332,0.0075632,42800,0.24302164,3374,0.01915783,34015,0.19313975,12235,0.06947126
HEALDSBURG,161079.4703,50696.12958,19,1,0,100,0,19.08242897,35.99445075,96324,19524,2,47630835,47630835,152,15692,0.80372874,83,0.00425118,271,0.01388035,381,0.01951444,8,0.00040975,2188,0.1120672,901,0.04614833
HEMET,54444.55183,25563.48474,25,1,0,100,0.12,31.21898147,61.6597301,41531,116515,1,125934873,125934873,153,87816,0.75368837,7867,0.0675192,1897,0.01628117,3126,0.02682916,465,0.0039909,10558,0.09061494,4786,0.04107626
HERCULES,257024.3127,165130.0705,51,1,0,100,0,18.35257239,34.15310884,122232,22381,1,35619267,35619267,154,6355,0.2839462,3492,0.1560252,16,0.00071489,10478,0.46816496,149,0.00665743,860,0.03842545,1031,0.04606586
HERMOSA BEACH,298583.4347,539726.5329,48,1,80.89578061,100,0,5.840042359,4.363728087,136285,19539,1,85675375,85675375,155,16526,0.84579559,192,0.0098265,120,0.00614156,1013,0.05184503,0,0,328,0.01678694,1360,0.06960438
HESPERIA,17875.58119,60882.01474,4,1,0,100,0.06666666667,27.63356546,55.13936184,52117,102311,1,94458935,94458935,156,82768,0.80898437,4130,0.04036712,1442,0.01409428,2616,0.0255691,114,0.00111425,7394,0.07226984,3847,0.03760104
HOLLISTER,1595535.862,931755.0827,2295,3,32.29871493,100,0,31.87908733,62.92092319,91935,51064,7,69688403,69688403,157,41539,0.81346937,480,0.00939997,440,0.00861664,1389,0.02720116,44,0.00086166,4449,0.08712596,2723,0.05332524
HOOPA,18054.192,18058.98547,12,1,0,100,0,12.04645218,18.11073275,40739.5,5686,10,,-144635265.9,158,2045,0.35965529,25,0.00439676,3178,0.55891664,0,0,102,0.0179388,2,0.00035174,334,0.05874077
HUNTINGTON BEACH,1958349.548,1225646.017,79,1,0,100,0.02380952381,12.47967905,18.9052844,98057.5,197574,1,484982227,484982227,159,140150,0.70935447,2645,0.01338739,1011,0.00511707,24608,0.1245508,919,0.00465142,16918,0.08562868,11323,0.05731017
HUNTINGTON PARK,51889.14,11283.95641,3,1,0,100,0.9545454545,51.97558718,90.7302308,45434,74249,1,89389533,89389533,160,50706,0.68291829,702,0.00945467,422,0.00568358,325,0.00437716,120,0.00161618,21179,0.2852429,795,0.01070721
HURON,4217.2,2127.67932,5,1,0,100,0.5,40.01658418,75.84184639,33216.5,8085,7,5279306,5279306,161,3762,0.46530612,38,0.00470006,543,0.06716141,18,0.00222635,0,0,3654,0.45194805,70,0.00865801
INDIAN WELLS,7804.710144,100168.5954,7,1,0,100,0,7.929509021,9.553537647,92366,3942,1,61437788,61437788,162,3399,0.86225266,9,0.00228311,0,0,190,0.04819888,15,0.00380518,237,0.06012177,92,0.02333841
INGLEWOOD,181450.2597,638693.0973,36,1,0,100,0.65625,44.59060297,82.34960272,53807.5,131234,1,349011310,349011310,163,40821,0.31105506,45325,0.34537544,1364,0.01039365,2851,0.02172455,881,0.0067132,35145,0.26780408,4847,0.03693403
IONE,117771.4356,89756.47295,19,1,0,100,0,27.92602584,55.72581662,66348,10220,3,6978794,6978794,164,9555,0.93493151,12,0.00117417,33,0.00322896,37,0.00362035,11,0.00107632,181,0.01771037,391,0.03825832
IRVINE,487780.126,402596.0347,212,2,0,100,0.02941176471,15.57282033,26.67423383,108943,261711,1,630558569,630558569,165,126848,0.48468731,4385,0.01675512,644,0.00246073,109953,0.42013137,573,0.00218944,6181,0.02361765,13127,0.05015838
ISLETON,346697.3927,136127.0945,105,2,0,100,0,31.01731621,61.30659604,40395,1514,10,2432600,2432600,166,1287,0.85006605,9,0.00594452,24,0.01585205,34,0.02245707,8,0.00528402,83,0.05482166,69,0.04557464
JACKSON,243215.507,210977.5483,49,2,0,100,0,23.25754909,45.75608526,65244,3152,7,8889475,8889475,167,2686,0.85215736,5,0.00158629,32,0.01015228,113,0.03585025,32,0.01015228,169,0.05361675,115,0.03648477
JAMESTOWN,8894.70188,8761.571028,10,1,0,100,0,23.50087429,46.52541304,61163,13181,5,,-107006659.3,168,10976,0.83271375,837,0.06350049,225,0.01707003,137,0.01039375,47,0.00356574,414,0.03140885,545,0.04134739
KELSEYVILLE,83140.27333,69937.71934,24,1,0,100,0,15.49905091,26.59856224,62384.5,9457,4,,-125702981,169,7800,0.82478587,353,0.03732685,32,0.00338374,29,0.00306651,0,0,901,0.09527334,342,0.03616369
KERMAN,91387.226,27449.4541,243,2,0,100,1,46.04383315,84.31075798,61776,22144,6,15764892,15764892,170,15708,0.70935694,116,0.00523844,114,0.00514812,634,0.02863078,43,0.00194184,4903,0.22141438,626,0.02826951
KING CITY,1145487.874,594362.9807,616,3,41.57210813,100,0,26.32434278,52.51608021,48178,13528,4,19869920,19869920,171,5701,0.42142224,143,0.01057067,95,0.00702247,231,0.01707569,0,0,7025,0.51929332,333,0.02461561
KINGSBURG,102094.965,17583.56896,443,2,0,100,0.6666666667,43.17727738,80.35061168,62808,16545,4,17653091,17653091,172,13197,0.79764279,119,0.00719251,209,0.01263222,484,0.02925355,0,0,1668,0.10081596,868,0.05246298
LA HABRA,8207.1,88671.79892,1,1,0,100,0.3846153846,36.47332135,70.74032034,74688,64062,1,110309736,110309736,173,38119,0.59503294,818,0.01276888,463,0.00722737,6344,0.09902907,0,0,15698,0.24504386,2620,0.04089788
LA PALMA,258769.5959,208343.2201,7,1,0,100,0,17.28866177,31.05057384,111169,14476,1,30352410,30352410,174,5466,0.37759049,711,0.04911578,107,0.00739154,6989,0.48279912,102,0.00704615,453,0.03129317,648,0.04476375
LAFAYETTE,58446.034,50161.69414,96,1,47.78192686,100,0,3.73649517,1.614327153,188247,29449,1,46623270,46623270,175,23716,0.80532446,145,0.00492377,97,0.00329383,3261,0.11073381,44,0.00149411,350,0.01188495,1836,0.06234507
LAKE ELSINORE,22505.59987,129450.9237,9,1,0,100,0.1818181818,26.75061734,53.4493631,57461,76453,1,80070282,80070282,176,40168,0.52539469,3387,0.04430173,381,0.00498345,3659,0.04785947,131,0.00171347,24847,0.32499706,3880,0.05075013
LAKEHEAD,18337.329,22228.64453,3,1,0,100,0,13.14271893,20.48177576,49265,1670,2,,-164797572,177,1426,0.85389222,8,0.00479042,42,0.0251497,63,0.03772455,0,0,5,0.00299401,126,0.0754491
LAKEPORT,332640.5222,276142.0942,60,2,7.2618017,100,0,21.67953533,42.41392357,48806,16029,4,14063969,14063969,178,12222,0.76249298,113,0.00704972,811,0.0505958,371,0.02314555,8,0.0004991,2161,0.13481814,343,0.02139871
LAKEWOOD,447427.3465,289293.5491,94,1,54.19585152,100,0.1111111111,21.44325621,41.71396141,93614,83312,1,110917660,110917660,179,40004,0.48017092,7612,0.09136739,450,0.00540138,15898,0.19082485,883,0.01059871,13256,0.15911273,5209,0.06252401
LAMONT,195101.8783,81125.13248,50,1,0,100,0.3333333333,31.81774369,62.76958002,43278,17003,1,,-87818329.19,180,14969,0.88037405,0,0,0,0,76,0.0044698,0,0,1879,0.11050991,79,0.00464624
LANCASTER,178206.48,59681.73291,4,1,0,100,0.02631578947,22.26934969,43.61205701,55375.5,183225,4,229597335,229597335,181,117220,0.63975986,35105,0.19159503,1314,0.00717151,7692,0.04198117,160,0.00087324,13353,0.07287761,8381,0.04574157
LARKSPUR,188624.0022,96243.40748,57,2,0,100,0,5.406254566,3.707907681,122685,5857,1,55367046,55367046,182,5291,0.9033635,24,0.00409766,44,0.00751238,184,0.0314154,0,0,1,0.00017074,313,0.05344033
LATHROP,162052.134,83907.66444,66,2,49.71023494,100,1,55.70890235,93.66881069,87149,28172,1,79758865,79758865,183,13170,0.46748545,1693,0.06009513,305,0.01082635,7179,0.25482749,473,0.01678972,2680,0.09512992,2672,0.09484595
LATON,9009.885,3099.815518,6,1,100,100,1,40.42185572,76.65531593,37917,3407,10,,-156076972.9,184,2655,0.77927796,0,0,18,0.00528324,0,0,0,0,603,0.17698855,131,0.03845025
LAWNDALE,38370.91306,25762.23824,6,2,0,100,0.5,40.44706166,76.54811452,60346,32819,1,41197250,41197250,185,13966,0.42554618,3352,0.10213596,57,0.0017368,3617,0.11021055,329,0.01002468,10094,0.30756574,1404,0.0427801
LE GRAND,6734.21,4348.793789,6,2,0,100,1,39.48347714,75.20494388,48806,2345,10,,-161408738.1,186,1377,0.58720682,42,0.01791045,10,0.00426439,34,0.01449893,0,0,799,0.34072495,83,0.03539446
LEMOORE,71359,4635.430723,354,1,0,100,0.3333333333,35.12702237,68.56476227,58399,37546,3,22979971,22979971,187,24931,0.66401215,2709,0.07215149,413,0.01099984,2446,0.06514675,76,0.00202418,5101,0.13586001,1870,0.04980557
LINCOLN,179791.3662,125289.3135,612,1,90.96556214,100,0,8.719105001,10.30394753,87333,52810,2,54217702,54217702,188,43812,0.8296156,917,0.01736414,121,0.00229123,3406,0.06449536,116,0.00219655,2603,0.04928991,1835,0.03474721
LINDEN,4926.475,5196.594565,10,1,0,100,0,22.26079713,43.58683314,87554,5944,10,,-143339978.3,189,4057,0.68253701,54,0.00908479,20,0.00336474,147,0.02473082,0,0,753,0.12668237,913,0.15360027
LINDSAY,12880.35697,258237.2456,7,1,0,100,0.25,37.91341115,73.01677387,33603,18018,4,16787161,16787161,190,14739,0.81801532,66,0.003663,72,0.003996,194,0.01076701,25,0.0013875,2701,0.14990565,221,0.01226551
LITTLEROCK,19593.18,10346.95218,2,1,0,100,0,22.99024501,45.28313785,53484.5,14024,1,,-102774382.4,191,7795,0.55583286,1016,0.07244723,347,0.0247433,265,0.01889618,42,0.00299487,4010,0.28593839,549,0.03914718
LIVE OAK,88710,5601.785611,424,1,0,100,0,27.45531705,54.73578005,59359,14220,2,8051602,8051602,192,10923,0.76814346,201,0.01413502,156,0.01097046,839,0.05900141,18,0.00126582,857,0.06026723,1226,0.0862166
LIVERMORE,311823.9396,158903.0106,64,3,0.08450996525,100,0,15.98359668,27.6831883,128963,99939,2,278185345,278185345,193,74761,0.74806632,1865,0.01866138,317,0.00317193,13059,0.13066971,469,0.00469286,3207,0.03208957,6261,0.06264822
LIVINGSTON,108230.7,106110.943,355,3,73.3349402,100,1,44.4721416,82.21717745,55500,18171,2,15642992,15642992,194,6056,0.3332783,51,0.00280667,204,0.01122668,3121,0.1717572,21,0.00115569,8230,0.45291949,488,0.02685598
LOCKEFORD,59742.55404,33293.88182,6,1,0,100,0,23.07569341,45.35250347,63287,2902,2,,-158612322.7,195,2365,0.8149552,3,0.00103377,17,0.00585803,12,0.00413508,0,0,208,0.07167471,297,0.10234321
LOLETA,26910.7948,19397.09667,33,2,0,100,0,27.5470879,54.91234708,42407,4606,4,,-150057400,196,3887,0.84389926,28,0.00607903,153,0.03321754,37,0.008033,0,0,276,0.05992184,225,0.04884933
LOMPOC,53462.99,16381.08075,78,2,0,100,0,19.93016348,38.15109093,66845,60288,4,54639791,54639791,197,40773,0.67630374,2884,0.04783705,1124,0.01864384,2291,0.03800093,248,0.00411359,8735,0.14488787,4233,0.07021298
LONG BEACH,6799532.551,3395863.24,1029,2,90.30723317,100,0.5221238938,42.91527661,80.0542313,60616,476520,1,1371076040,1371076040,198,244232,0.51253253,59734,0.12535465,4962,0.01041299,62364,0.13087384,3907,0.00819903,78916,0.165609,22405,0.04701796
LOOMIS,160948.9534,140994.0352,69,2,94.81073961,100,0,9.428444747,11.6975659,104185,16427,1,13260857,13260857,199,13925,0.84768978,228,0.01387959,100,0.00608754,633,0.03853412,23,0.00140013,277,0.01686248,1241,0.07554636
LOS ALTOS,157297.923,87197.97714,9,1,53.53166393,100,0,3.857075602,1.727834531,215250,47624,1,103229406,103229406,200,29824,0.62623887,262,0.00550143,39,0.00081891,14576,0.30606417,12,0.00025197,400,0.00839913,2511,0.05272552
LOS ANGELES,494326.1941,6726397.771,402,26,0,3.528955584,0.6075949367,44.87034626,82.63967713,48767,2484718,2,14545311557,14545311557,201,1118517,0.45015853,319601,0.12862667,22209,0.00893824,278497,0.11208395,3582,0.00144161,656224,0.26410402,86088,0.03464699
LOS BANOS,429352.3887,310585.4039,31,2,0,100,0.8,50.5343926,89.36814226,55719,43374,7,57896757,57896757,202,26373,0.60803707,1086,0.02503804,586,0.0135104,1368,0.03153963,326,0.00751602,11665,0.26893992,1970,0.04541891
LOS GATOS,691857.232,456849.4593,1385,1,52.8325748,100,0,4.910105889,3.064699205,167875,49210,2,92527652,92527652,203,39129,0.79514326,333,0.00676692,130,0.00264174,6745,0.13706564,32,0.00065027,430,0.00873806,2411,0.04899411
LOS OLIVOS,370,27.86442615,2,1,0,100,0,9.156166222,11.1867827,99583,2620,4,,-160028102.1,204,2397,0.9148855,26,0.00992366,0,0,7,0.00267176,53,0.02022901,88,0.03358779,49,0.01870229
LOS OSOS,120177.4419,60800.9365,93,2,0,100,0,6.536612117,5.725816623,76587,15829,2,,-93712389.78,205,14087,0.88994883,31,0.00195843,117,0.0073915,683,0.04314865,0,0,369,0.02331164,542,0.03424095
LOST HILLS,42239.3013,17663.68001,6,1,0,100,1,48.63455888,87.41329298,35560,2635,10,,-159952794.7,206,2419,0.91802657,0,0,33,0.01252372,26,0.00986717,0,0,157,0.05958254,0,0
LOWER LAKE,44483.09022,31346.01777,8,1,0,100,0,17.7809444,32.482028,34567.5,7286,4,,-136602474.6,207,4801,0.65893494,0,0,413,0.05668405,80,0.01097996,11,0.00150974,1568,0.21520725,413,0.05668405
LYNWOOD,116518.2067,143098.657,35,1,0,100,1,52.07462884,90.83112625,57386,69438,1,98449996,98449996,208,40359,0.58122354,5978,0.08609119,477,0.00686944,598,0.008612,95,0.00136813,20989,0.30226965,942,0.01356606
MADERA,867068.299,398457.6617,582,3,7.312178346,100,0.6153846154,41.83546782,78.55971749,59471,103572,2,80065732,80065732,209,68225,0.6587205,3209,0.03098328,1137,0.01097787,1919,0.01852817,111,0.00107172,26244,0.25338895,2727,0.02632951
MAGALIA,17489.88,58160.98099,4,1,0,100,0,15.45626653,26.37154748,55908,8458,4,,-130718455,210,7509,0.88779853,5,0.00059116,129,0.01525183,113,0.01336013,0,0,106,0.01253251,596,0.07046583
MALIBU,2328.453588,4738.883101,3,1,0,100,0,9.403512032,11.80476731,149026,19438,2,77629687,77629687,211,16598,0.85389443,405,0.02083548,65,0.00334397,1110,0.05710464,36,0.00185204,224,0.01152382,1000,0.05144562
MAMMOTH LAKES,13518.31563,108541.127,10,1,11.12474819,100,0,13.87639293,22.15916257,59620,8169,7,104057653,104057653,212,6813,0.83400661,76,0.00930346,22,0.00269311,300,0.0367242,0,0,656,0.08030359,302,0.03696903
MANHATTAN BEACH,140296.29,270876.3104,20,1,0,100,0,5.222041746,3.506116786,169612.5,35500,1,154644150,154644150,213,27766,0.78214085,191,0.00538028,79,0.00222535,4787,0.13484507,34,0.00095775,667,0.01878873,1976,0.05566197
MANTECA,791377.1092,570691.2741,524,3,24.14685131,100,0.6666666667,42.37085523,79.39210493,69864,83541,1,143409231,143409231,214,58168,0.69628087,4409,0.05277648,676,0.00809184,6728,0.08053531,583,0.00697861,6126,0.07332926,6851,0.08200764
MARINA,734968.523,252613.0034,919,2,61.81792689,100,0.25,25.62534021,51.14137975,70964,16685,1,56765434,56765434,215,8650,0.51842973,963,0.05771651,47,0.0028169,2684,0.16086305,165,0.00988912,2044,0.12250524,2132,0.12777944
MARIPOSA,13174.93512,4706.328216,5,1,98.71539393,100,0,13.46600498,21.18804389,64432,10285,10,,-121546011.5,216,8986,0.87369956,196,0.01905688,242,0.02352941,138,0.0134176,14,0.00136121,140,0.01361206,569,0.05532329
MARTINEZ,326540.3878,173611.099,2616,3,5.924126492,100,0.07692307692,21.22699241,41.46802876,98365,58611,1,85135534,85135534,217,39548,0.67475389,2481,0.04232994,139,0.00237157,7857,0.13405333,137,0.00233745,3680,0.06278685,4769,0.08136698
MARYSVILLE,258347.6692,145144.105,500,3,0,100,0.25,33.60955921,66.06759995,49710,39064,4,21311139,21311139,218,30162,0.77211755,1722,0.04408151,353,0.00903645,2678,0.06855417,108,0.00276469,1307,0.03345792,2734,0.06998771
MC FARLAND,111754.2353,46431.09557,28,1,0,100,1,41.96180327,78.6858368,37492,30118,2,,-21974543.32,219,23328,0.77455342,614,0.02038648,188,0.00624211,2507,0.08323926,16,0.00053124,2921,0.09698519,544,0.01806229
MCKINLEYVILLE,334823.8271,286758.9331,146,2,1.345174417,100,0,9.415367274,11.86782696,59089,17843,4,,-83601113.78,220,15057,0.84386034,59,0.00330662,998,0.0559323,478,0.02678922,0,0,136,0.00762204,1115,0.06248949
MEADOW VISTA,4263.3,4073.680759,9,2,0,100,0,8.48504008,9.685962921,89231,4875,3,,-148706887,221,4447,0.91220513,33,0.00676923,48,0.00984615,79,0.01620513,0,0,38,0.00779487,230,0.04717949
MENDOTA,130766.92,51180.73243,516,1,94.92130988,100,1,55.87689267,93.77601211,32046,13415,4,9142290,9142290,222,6382,0.47573612,312,0.02325755,41,0.00305628,55,0.00409989,0,0,6548,0.48811032,77,0.00573984
MENIFEE,1654.82352,9569.45485,3,1,0,100,0,20.64148565,39.90414933,95166,55591,1,116314465,116314465,223,35480,0.63823281,4270,0.07681099,209,0.0037596,3968,0.07137846,373,0.00670972,7597,0.13665881,3694,0.06644961
MENLO PARK,195086.264,94314.98137,231,2,7.203802711,100,0,5.861988931,4.464623534,147162.5,42424,1,157347711,157347711,224,29090,0.68569678,1676,0.03950594,261,0.00615218,5859,0.13810579,699,0.01647652,2858,0.06736753,1981,0.04669527
MERCED,1331550.735,1552912.352,4345,3,60.49823052,100,0.7619047619,46.76364114,85.15575735,42193,110611,2,120579712,120579712,225,60178,0.54405077,5010,0.04529387,910,0.00822703,12377,0.11189665,88,0.00079558,27450,0.248167,4598,0.0415691
MIDDLETOWN,75623.11248,92595.61367,9,1,0,100,0,12.31806497,18.43864296,68814,7108,2,,-137496122.7,226,6345,0.89265616,17,0.00239167,25,0.00351716,30,0.0042206,23,0.00323579,456,0.06415307,212,0.02982555
MILL VALLEY,351116.7571,201556.053,167,2,0,100,0,4.637075251,2.661117417,158869,31047,1,88223199,88223199,227,26974,0.8688118,385,0.01240055,11,0.0003543,1952,0.06287242,22,0.0007086,321,0.01033916,1382,0.04451316
MILLBRAE,8982.12,26742.92712,7,1,0,100,0,12.98782757,20.0908059,130798.5,22625,1,75050748,75050748,228,9219,0.40746961,155,0.00685083,82,0.00362431,11058,0.48875138,8,0.00035359,924,0.04083978,1179,0.0521105
MILPITAS,2343139.462,1064828.887,83,2,47.45336157,100,0,20.66567226,40.01135074,124015,78528,1,328947490,328947490,229,12518,0.15940811,2577,0.03281632,414,0.005272,52339,0.66650112,263,0.00334912,6122,0.07795945,4295,0.05469387
MONTEBELLO,53804.32346,335482.7282,56,1,74.23650551,100,0.8,42.13513768,78.96329928,58203,65023,1,140473768,140473768,230,36180,0.5564185,851,0.01308768,471,0.00724359,9395,0.14448734,40,0.00061517,16632,0.25578641,1454,0.02236132
MONTEREY,973838.92,549308.5618,220,2,18.28208108,100,0,5.968952639,4.615966705,79146,28916,1,205769057,205769057,231,22694,0.78482501,1157,0.04001245,229,0.00791949,2339,0.08088947,52,0.00179831,816,0.02821967,1629,0.05633559
MONTEREY PARK,32555.95812,73514.00613,7,1,0,100,0.06666666667,31.14311299,61.52099886,63563,62542,1,123277197,123277197,232,9469,0.15140226,576,0.00920981,354,0.0056602,39764,0.63579674,285,0.00455694,10918,0.17457069,1176,0.01880336
MONTROSE,6707.6,4274.095052,3,1,0,100,0,21.25458612,41.58153613,67407,5874,1,,-143691412.9,233,3339,0.56843718,1,0.00017024,42,0.00715015,1464,0.24923391,85,0.01447055,654,0.1113381,289,0.04919986
MOORPARK,4046.70924,9000.211968,1,1,0,100,0,16.44043493,28.93807542,126733,38234,2,49128477,49128477,234,29311,0.76662133,577,0.01509128,500,0.01307737,3244,0.08484595,230,0.00601559,1795,0.04694774,2577,0.06740074
MORAGA,22382.79977,17839.43471,12,1,0,100,0,1.726916229,0.2017908942,186652,15733,1,25515269,25515269,235,11525,0.73253671,113,0.00718236,14,0.00088985,2662,0.1691985,142,0.00902561,224,0.01423759,1053,0.06692938
MORENO VALLEY,47477.53123,68558.59847,13,2,0,100,0.511627907,39.37834499,75.02837684,67747,204601,1,278525697,278525697,236,75007,0.36660134,34876,0.1704586,788,0.0038514,12314,0.06018543,621,0.00303518,75098,0.3670461,5897,0.02882195
MORGAN HILL,1445791.288,971916.5408,52,1,13.65113081,100,0.09090909091,18.05340463,33.33333333,115664,51712,2,110981465,110981465,237,38250,0.73967358,889,0.01719137,188,0.00363552,6963,0.1346496,61,0.00117961,2095,0.04051284,3266,0.06315749
MORRO BAY,465176.9253,231818.5859,530,2,0,100,0,11.8406507,17.21528566,64250,10655,2,37129331,37129331,238,9415,0.88362271,135,0.01267011,123,0.01154388,379,0.03557015,0,0,242,0.02271234,361,0.03388081
MOSS LANDING,201024.492,67647.97369,8,2,0,100,0.5,40.07239563,75.81662252,64050,10004,1,,-122956770.5,239,4719,0.47171132,64,0.00639744,521,0.05207917,109,0.01089564,37,0.00369852,4323,0.43212715,231,0.02309076
MOUNTAIN VIEW,811027.532,443197.0993,468,2,9.432161936,100,0,17.2260796,30.89292471,134183,74507,1,389768619,389768619,240,40099,0.53819104,1543,0.02070946,324,0.00434858,23458,0.3148429,256,0.00343592,5490,0.07368435,3337,0.04478774
MURPHYS,1480,2311.239384,1,1,0,100,0,10.01600124,13.31819902,48321,3560,10,,-155308837.3,241,3165,0.88904494,41,0.01151685,91,0.0255618,0,0,5,0.00140449,31,0.00870787,227,0.06376404
MURRIETA,221668.117,327685.5253,92,1,27.63452801,100,0,19.8981073,38.06280742,94861,127318,1,162953475,162953475,242,83573,0.65641151,7250,0.05694403,807,0.00633846,11143,0.08752101,762,0.00598501,13647,0.1071883,10136,0.07961168
NAPA,972141.7083,541770.2781,522,4,9.113311685,100,0,16.76931948,29.78938075,86918.5,103365,2,234557175,234557175,243,77532,0.75007981,1613,0.0156049,925,0.00894887,6031,0.05834664,149,0.00144149,13113,0.12686112,4002,0.03871717
NEVADA CITY,34217.6624,38106.14484,22,1,0,100,0,17.61938678,32.03430445,75250,19638,4,13977891,13977891,244,18102,0.9217843,91,0.00463387,302,0.01537835,95,0.00483756,14,0.0007129,130,0.00661982,904,0.0460332
NEWARK,164866.0463,133699.783,203,1,18.00797707,100,0.1111111111,22.84091432,44.75974272,121156,55184,1,159247528,159247528,245,15700,0.28450275,2002,0.03627863,382,0.0069223,22304,0.40417512,454,0.00822702,11254,0.20393592,3088,0.05595825
NEWBURY PARK,38111.84066,107260.0326,4,1,0,100,0,9.899188943,13.01551267,131289,44718,1,,51324676.95,246,36429,0.8146384,516,0.01153898,64,0.00143119,5580,0.12478197,10,0.00022362,889,0.01988014,1230,0.0275057
NEWCASTLE,10047.831,11806.31987,12,1,18.36991242,100,0,8.681462014,10.19044016,86250,2979,2,,-158225744.6,247,2609,0.87579725,4,0.00134273,13,0.00436388,148,0.0496811,0,0,12,0.0040282,193,0.06478684
NEWMAN,90273.05,22324.45608,152,2,0,100,0.5,41.74518459,78.37053853,57646.5,13682,4,8865452,8865452,248,12307,0.899503,229,0.01673732,133,0.0097208,195,0.0142523,5,0.00036544,640,0.04677679,173,0.01264435
NEWPORT BEACH,1053221.132,531492.1605,233,1,97.31939457,100,0,11.32833489,15.76491361,120057,71747,1,522199250,522199250,249,59745,0.83271774,999,0.01392393,154,0.00214643,7120,0.0992376,110,0.00153317,1760,0.02453064,1859,0.02591049
NEWPORT COAST,213.2,4322.46038,3,1,3.089221598,100,0,6.707260486,5.996973137,148583,13758,1,,-104109834,250,9945,0.72285216,19,0.00138101,22,0.00159907,3129,0.22743131,15,0.00109027,88,0.00639628,540,0.03924989
NICE,171415.3254,130869.3542,7,1,0,100,0,15.55421814,26.57333838,47472,2446,4,,-160901668.2,251,2048,0.83728536,39,0.0159444,0,0,4,0.00163532,0,0,265,0.10834015,90,0.03679477
NIPOMO,126985.9269,53811.22122,181,2,0,100,0,15.27562568,25.7661748,84102,27744,2,,-33893197.35,252,23402,0.84349769,336,0.01211073,149,0.00537053,790,0.02847463,52,0.00187428,1672,0.06026528,1343,0.04840686
NORWALK,90084.23021,126855.2876,14,1,68.13909342,100,0.8571428571,44.74812117,82.49463993,71875,105858,1,136917106,136917106,253,39483,0.37298079,5001,0.04724253,478,0.00451548,14793,0.13974381,728,0.00687714,42131,0.39799543,3244,0.03064483
NOVATO,570361.8468,373166.031,787,3,5.539881044,100,0,9.770942404,12.57409509,117007,63616,2,103147717,103147717,254,46895,0.73715732,2121,0.03334067,119,0.0018706,4674,0.07347208,62,0.0009746,6349,0.09980194,3396,0.0533828
OAK PARK,1367.1315,3040.612152,1,1,0,100,0,5.241023956,3.48719889,143627,8355,1,,-131235566,255,5621,0.6727708,86,0.01029324,0,0,1998,0.23913824,17,0.00203471,72,0.00861759,561,0.06714542
OAKDALE,166623.906,224515.898,232,2,47.76355355,100,0.25,37.32636064,72.02043133,68176,28121,1,37414843,37414843,256,24278,0.86334056,68,0.00241812,143,0.00508517,664,0.02361225,61,0.0021692,1926,0.06848974,981,0.03488496
OAKHURST,279136.104,105917.5958,23,1,48.13676488,100,0,14.89000897,24.85811578,61445,13760,8,,-104099793,257,12314,0.89491279,38,0.00276163,378,0.02747093,310,0.02252907,0,0,409,0.02972384,311,0.02260174
OAKLAND,2084728.984,1364188.926,1316,3,5.288435814,100,0.2314814815,26.65578267,53.285408,68606,407922,1,2264363902,2264363902,258,146494,0.35912258,93283,0.22867852,3637,0.00891592,65365,0.16023897,2247,0.00550841,69612,0.17065027,27284,0.06688534
OAKLEY,75274.128,24443.48136,24,1,87.54224444,100,0.1666666667,31.87043889,62.8641695,91257.5,43415,1,50377267,50377267,259,25686,0.59163883,4110,0.09466774,425,0.00978924,2629,0.06055511,392,0.00902914,6557,0.15103075,3616,0.08328919
OCCIDENTAL,40319.78047,15807.49328,5,1,0,100,0,8.152807182,8.840963552,80341,3848,2,,-153862934.8,260,3314,0.86122661,63,0.01637214,50,0.01299376,28,0.00727651,22,0.00571726,96,0.02494802,275,0.0714657
OCEANO,119861.4698,43327.98666,228,2,0,100,0,18.76801139,35.13683945,70270,7033,1,,-137872659.7,261,5512,0.78373383,77,0.01094839,84,0.01194369,475,0.06753875,0,0,561,0.07976681,324,0.04606853
OJAI,2260.32408,5027.145424,2,1,0,100,0,11.66881848,16.91890528,77596.5,16740,1,24871173,24871173,262,15250,0.91099164,76,0.00454002,25,0.00149343,403,0.02407407,23,0.00137395,378,0.02258065,585,0.03494624
OLIVEHURST,143918.059,55128.46286,396,2,0,100,0.25,32.7576238,64.24517594,43601.5,28522,2,,-29987252.6,263,20201,0.70826029,768,0.02692658,479,0.01679405,2390,0.08379497,176,0.00617068,2240,0.07853587,2268,0.07951757
ORANGE,924385.77,525621.0164,330,1,91.73783677,100,0.03846153846,25.62992361,51.0404843,88268,143399,1,304186913,304186913,264,103850,0.7242031,2673,0.0186403,749,0.00522319,16225,0.11314584,630,0.00439334,14268,0.0994986,5004,0.03489564
ORANGE COVE,81400.5317,17670.79732,282,2,0,100,1,45.71140713,83.77475091,28125.5,7179,4,6439408,6439408,265,5139,0.71583786,6,0.00083577,4,0.00055718,130,0.01810837,55,0.00766123,1845,0.25699958,0,0
ORANGEVALE,2035,141.2392483,11,1,0,100,0,11.91665704,17.29726321,85862,37602,1,,15598837.81,266,31648,0.84165736,696,0.01850965,164,0.00436147,1050,0.02792405,29,0.00077124,930,0.02473273,3085,0.08204351
ORINDA,81063.058,44397.59025,60,1,71.70677214,100,0,2.701502495,0.7314919914,224318,20468,1,44863212,44863212,267,15640,0.7641196,281,0.01372875,1,4.89E-05,3223,0.15746531,72,0.00351769,79,0.00385968,1172,0.05726011
ORLAND,116257.3726,51290.59581,7,2,0,100,0,23.61414386,46.63892042,49952,17308,4,13178976,13178976,268,14633,0.84544719,41,0.00236885,258,0.0149064,215,0.012422,4,0.00023111,1932,0.11162468,225,0.01299977
OROVILLE,166775.513,252423.5559,374,4,21.98726942,100,0.07142857143,23.92517862,47.41455417,42954,56228,4,39649481,39649481,269,43116,0.76680657,1094,0.0194565,1267,0.02253326,4420,0.07860852,185,0.00329018,1716,0.0305186,4430,0.07878637
OXNARD,78918.13709,381382.8707,16,1,0,100,0.1538461538,23.73596972,46.96683062,69703,220161,1,381462311,381462311,270,168476,0.76523998,5581,0.02534963,2837,0.01288602,15107,0.06861797,632,0.00287063,20499,0.09310913,7029,0.03192664
PACIFIC GROVE,385017.3605,226263.207,76,2,38.46174573,100,0,3.212025046,1.13507378,85889.5,15522,1,63178440,63178440,271,13380,0.86200232,143,0.00921273,32,0.00206159,852,0.05488983,0,0,262,0.01687927,853,0.05495426
PACIFICA,557137.0684,240841.8001,47,2,6.237806581,100,0,9.971508641,13.2109976,125082,38984,1,79983029,79983029,272,24507,0.62864252,962,0.02467679,146,0.00374513,8063,0.20682844,762,0.01954648,1480,0.03796429,3064,0.07859635
PAICINES,9383.427,5802.60957,3,1,0,100,0,29.28433507,58.20406104,94327,3049,6,,-157874310,273,2898,0.95047557,7,0.00229583,3,0.00098393,11,0.00360774,0,0,54,0.01771072,76,0.02492621
PALO CEDRO,45701.575,50940.91918,18,1,0,100,0,4.597585739,3.171900618,70226,6629,2,,-139900939.5,274,6006,0.90601901,36,0.00543068,137,0.02066677,90,0.01357671,0,0,52,0.00784432,308,0.04646251
PARADISE,59555.721,62029.46291,108,2,19.12549927,100,0,18.12879274,33.53512423,53125,20696,4,39461656,39461656,275,18734,0.90519907,67,0.00323734,193,0.00932547,218,0.01053344,1,4.83E-05,162,0.0078276,1321,0.06382876
PARLIER,264534.399,95709.06837,397,2,0,100,1,68.97849209,99.11716484,36395,9242,3,10535639,10535639,276,7563,0.81832937,0,0,0,0,42,0.00454447,0,0,1545,0.16717161,92,0.00995456
PASO ROBLES,2113505.715,938141.0339,2395,3,12.46420965,100,0,14.77590883,24.55542944,70402.5,42290,2,,39134916.21,277,36405,0.86084181,619,0.01463703,399,0.00943485,783,0.01851502,10,0.00023646,2984,0.07056042,1090,0.02577441
PENN VALLEY,65478.6801,56873.97794,38,3,35.39346431,100,0,12.48852833,18.93050826,52500,5606,5,,-145036905.4,278,5375,0.95879415,141,0.02515162,45,0.00802711,21,0.00374599,0,0,0,0,24,0.00428113
PENNGROVE,21653.05776,10786.19909,5,1,0,100,0,9.628344419,12.39752806,108370,5737,1,,-144379220.7,279,4813,0.83894021,194,0.03381558,11,0.00191738,444,0.07739237,0,0,73,0.01272442,202,0.03521004
PENRYN,3975.295,4720.944976,6,1,0,100,0,3.362042856,1.28641695,86985,2546,1,,-160399618.7,280,2372,0.9316575,11,0.0043205,33,0.01296151,0,0,17,0.00667714,35,0.01374705,78,0.03063629
PETALUMA,2810015.002,1236508.12,3986,4,2.942062107,100,0,17.08248229,30.55870854,90556,79601,6,118435446,118435446,281,63457,0.79718848,847,0.01064057,365,0.00458537,3083,0.03873067,113,0.00141958,7859,0.09872992,3877,0.04870542
PHILO,0,1378.179988,1,1,0,100,0,14.22668781,23.00416194,44896,3023,10,,-158004842.8,282,2836,0.93814092,63,0.02084022,26,0.00860073,36,0.0119087,0,0,19,0.00628515,43,0.01422428
PINE GROVE,32489.10676,29449.30165,9,1,0,100,0,19.72378447,37.65922563,78352,4639,10,,-149891723.7,283,4085,0.88057771,20,0.00431127,55,0.011856,63,0.01358051,4,0.00086225,303,0.0653158,109,0.02349644
PINOLE,218572.8915,116373.6056,533,3,0,100,0,24.24420848,48.27847143,91866,17262,1,53486686,53486686,284,7323,0.42422663,1953,0.11313869,96,0.00556135,4845,0.28067431,28,0.00162206,1268,0.07345615,1749,0.10132082
PIONEER,23859.19287,22413.86782,9,1,0,100,0,15.47516408,26.67423383,57032,5890,10,,-143611085,285,5194,0.88183362,16,0.00271647,48,0.00814941,147,0.02495756,0,0,34,0.0057725,451,0.07657046
PISMO BEACH,362797.0479,169250.7911,656,2,0,100,0,7.939373971,8.273426662,84782,8161,1,63036643,63036643,286,7198,0.88199975,229,0.02806029,26,0.00318588,143,0.01752236,0,0,359,0.04398971,206,0.025242
PITTSBURG,1527778.762,772467.7257,167,1,85.68919813,100,0.5714285714,41.25075262,77.76516585,62414.5,78759,1,92988794,92988794,287,27499,0.34915375,11272,0.14312015,729,0.00925609,8696,0.11041278,518,0.00657703,22953,0.29143336,7092,0.09004685
PLACENTIA,12350.21725,7081.374945,13,1,0,100,0.1666666667,21.4392046,41.56261824,97163.5,56135,1,86022022,86022022,288,39549,0.70453371,1173,0.02089605,398,0.00709005,9291,0.16551171,143,0.00254743,3294,0.05867997,2287,0.04074107
PLACERVILLE,243098.7505,181428.2371,35,1,2.421010491,100,0,15.30033453,25.92382394,66163.5,39151,3,28480303,28480303,289,35894,0.91680928,229,0.00584915,429,0.01095757,834,0.02130214,40,0.00102169,602,0.01537636,1123,0.02868381
PLEASANT HILL,296109.3245,186954.1767,387,1,5.791244755,100,0,8.914923559,10.66969353,127916.5,32996,1,76834417,76834417,290,25029,0.75854649,953,0.02888229,63,0.00190932,3367,0.10204267,241,0.00730392,1282,0.03885319,2061,0.06246212
PLEASANTON,139288.1802,143059.0188,345,4,8.827637862,100,0,14.35004864,23.28162442,159412,93374,2,331465720,331465720,291,45553,0.48785529,1832,0.01962002,271,0.00290231,39089,0.41862831,480,0.00514062,1877,0.02010196,4272,0.04575149
PLYMOUTH,67219.74896,60011.40058,8,1,0,100,0,25.31138812,50.40988775,79375,5105,3,3299488,3299488,292,3092,0.60568071,815,0.1596474,87,0.01704212,82,0.01606268,10,0.00195886,697,0.13653281,322,0.06307542
POINT ARENA,34590.42446,18564.46866,15,1,0,100,0,13.90902337,22.20961029,57558,4188,10,1126945,1126945,293,3755,0.89660936,31,0.0074021,257,0.06136581,24,0.00573066,1,0.00023878,2,0.00047755,118,0.02817574
POINT REYES STATION,69662.47732,30087.85856,8,2,0,100,0,4.833126724,2.963803758,95441,1641,10,,-164943166.3,294,1606,0.97867154,17,0.01035954,0,0,0,0,0,0,13,0.007922,5,0.00304692
POLLOCK PINES,5520.68352,4130.833048,1,1,0,100,0,8.763272894,10.43006684,83115,12697,4,,-109436578.7,295,11499,0.905647,52,0.00409546,211,0.0166181,194,0.0152792,48,0.00378042,256,0.02016224,437,0.03441758
POMONA,642929.2,437328.2935,16,1,100,100,0.7741935484,52.26491988,90.99508135,57650,152251,1,258915743,258915743,296,72218,0.47433514,8565,0.05625579,3670,0.02410493,15675,0.10295499,155,0.00101806,45147,0.29653007,6821,0.04480102
PORT HUENEME,8145.409104,17986.79735,4,1,0,100,0,28.7165969,57.27077816,64439,19861,1,28934474,28934474,297,15551,0.78299179,827,0.04163939,75,0.00377624,696,0.03504355,119,0.00599164,1438,0.0724032,1155,0.05815417
POTTER VALLEY,1564.92,986.9941371,1,1,0,100,0,16.42791155,28.85609787,59348,1869,5,,-163798493.5,298,1595,0.85339754,0,0,37,0.01979668,23,0.01230605,0,0,30,0.01605136,184,0.09844837
QUINCY,40911.14603,32652.81939,5,1,0,100,0,16.81633412,29.92811199,53581,5446,7,,-145840184.6,299,4815,0.88413515,155,0.02846126,69,0.01266985,50,0.00918105,0,0,184,0.03378627,173,0.03176643
RANCHO MIRAGE,522163.0329,162492.741,17,1,62.88055484,100,0,8.91900947,10.70752932,82097,17140,1,75260542,75260542,300,15052,0.8781797,410,0.02392065,203,0.01184364,743,0.04334889,27,0.00157526,402,0.02345391,303,0.01767795
RANCHO PALOS VERDES,40073.5237,103230.3292,8,1,0,100,0,5.618139311,3.972758229,143721,44864,1,89577373,89577373,301,25345,0.56492956,840,0.01872325,103,0.00229583,13800,0.30759629,367,0.00818028,1659,0.03697842,2750,0.06129636
RED BLUFF,1138255.561,540779.8048,502,3,16.0224935,100,0,25.68313517,51.08462606,40948.5,34100,4,28947329,28947329,302,29538,0.86621701,408,0.01196481,458,0.01343109,705,0.02067449,16,0.00046921,1207,0.03539589,1768,0.05184751
REDDING,15178.785,15690.88625,4,1,0,100,0,13.84379856,22.03304326,59235,109737,2,160494100,160494100,303,93480,0.85185489,1530,0.01394243,2910,0.02651795,4953,0.04513519,108,0.00098417,2214,0.02017551,4542,0.04138987
REDONDO BEACH,128353.8777,82175.29285,10,1,0,100,0,12.30210647,18.3945012,111585.5,72275,1,197197476,197197476,304,51575,0.71359391,2529,0.03499135,299,0.00413698,9432,0.13050156,63,0.00087167,2789,0.03858872,5588,0.07731581
REDWOOD CITY,613922.9824,363160.6742,646,3,3.795860899,100,0.04166666667,14.00365536,22.6636398,132742,121495,2,334832466,334832466,305,75709,0.62314499,1742,0.01433804,681,0.00560517,14749,0.12139594,914,0.00752294,21954,0.18069879,5746,0.04729413
REDWOOD VALLEY,35722.38096,41437.17455,9,1,41.52790928,100,0,15.28289174,26.52919662,60312.5,10311,4,,-121415478.6,306,9260,0.89807002,11,0.00106682,353,0.03423528,97,0.00940743,10,0.00096984,343,0.03326544,237,0.02298516
REEDLEY,316862.4178,112370.0526,876,2,17.3264174,100,0.8571428571,47.79340498,86.54306974,44375,40225,5,23335581,23335581,307,30285,0.75288999,515,0.01280298,295,0.00733375,1265,0.0314481,32,0.00079553,6021,0.14968303,1812,0.04504661
RICHMOND,2209539.833,1633195.497,2597,2,11.43691966,100,0.5,38.48676688,73.34468407,58935.5,88242,1,518244183,518244183,308,32366,0.36678679,17033,0.193026,312,0.00353573,10463,0.11857166,291,0.00329775,23211,0.26303801,4566,0.05174407
RIO VISTA,1112211.88,555614.1393,401,3,13.81066724,100,0,38.66444693,74.00681044,68284,10676,7,15552814,15552814,309,8081,0.75693144,712,0.06669164,26,0.00243537,623,0.05835519,86,0.00805545,953,0.08926564,195,0.01826527
RIPON,86051.1,76590.1109,4,1,0,100,0,29.07020827,57.87615084,83600,17867,1,23370019,23370019,310,15655,0.87619634,93,0.00520513,74,0.00414171,423,0.02367493,15,0.00083954,330,0.0184698,1277,0.07147255
RIVERBANK,193445.037,79430.71915,348,2,0,100,1,48.90525945,87.57724808,58165.5,16110,1,22223025,22223025,311,12638,0.78448169,198,0.0122905,215,0.01334575,328,0.02036002,67,0.00415891,1566,0.0972067,1098,0.06815642
RIVERDALE,13549.68,7512.078468,1,1,0,100,1,44.34086743,82.06583428,50434,5221,7,,-146969795.8,312,3307,0.63340356,16,0.00306455,3,0.0005746,102,0.01953649,0,0,1692,0.32407585,101,0.01934495
ROCKLIN,674270.4625,296237.1909,1024,4,2.565886655,100,0,7.616903506,7.579770463,94821,63112,1,123847771,123847771,313,49995,0.79216314,1099,0.01741349,292,0.0046267,6149,0.09742997,61,0.00096654,1773,0.02809291,3743,0.05930726
RODEO,26380.77793,18751.59687,251,1,0,100,1,43.45502387,80.84247698,59567,6285,1,,-141627989.7,314,2872,0.45696102,1146,0.1823389,0,0,1117,0.17772474,86,0.01368337,429,0.06825776,635,0.10103421
ROHNERT PARK,796559.6046,421318.1182,1889,1,23.16492731,100,0,12.93589326,19.86379115,65119,38042,1,88150550,88150550,315,27680,0.72761684,1005,0.02641817,42,0.00110404,2507,0.06590085,15,0.0003943,4885,0.1284107,1908,0.05015509
ROSEMEAD,32452.24488,3965875.058,58,25,0,40.41842836,0.5,39.64140399,75.46348846,61046,61315,1,59057151,59057151,316,9195,0.1499633,375,0.00611596,367,0.00598548,37565,0.61265596,11,0.0001794,12795,0.20867651,1007,0.01642339
ROSEVILLE,2610,130.066063,9,1,0,100,0,13.03738161,20.17908942,88314.5,142410,1,319452085,319452085,317,109876,0.77154694,3116,0.02188049,872,0.00612317,15516,0.10895302,550,0.00386209,4936,0.03466049,7544,0.05297381
SACRAMENTO,29903,16421.66873,162,2,0.9071779839,100,0.2386363636,29.2166479,58.0653298,57258.5,821850,1,1263401000,1263401000,318,403261,0.4906747,101211,0.12315021,6166,0.00750259,141616,0.17231368,11851,0.01441991,93941,0.11430431,63804,0.0776346
SAINT HELENA,95324.37966,43824.5674,31,1,0,100,0,15.80106435,27.3174423,91889,7947,8,,-133283927.7,319,6697,0.84270794,99,0.01245753,7,0.00088084,138,0.01736504,0,0,926,0.11652196,80,0.01006669
SALINAS,5466769.433,3053607.515,726,3,19.25831466,100,0.05,26.33470027,52.553916,71607,199851,6,389086044,389086044,320,85006,0.42534688,3532,0.01767317,1343,0.00672001,11519,0.05763794,678,0.00339253,89682,0.44874431,8091,0.04048516
SAN ANSELMO,263893.8812,229761.9531,140,1,0,100,0,3.973132251,1.879177702,142072.5,17184,1,52211107,52211107,321,15526,0.9035149,165,0.00960196,0,0,578,0.03363594,0,0,409,0.02380121,506,0.029446
SAN BERNARDINO,223875.54,90805.97867,2,2,0,100,0.7254901961,46.91061761,85.35754824,47970.5,278008,5,335935687,335935687,322,168148,0.60483152,34210,0.12305401,1711,0.0061545,10362,0.03727231,1282,0.00461138,48979,0.17617838,13316,0.0478979
SAN BRUNO,132328.8681,119661.5405,232,1,0,100,0.1111111111,15.97754578,27.67057637,122308,43101,1,98367969,98367969,323,19095,0.44302916,426,0.00988376,54,0.00125287,13384,0.31052644,1256,0.02914086,5550,0.12876731,3336,0.0773996
SAN CARLOS,863095.4914,402278.1941,43,2,16.26497369,100,0,7.880444239,8.172531215,189914,32112,1,114221909,114221909,324,23931,0.74523543,285,0.00887519,26,0.00080967,4996,0.15558047,54,0.00168161,826,0.02572247,1994,0.06209517
SAN DIEGO,0,20892804.11,104,8,0,0,0.09578544061,17.1951482,30.82355909,77448,1335542,1,4139432802,4139432802,325,852385,0.63823152,90004,0.06739137,6597,0.00493957,232361,0.17398255,5668,0.00424397,76269,0.05710715,72258,0.05410388
SAN FRANCISCO,13683306.83,33332781.1,2566,10,1.7252794,41.9634864,0.0612244898,14.76133906,24.53651154,115882.5,874961,6,13200899836,13200899836,326,406056,0.46408468,45556,0.05206632,3223,0.00368359,301018,0.34403591,3188,0.00364359,67207,0.07681142,48713,0.05567448
SAN GABRIEL,19004.4,4752.896799,1,1,0,100,0.1538461538,25.32997012,50.43511162,70618,62324,1,92436618,92436618,327,13648,0.21898466,520,0.0083435,191,0.00306463,36627,0.58768693,71,0.00113921,9609,0.15417817,1658,0.02660291
SAN GERONIMO,7242.578,3574.055353,7,1,0,100,0,1.848289067,0.2900744104,97321,3371,1,,-156257710.7,328,3006,0.89172352,3,0.00088994,22,0.00652625,16,0.00474637,10,0.00296648,213,0.063186,101,0.02996144
SAN JACINTO,9691.655944,121099.359,8,1,0,100,0.1,28.18148686,56.28704755,50020,61157,1,40924212,40924212,329,43453,0.71051556,4232,0.06919895,1622,0.0265219,1771,0.02895825,26,0.00042514,7347,0.12013343,2706,0.04424677
SAN JOSE,8691236.961,4926402.337,4821,4,46.85272528,100,0.07070707071,19.25478188,36.43586833,108125,1047701,1,2915456970,2915456970,330,420709,0.40155445,30850,0.02944542,6164,0.00588336,371379,0.35447041,4484,0.00427985,157897,0.15070807,56218,0.05365844
SAN JUAN BAUTISTA,148144.247,83644.50286,91,3,0,100,0,27.23503082,54.3069744,92423,6263,3,4032237,4032237,331,4808,0.76768322,4,0.00063867,0,0,404,0.06450583,13,0.00207568,635,0.10138911,399,0.06370749
SAN LEANDRO,1444334.551,966954.5272,3751,3,1.987679266,100,0.1363636364,30.26975556,59.96973137,78295,118450,1,289621805,289621805,332,44045,0.37184466,14351,0.12115661,1097,0.00926129,38173,0.322271,1123,0.00948079,12236,0.10330097,7425,0.06268468
SAN LORENZO,59093.4857,38864.77771,39,1,0,100,0,23.83273565,47.16862152,96856.5,30688,1,,-19112861.43,333,15108,0.4923097,1395,0.04545751,352,0.01147028,7456,0.24296142,517,0.01684698,4142,0.13497132,1718,0.05598279
SAN LUIS OBISPO,622925.4062,277676.4409,626,3,5.467203328,100,0,11.85025369,17.24050952,69512,65313,1,176469386,176469386,334,51700,0.79157289,2828,0.04329919,380,0.00581814,4646,0.07113438,38,0.00058181,2955,0.04524367,2766,0.04234992
SAN MARINO,32779.5,21210.96697,18,1,0,100,0,8.693052429,10.16521629,165208.5,13194,1,61287251,61287251,335,4157,0.31506745,246,0.01864484,0,0,7979,0.60474458,27,0.00204638,379,0.02872518,406,0.03077156
SAN MARTIN,610856.5,463943.7159,11,1,0,100,0,27.36748698,54.69163829,112964.5,9665,2,,-124658718.1,336,7536,0.77972064,211,0.02183135,95,0.00982928,610,0.06311433,35,0.00362131,654,0.06766684,524,0.05421624
SAN MATEO,1578122.95,739052.3031,3753,3,6.673942037,100,0,12.21017894,18.17379241,144479,143097,1,343379295,343379295,337,72781,0.50861304,2951,0.02062238,480,0.00335437,42794,0.29905589,2742,0.01916183,12243,0.08555735,9106,0.06363516
SAN PABLO,321706.5063,200685.9206,328,2,0,100,0.4545454545,37.91161714,73.03569176,64327,63422,1,122697588,122697588,338,24559,0.38723156,9976,0.15729558,343,0.00540822,11563,0.18231844,352,0.00555012,13691,0.21587146,2938,0.04632462
SAN RAFAEL,1119960.679,875477.2003,3558,2,26.31002978,100,0,10.72676884,14.66767562,96313,72139,1,210321883,210321883,339,49713,0.68912793,1009,0.01398689,508,0.00704196,4892,0.06781353,372,0.00515671,11856,0.16434938,3789,0.0525236
SAN RAMON,517024.39,149317.1351,2142,2,1.704857196,100,0,6.177989246,5.032160424,149437.5,86097,1,124315838,124315838,340,37760,0.4385751,1902,0.02209136,275,0.00319407,39226,0.4556024,268,0.00311277,1428,0.01658594,5238,0.06083836
SANGER,337088.147,100033.9402,785,2,0,100,0.375,33.81499162,66.12435364,73114.5,47464,2,31723224,31723224,341,33499,0.70577701,308,0.00648913,647,0.01363138,3917,0.0825257,24,0.00050565,7571,0.15951037,1498,0.03156076
SANTA ANA,1236913.901,660939.0923,33,1,96.47024788,100,0.2833333333,34.30430864,67.22159163,72977,369465,1,599152417,599152417,342,161171,0.43622806,4134,0.01118915,1889,0.0051128,45726,0.12376274,981,0.00265519,147472,0.39915012,8092,0.02190194
SANTA BARBARA,411744.3327,747495.3978,137,3,28.91033618,100,0,10.42881989,14.07491487,94509,145719,2,343060421,343060421,343,115380,0.79179791,2267,0.01555734,1550,0.01063691,6165,0.04230745,60,0.00041175,15157,0.10401526,5140,0.03527337
SANTA CLARITA,11225.8,6543.937515,5,1,0,100,0,11.45789193,16.02976416,113299,51656,2,331043409,331043409,344,39759,0.76968794,1343,0.02599892,301,0.00582701,4799,0.09290305,96,0.00185845,2934,0.05679882,2424,0.04692582
SANTA CRUZ,2629816.759,1463472.83,263,4,53.46282133,100,0,12.70988003,19.42237357,83911,106510,1,227343878,227343878,345,82849,0.77785184,1673,0.01570745,508,0.00476951,7851,0.07371139,191,0.00179326,7068,0.06635997,6370,0.05980659
SANTA MARGARITA,4618.12752,3114.482086,2,1,0,100,0,16.06286718,27.87236726,94133,6793,1,,-139077578.4,346,6387,0.94023259,121,0.01781245,32,0.00471073,132,0.01943177,0,0,45,0.00662447,76,0.01118799
SANTA MARIA,4346289.79,1681966.298,2646,3,3.487358423,100,0,20.81678144,40.35817884,73568.5,158111,2,176067163,176067163,347,131065,0.82894296,1984,0.01254815,1495,0.00945538,7189,0.04546806,220,0.00139143,10876,0.06878712,5282,0.03340691
SANTA MONICA,1048313.962,1017249.869,212,2,60.74468547,100,0.05263157895,21.46840917,41.99772985,95417,91577,1,833735521,833735521,348,69539,0.75935006,4100,0.04477107,284,0.00310122,9299,0.10154296,101,0.0011029,2869,0.03132883,5385,0.05880297
SANTA PAULA,33680.04478,53051.10028,18,1,27.40905089,100,0,23.02319783,45.21377223,69960,39386,2,34632590,34632590,349,33849,0.85941705,586,0.01487838,357,0.00906413,648,0.01645255,2,5.08E-05,2572,0.06530239,1372,0.03483471
SANTA ROSA,7937848.786,3415741.144,11014,5,3.089814525,100,0.02564102564,17.33482715,31.20191701,76341,219348,1,408725410,408725410,350,149584,0.68194832,5176,0.02359721,2561,0.01167551,10897,0.04967905,1266,0.00577165,36683,0.16723654,13181,0.06009173
SARATOGA,231117.2626,103323.8453,207,2,58.72721256,100,0,6.433643291,5.530331694,194503,30858,1,56055186,56055186,351,14856,0.48143107,140,0.00453691,64,0.00207402,14520,0.47054248,0,0,138,0.0044721,1140,0.03694342
SAUSALITO,101756.1227,92215.04446,75,1,0,100,0,9.616915982,12.33446841,105913,10548,1,39365612,39365612,352,8287,0.78564657,749,0.07100872,15,0.00142207,437,0.04142965,0,0,544,0.05157376,516,0.04891923
SCOTIA,40224.4329,28432.24261,8,1,0,100,0,21.77249054,42.5904906,39778,4347,7,,-151357708.1,353,3706,0.85254198,22,0.00506096,117,0.02691511,84,0.01932367,0,0,93,0.02139406,325,0.07476421
SCOTTS VALLEY,462066.207,220525.3763,54,1,51.51340077,100,0,6.997327605,6.583427923,107500,8746,1,31563210,31563210,354,7152,0.81774526,53,0.00605991,100,0.0114338,682,0.0779785,0,0,397,0.04539218,362,0.04139035
SEASIDE,1117590.4,542886.4871,1254,2,65.81169469,100,0,16.82425784,29.92180603,56359,26914,1,86167784,86167784,355,16720,0.62123802,2002,0.07438508,120,0.00445865,2812,0.10448094,763,0.02834956,2764,0.10269748,1733,0.06439028
SEBASTOPOL,348052.3002,186586.0433,167,1,0,100,0,11.81940291,17.13961407,92198,25746,2,24836702,24836702,356,22674,0.88068049,246,0.00955488,40,0.00155364,426,0.01654626,30,0.00116523,926,0.03596675,1404,0.05453274
SELMA,180001.962,100866.2172,1036,1,0,100,1,50.50260285,89.37444823,46896.5,35199,3,42445076,42445076,357,27570,0.78326089,353,0.01002869,248,0.00704565,1321,0.03752948,200,0.00568198,4357,0.12378193,1150,0.03267138
SHAFTER,1043188.859,428008.1034,104,1,5.313099098,100,1,46.87337502,85.28818262,46052,23656,2,63669637,63669637,358,19279,0.81497295,612,0.02587082,53,0.00224045,143,0.00604498,0,0,3133,0.13243997,436,0.01843084
SHINGLE SPRINGS,158718.3804,113514.3019,19,1,0,100,0,9.496108145,11.97502838,86543.5,34244,1,,-1259982.849,359,30230,0.88278239,327,0.00954912,101,0.00294942,1568,0.04578904,107,0.00312463,768,0.02242729,1143,0.03337811
SIMI VALLEY,2309.553648,5119.148931,3,1,0,100,0,17.59676871,32.00908059,93237,128176,1,193391526,193391526,360,100962,0.78768256,1651,0.01288073,493,0.00384627,13147,0.1025699,206,0.00160717,5290,0.04127138,6427,0.05014199
SODA SPRINGS,320,14.91231423,1,1,0,100,0,17.09184826,30.5839324,56500,3754,5,,-154334861.3,361,3385,0.90170485,76,0.02024507,5,0.00133191,199,0.05301012,0,0,7,0.00186468,82,0.02184337
SOLEDAD,997892.5187,444892.45,637,2,44.9972617,100,0,26.24812937,52.37734897,66655.5,24958,4,26247590,26247590,362,11810,0.47319497,2470,0.09896626,186,0.00745252,438,0.01754948,92,0.00368619,8932,0.35788124,1030,0.04126933
SOLVANG,28023,1920.180568,149,1,0,100,0,11.36137432,15.87842099,82940,6445,4,24223243,24223243,363,5868,0.91047324,74,0.01148177,21,0.00325834,162,0.02513576,0,0,191,0.02963538,129,0.02001552
SOMES BAR,1880.0811,1493.192987,1,1,0,100,0,12.15129708,17.94677765,36960,1834,10,,-163974210.8,364,1245,0.67884406,21,0.01145038,265,0.14449291,18,0.00981461,4,0.00218103,12,0.00654308,269,0.14667394
SOMIS,82127.99682,56464.99997,2,1,0,100,0,22.20211742,43.41026611,98565,8366,2,,-131180340.5,365,6988,0.83528568,314,0.03753287,36,0.00430313,198,0.02366722,0,0,551,0.06586182,279,0.03334927
SONOMA,515944.8252,251138.4499,337,2,7.12512258,100,0,13.38187621,21.03039475,82737.5,36263,7,42831807,42831807,366,28799,0.79417037,255,0.00703196,67,0.00184761,731,0.02015829,36,0.00099275,5022,0.13848827,1353,0.03731076
SONORA,217479.3296,158242.837,18,1,10.97791303,100,0,19.88699362,37.34392736,56070,21270,4,20450527,20450527,367,18524,0.87089798,145,0.00681711,305,0.01433945,437,0.02054537,42,0.00197461,725,0.03408557,1092,0.05133992
SOQUEL,246206.244,148153.7727,26,1,0,100,0,6.356260832,5.372682558,105221,3229,1,,-156970621,368,2902,0.89873026,3,0.00092908,0,0,78,0.02415609,0,0,48,0.01486528,198,0.06131929
SOUTH EL MONTE,38319.1874,76799.50765,23,1,0,100,1,55.12307837,93.26522891,49417.5,39515,1,39193055,39193055,369,16269,0.41171707,173,0.00437808,317,0.00802227,7619,0.19281286,302,0.00764267,14168,0.35854739,667,0.01687967
SOUTH PASADENA,28545.70572,47852.57619,6,1,0,100,0,10.46228801,14.12536259,120521,25661,1,69222562,69222562,370,14239,0.55488874,922,0.03593001,59,0.00229921,7818,0.30466467,0,0,1078,0.04200927,1545,0.0602081
SOUTH SAN FRANCISCO,628629.7601,263871.3339,55,1,12.68754967,100,0.1818181818,18.2830425,33.97654181,106402,67118,1,294543622,294543622,371,23162,0.34509372,1243,0.01851962,203,0.00302452,27323,0.40708901,739,0.01101046,10515,0.15666438,3933,0.05859829
STANFORD,10360,7983.035467,56,1,0,100,0,8.874482723,10.86517846,63000,20872,1,,-68394035.82,372,12241,0.58647949,653,0.03128593,156,0.00747413,5754,0.27568034,31,0.00148524,516,0.02472212,1521,0.07287275
STEVENSON RANCH,20073.6,9165.00476,1,1,0,100,0,13.84808485,22.93479632,134546.5,12035,2,,-112760146.1,373,7376,0.6128791,599,0.0497715,0,0,2762,0.2294973,0,0,373,0.03099294,925,0.07685916
STOCKTON,5587206.633,3763514.386,8264,5,7.430532517,100,0.6301369863,42.2460576,79.13986631,49219,363335,6,702319574,702319574,374,179683,0.4945381,36107,0.09937661,2490,0.00685318,65114,0.17921202,1920,0.00528438,36489,0.10042798,41532,0.11430773
SUISUN CITY,912587.2751,439094.8635,559,2,6.410450712,100,0,20.66799941,40.0176567,79974,26469,1,31694227,31694227,375,10996,0.41542937,5445,0.20571234,123,0.00464695,5789,0.21870868,107,0.00404246,1827,0.06902414,2182,0.08243606
SUN CITY,22106.68198,110512.1746,5,1,0,100,0,23.04033901,45.26421995,69531,63822,1,,147236204.6,376,42199,0.66119833,2719,0.04260286,461,0.00722321,2452,0.03841935,278,0.00435586,12783,0.20029144,2930,0.04590893
SUNNYVALE,2615312.522,1043242.844,6810,4,25.4182287,100,0,15.67362723,26.92647244,146566,159933,1,450307639,450307639,377,62802,0.39267693,2519,0.01575035,812,0.00507713,75864,0.47434863,438,0.00273865,9586,0.0599376,7912,0.04947072
SUTTER CREEK,145804.8417,135809.8384,35,1,0,100,0,26.54064656,52.95749779,56864,4675,7,4552576,4552576,378,4343,0.92898396,9,0.00192513,4,0.00085561,56,0.01197861,0,0,46,0.00983957,217,0.04641711
TAFT,396875.1472,276790.1178,484,2,2.725294129,100,0.6666666667,39.72641244,75.6211376,35718,17248,4,12051096,12051096,379,14543,0.84317022,136,0.00788497,41,0.00237709,263,0.01524814,5,0.00028989,1455,0.08435761,805,0.04667208
TEMECULA,37.2,95.67492917,1,1,0,100,0,15.21369988,25.67158532,99653,127231,2,276748683,276748683,380,88123,0.69262208,5250,0.04126353,874,0.0068694,11429,0.08982874,713,0.00560398,11839,0.09305122,9003,0.07076106
TEMPLETON,267609.515,148648.7238,164,3,11.93721636,100,0,10.65950584,14.76857107,92588,14011,1,,-102839648.9,381,12953,0.9244879,98,0.0069945,297,0.02119763,69,0.0049247,0,0,92,0.00656627,502,0.03582899
THOUSAND OAKS,47700.0818,290420.4972,6,1,0,100,0,11.33988927,16.13696557,121187.5,79305,1,226976306,226976306,382,65126,0.82120926,1026,0.01293739,489,0.00616607,6880,0.08675367,117,0.00147532,1777,0.02240716,3890,0.04905113
TORRANCE,189239.0594,414119.0496,39,2,0,100,0.1621621622,25.32696195,50.47925337,89463.5,182791,1,512015370,512015370,383,77144,0.42203391,6834,0.03738696,1064,0.00582086,63835,0.34922398,826,0.00451882,21463,0.11741825,11625,0.06359722
TRACY,2017663.031,1200237.677,1725,4,12.81817608,100,0.25,33.57511841,65.84689116,82916.5,123469,2,226114037,226114037,384,68788,0.5571277,6898,0.05586827,453,0.00366894,24051,0.19479383,1270,0.01028598,10501,0.08504969,11508,0.09320558
TRINIDAD,26761.859,24406.35228,28,2,0,100,0,13.0274848,20.1286417,47583,2775,5,1812274,1812274,385,2507,0.90342342,0,0,132,0.04756757,21,0.00756757,0,0,6,0.00216216,109,0.03927928
TRUCKEE,1478.52,1633.529579,3,1,0,100,0,6.407040281,5.524025728,110808,18279,4,82745031,82745031,386,16755,0.91662564,101,0.00552547,19,0.00103944,201,0.01099623,83,0.00454073,826,0.04518847,294,0.01608403
TULARE,71650.62,17927.50202,1,1,0,100,0.4285714286,39.04573036,74.50498171,47017,72613,2,111458928,111458928,387,58057,0.79954003,2515,0.03463567,821,0.01130652,1107,0.0152452,137,0.00188671,7321,0.10082217,2655,0.0365637
TUSTIN,5827.094,2353.142921,4,2,0,100,0,22.62834031,44.39399672,88761,88473,1,159816348,159816348,388,44952,0.50808721,2256,0.0254993,261,0.00295005,20738,0.2343992,233,0.00263357,16155,0.18259808,3878,0.04383258
UKIAH,231261.2371,170084.4652,28,2,0,100,0,24.68063193,49.31264977,49135,26453,4,50276065,50276065,389,21165,0.80009829,289,0.01092504,1029,0.03889918,969,0.03663101,50,0.00189014,1428,0.05398254,1523,0.05757381
UNION CITY,365581.3463,249485.9454,977,2,36.66554945,100,0.125,23.39988382,46.09030143,116875,81064,1,154635136,154635136,390,17380,0.2143985,4072,0.05023192,489,0.00603227,42689,0.52660861,1677,0.02068736,9520,0.11743807,5237,0.06460328
VACAVILLE,4863504.318,2187779.377,3044,4,24.26137008,100,0,17.03700048,30.50826081,94659,106828,2,261334918,261334918,391,70735,0.66213914,10442,0.09774591,808,0.00756356,8121,0.0760194,928,0.00868686,7476,0.06998165,8318,0.07786348
VALENCIA,16728,9729.723966,4,1,0,100,0,13.68796373,21.69252112,111042,70275,2,,179633455.9,392,48822,0.69472785,2569,0.03655639,373,0.00530772,11333,0.16126645,26,0.00036998,2743,0.03903237,4409,0.06273924
VALLEJO,1609408.462,894711.6525,1327,3,8.041261008,100,0.1612903226,24.29481734,48.45503847,70417,122876,1,263619424,263619424,393,43704,0.35567564,25162,0.20477555,456,0.00371106,28277,0.23012631,1235,0.01005078,15549,0.12654221,8493,0.06911846
VALLEY SPRINGS,18282.88626,19284.46529,4,1,7.307332601,100,0,20.83972852,40.04918653,72865,17895,3,,-83340048.06,394,16269,0.90913663,131,0.00732048,50,0.00279408,370,0.02067617,0,0,125,0.00698519,950,0.05308745
VENTURA,906599.3612,823356.7688,9,1,0,100,0.08,19.78211039,37.8105688,78115,109566,2,278789652,278789652,395,93197,0.85060146,1591,0.01452093,986,0.00899914,4136,0.03774894,56,0.00051111,4145,0.03783108,5455,0.04978734
VICTORVILLE,94067.20521,301762.6743,36,2,0,100,0.1875,33.14440647,65.16584689,54880,135177,1,170667834,170667834,396,89060,0.65883989,21172,0.15662428,1232,0.00911398,4774,0.03531666,186,0.00137597,10754,0.07955495,7999,0.05917427
VISALIA,6415752.218,948406.2337,21,1,0,100,0.3333333333,33.89256084,66.44595788,58713,159505,1,269522684,269522684,397,112384,0.70457979,3146,0.01972352,1852,0.01161092,8619,0.05403592,216,0.00135419,26440,0.16576283,6848,0.04293282
WALNUT CREEK,204788.533,149316.048,545,1,12.3604517,100,0,9.048853866,10.94715601,122536.5,97658,1,183611285,183611285,398,73396,0.75156157,2099,0.02149337,140,0.00143357,14136,0.14475005,396,0.00405497,1831,0.0187491,5660,0.05795736
WASCO,220766.3001,89943.9863,50,1,0,100,0.5,48.11692374,86.84575609,43879,27297,4,23647051,23647051,399,22142,0.81115141,1649,0.06040957,193,0.00707037,179,0.0065575,30,0.00109902,2340,0.08572371,764,0.02798842
WATSONVILLE,2835102.842,1534907.835,289,2,54.13464208,100,0.1333333333,22.83932029,44.74713079,68214,88671,2,115522757,115522757,400,52227,0.58899753,663,0.00747708,652,0.00735302,2538,0.02862266,54,0.00060899,30117,0.33964881,2420,0.0272919
WEST COVINA,0,134816.9959,1,1,0,100,0.1666666667,31.51624847,62.27140875,88330.5,104339,1,167832707,167832707,401,36712,0.35185309,4333,0.0415281,629,0.00602843,31938,0.30609839,318,0.00304776,25272,0.24221049,5137,0.04923375
WEST HOLLYWOOD,19595.5515,48607.49522,8,1,0,100,0,19.07648124,35.98183882,94315,20977,1,221253537,221253537,402,17531,0.83572484,550,0.02621919,41,0.00195452,1427,0.06802689,49,0.00233589,373,0.01778138,1006,0.04795729
WEST SACRAMENTO,413489.9282,258486.1909,64,2,46.96469231,100,0.375,29.4599925,57.86984487,82773.5,45454,1,202036329,202036329,403,29698,0.65336384,2402,0.05284463,235,0.00517006,5113,0.11248735,560,0.01232015,2448,0.05385665,4998,0.10995732
WESTLAKE VILLAGE,1275.9894,2837.904675,1,1,0,100,0,11.59906002,16.44595788,110840.5,17146,1,37535299,37535299,404,14792,0.8627085,442,0.02577861,75,0.0043742,1012,0.05902251,0,0,198,0.01154788,627,0.0365683
WHEATLAND,39460,2665.749749,206,1,0,100,0,25.75194716,51.24227519,77303,4652,2,6414899,6414899,405,4103,0.88198624,7,0.00150473,55,0.01182287,71,0.01526225,50,0.01074807,28,0.00601892,338,0.07265692
WHITTIER,46504.62,27780.54958,4,1,0,100,0.4,36.51480973,70.86013369,74819,183516,1,129417527,129417527,406,86585,0.47181172,2101,0.01144859,1774,0.00966673,9707,0.05289457,336,0.0018309,76712,0.4180126,6301,0.03433488
WILDOMAR,5019.631344,12383.84427,11,1,0,100,0,22.91926328,45.02459327,85335,34552,1,29236953,29236953,407,21786,0.6305279,2090,0.06048854,417,0.01206877,2433,0.07041561,273,0.00790113,5477,0.1585147,2076,0.06008335
WILLIAMS,146558.7949,68066.7281,7,1,31.93387463,100,0,25.81831426,51.40623029,66143,5963,8,11785217,11785217,408,5192,0.87070267,9,0.00150931,130,0.02180111,170,0.02850914,22,0.00368942,366,0.0613785,74,0.01240986
WILLITS,188872.042,148690.5938,20,1,0,100,0,19.92642867,37.74120318,47007,12690,7,12618622,12618622,409,10930,0.86130812,67,0.00527975,348,0.02742317,106,0.00835303,38,0.00299448,443,0.03490938,758,0.05973207
WILLOWS,21903.579,24265.41087,7,1,54.44533799,100,0,35.1167247,68.63412788,44004,7118,7,10963024,10963024,410,5037,0.7076426,111,0.01559427,174,0.02444507,598,0.08401236,0,0,854,0.11997752,344,0.04832818
WINDSOR,436177.6798,112789.1686,1386,2,0,100,0,16.08930725,28.23811326,105544,21434,1,50138809,50138809,411,15745,0.73458057,138,0.00643837,442,0.02062144,535,0.02496034,6,0.00027993,2998,0.13987123,1570,0.07324811
WINTON,2775,9236.816894,29,2,99.86099181,100,1,42.83651815,79.97855972,48057.5,9800,1,,-123980951.4,412,4633,0.4727551,546,0.05571429,34,0.00346939,215,0.02193878,0,0,4212,0.42979592,160,0.01632653
WOODLAND,526910.0579,278715.8263,358,2,9.537818639,100,0,19.03141067,35.86833144,71184,68805,1,134378568,134378568,413,51797,0.75280866,1280,0.0186033,809,0.01175787,5689,0.08268294,126,0.00183126,6079,0.08835114,3025,0.04396483
YORBA LINDA,100589.028,230594.6335,12,1,100,100,0,14.37930234,23.43296759,137520.5,63982,1,108191037,108191037,414,46405,0.72528211,715,0.01117502,103,0.00160983,12952,0.20243193,71,0.00110969,1121,0.01752055,2615,0.04087087
YOSEMITE NATIONAL PARK,8894,18234.38254,4,1,0,100,0,20.14769097,38.74385168,55994,1702,10,,-164636916.1,415,1359,0.79847239,41,0.02408931,0,0,49,0.02878966,0,0,200,0.11750881,53,0.03113984
YOUNTVILLE,16598.67248,4901.835174,57,2,0,100,0,10.84848779,14.90730231,69300,2987,7,32212771,32212771,416,2526,0.84566455,75,0.0251088,9,0.00301306,95,0.03180449,0,0,149,0.04988283,133,0.04452628
YUBA CITY,898299.6068,637530.0859,450,3,25.82280142,100,0.0625,25.73387267,51.23596923,60333.5,77902,2,95292052,95292052,417,51782,0.66470694,1592,0.02043593,672,0.00862622,14103,0.18103515,522,0.00670073,3768,0.04836846,5463,0.07012657