,SiteCity,TotalFirstYearGrosskWh,TotalFirstYearGrossTherm,Budget,Resource Claims,OBF Claims,Total Claims,Total Programs,% OBF,% Resource
0,ACAMPO,48664.72674,-148.89033,17684.56850862034,6,0,6,1,0.0,100.0
1,ADELANTO,40730.532696,-90.11179800000001,81960.18969323949,12,0,12,1,0.0,100.0
2,ALAMO,73049.39259999999,118.64523999999994,48785.5426833944,15,2,15,1,13.333333333333334,100.0
3,ALBANY,158184.14900000003,-818.16733444,63829.667145763684,40,0,40,2,0.0,100.0
4,ALHAMBRA,43261.89878399999,-64.344924832,96930.89520237292,14,0,14,1,0.0,100.0
5,ALTA,185.0,0.0,12.8399316662954,1,0,1,1,0.0,100.0
6,ALTADENA,42279.20000000001,0.0,28735.007787095426,30,0,30,1,0.0,100.0
7,AMERICAN CANYON,246321.56896000003,-390.57183000000003,113629.61569686409,737,0,737,2,0.0,100.0
8,ANAHEIM,5687.296224,-3.2706305820000003,8210.13686114256,6,0,6,1,0.0,100.0
9,ANDERSON,153146.06399999998,-137.86500238399998,162295.57250721753,18,5,18,2,27.77777777777778,100.0
10,ANGELS CAMP,34384.047026,-285.90726,18687.83465337712,8,0,8,2,0.0,100.0
11,ANGWIN,12649.271999999999,-112.63211,5444.597849844852,3,0,3,1,0.0,100.0
12,ANTIOCH,1090695.4041159998,-1536.5119004300009,755682.0797616687,405,93,405,2,22.962962962962962,100.0
13,APPLE VALLEY,593681.85,-580.752,536253.4151128946,55,55,55,1,100.0,100.0
14,APTOS,344026.4910000001,-3084.893000000001,193663.26518843794,40,10,40,2,25.0,100.0
15,ARBUCKLE,47268.9,0.0,45369.20434260137,2,0,2,1,0.0,100.0
16,ARCADIA,144685.62,0.0,81686.3946034292,4,0,4,1,0.0,100.0
17,ARCATA,587077.163379,-1538.4053091700007,590409.3744903603,470,9,470,2,1.9148936170212765,100.0
18,ARMONA,3800.3878080000004,-13.181525280000002,15675.391457861742,4,0,4,1,0.0,100.0
19,ARNOLD,1858.7199999999998,-12.782340000000001,1547.710453935579,4,0,4,1,0.0,100.0
20,AROMAS,61619.141,-311.125,40748.69540591155,7,0,7,1,0.0,100.0
21,ARROYO GRANDE,282692.1174599999,-1218.98604706,141893.20786205024,94,0,94,2,0.0,100.0
22,ARVIN,235985.14137,-1118.2189301050003,99105.11401967792,69,20,69,1,28.985507246376812,100.0
23,ATASCADERO,504578.71262599993,-2312.4738935620003,262234.12880019745,333,9,333,2,2.7027027027027026,100.0
24,ATHERTON,1010.0,0.0,721.490514949886,4,0,4,1,0.0,100.0
25,ATWATER,389167.98519999994,-143.42904103,520194.9347985986,1444,666,1444,3,46.121883656509695,100.0
26,AUBURN,215833.16163999998,-1196.4284196370004,222860.33270627292,152,12,152,3,7.894736842105263,100.0
27,AVILA BEACH,15711.72032,-13.54369,7001.948021230503,34,0,34,2,0.0,100.0
28,BAKERSFIELD,15554655.202253181,-50313.14373544007,6152233.043706681,18569,12417,18569,2,66.86951370563843,100.0
29,BAKERSIFELD,4681.399999999995,0.0,1062.96861515541,75,74,75,1,98.66666666666667,100.0
30,BALBOA,14350.0,0.0,8163.716320216276,6,6,6,1,100.0,100.0
31,BALDWIN PARK,1363587.7118799998,-46.457743752,845537.8452406427,20,2,20,1,10.0,100.0
32,BANTA,51475.5,0.0,14839.8038306952,1,0,1,1,0.0,100.0
33,BARSTOW,400475.3669639999,-154.188657,374397.38241764955,25,12,25,1,48.0,100.0
34,BAY POINT,49620.718547000004,-622.20315,45875.80975605724,65,0,65,1,0.0,100.0
35,BAYSIDE,6922.39315,-143.40828600000006,8670.684152624242,48,0,48,1,0.0,100.0
36,BELMONT,152082.27599999998,0.0,116368.48006530586,13,0,13,2,0.0,100.0
37,BELVEDERE,7369.280000000001,-44.849,5473.690049386841,7,0,7,1,0.0,100.0
38,BEN LOMOND,17841.033,-166.905,8335.549908928033,3,0,3,1,0.0,100.0
39,BENICIA,441123.88442000013,-2142.2484031550002,247349.30872791616,126,2,126,3,1.5873015873015872,100.0
40,BENTON,7453.8,-24.462,13589.733029383804,6,6,6,1,100.0,100.0
41,BERKELEY,868304.5384962996,-5398.475612136998,576967.0214549488,409,4,409,3,0.9779951100244498,100.0
42,BETHEL ISLAND,6215.408316,-75.43593,5797.642936258272,2,0,2,1,0.0,100.0
43,BEVERLY HILLS,831404.09472,-1.4966138880000002,817664.1114247674,70,0,70,1,0.0,100.0
44,BISHOP,8411.811135999998,-60.827031968,119837.93931135206,12,2,12,1,16.666666666666664,100.0
45,BLUE LAKE,26787.968300000004,-90.48684847000001,13924.298534765909,121,0,121,2,0.0,100.0
46,BLYTHE,741659.04,0.0,183298.90524066662,26,4,26,1,15.384615384615385,100.0
47,BODEGA BAY,10132.733844,-79.20504,5087.608584548454,3,0,3,1,0.0,100.0
48,BOONVILLE,35829.170794,-492.05043,21367.7704630503,3,0,3,1,0.0,100.0
49,BOULDER CREEK,110122.70037600001,-725.8075600000002,61971.34270607802,29,12,29,1,41.37931034482759,100.0
50,BRADLEY,1465.0,0.0,72.48918860066381,5,0,5,1,0.0,100.0
51,BREA,113814.72,0.0,54271.407049270194,2,0,2,1,0.0,100.0
52,BRENTWOOD,214418.7070000013,-158.95487156000004,172741.46154786268,970,857,970,2,88.35051546391752,100.0
53,BRIDGEPORT,103865.90000000005,-640.8937999999999,223487.74750687566,58,58,58,1,100.0,100.0
54,BRIDGEVILLE,7859.1214,28.4714,7382.012315859684,4,0,4,1,0.0,100.0
55,BRISBANE,309040.37299999996,-785.4254000000001,127604.29497247463,58,8,58,1,13.793103448275861,100.0
56,BROOKDALE,41170.0,0.0,21714.0032833565,1,0,1,1,0.0,100.0
57,BROWNS VALLEY,370.0,0.0,25.6798633325908,2,0,2,1,0.0,100.0
58,BUELLTON,177738.94667,-411.48968063,54104.79256186163,277,4,277,3,1.444043321299639,100.0
59,BUENA PARK,379122.4400320001,1258.921912798,192285.98125399248,67,52,67,1,77.61194029850746,100.0
60,BURLINGAME,1331067.259,-4042.5826175319994,537631.7989973895,920,21,920,3,2.282608695652174,100.0
61,BURNEY,8857.665,-14.597999666,10321.75528831893,5,5,5,1,100.0,100.0
62,BUTTONWILLOW,164338.92449000003,-703.07328,78305.35565433776,19,0,19,1,0.0,100.0
63,CALISTOGA,212789.11454102004,-701.44185876,88825.42096924083,271,0,271,2,0.0,100.0
64,CAMARILLO,52561.08231526,-32.94397222199999,99939.5351500705,18,0,18,1,0.0,100.0
65,CAMBRIA,50718.60659000001,-396.96617,19600.02680502434,80,0,80,2,0.0,100.0
66,CAMERON PARK,50365.50622,-305.68307000000004,38962.8684860421,13,0,13,1,0.0,100.0
67,CAMINO,4154.83416,-36.13185,3354.113980844292,2,0,2,1,0.0,100.0
68,CAMP MEEKER,409.744,-9.6526,462.6536733978288,3,0,3,1,0.0,100.0
69,CAMPBELL,480289.81839999993,-1585.1366906899998,343024.31153243885,579,5,579,2,0.8635578583765112,100.0
70,CANYON COUNTRY,63782.880000000005,0.0,47068.95351277126,6,0,6,2,0.0,100.0
71,CANYON LAKE,38834.45729279998,-34.12482334,57870.92373005117,32,0,32,1,0.0,100.0
72,CAPITOLA,353262.62996000005,-1670.35581,154800.6382717023,29,6,29,1,20.689655172413794,100.0
73,CARLOTTA,16778.387,850.2356000000001,34203.47338296772,6,0,6,1,0.0,100.0
74,CARMEL,157141.538,-1449.5060000000003,90717.01788277357,38,13,38,1,34.21052631578947,100.0
75,CARMEL VALLEY,30851.149000000005,-188.4,19611.902000471644,7,0,7,1,0.0,100.0
76,CARPINTERIA,14417.179200000002,-8.603895123,32428.57806597298,12,0,12,1,0.0,100.0
77,CARSON,1862807.3845759998,12080.105237447999,944414.095915246,218,58,218,2,26.605504587155966,100.0
78,CARUTHERS,23185.278,-114.822,10472.48039643377,2,0,2,1,0.0,100.0
79,CASTAIC,181880.52000000008,0.0,104468.72800251446,40,0,40,1,0.0,100.0
80,CASTRO VALLEY,324402.5594382201,-3566.6704600000003,225039.41295830262,94,0,94,2,0.0,100.0
81,CASTROVILLE,206877.143,-1592.6589999999999,122974.92419905923,24,6,24,2,25.0,100.0
82,CAYUCOS,18655.46744,-52.85779,13042.578515109506,11,0,11,2,0.0,100.0
83,CAZADERO,352.74800000000005,-8.2834,377.10451098764725,4,0,4,1,0.0,100.0
84,CERRITOS,17571.600000000002,0.0,4535.270440403732,6,6,6,1,100.0,100.0
85,CHALFANT VALLEY,2553.320000000001,-25.145999999999997,5896.5080292984885,8,8,8,1,100.0,100.0
86,CHATSWORTH,2755.2,0.0,1685.1114151404322,2,0,2,1,0.0,100.0
87,CHICO,1550507.0255999991,-1726.031373624,1301852.4358469332,4527,37,4527,5,0.8173183123481335,100.0
88,CHOWCHILLA,461350.78199999983,-390.20399911999993,198932.87688557472,336,6,336,2,1.7857142857142856,100.0
89,CHUALAR,98910.981,-622.6740000000001,62023.26814244574,3,0,3,1,0.0,100.0
90,CLAREMONT,237551.75499999995,0.0,99620.63558170562,20,8,20,1,40.0,100.0
91,CLAYTON,56473.20302,-245.09834161,33937.22711075336,74,0,74,2,0.0,100.0
92,CLEARLAKE,389068.14780000004,-1718.9025320299997,233429.42559675456,58,5,58,2,8.620689655172415,100.0
93,CLEARLAKE OAKS,48434.09215800001,-680.44902,32304.51729680145,8,0,8,1,0.0,100.0
94,CLOVERDALE,255002.11828,-713.0857492700001,115774.55701605757,26,0,26,1,0.0,100.0
95,CLOVIS,1726496.7000000002,-1740.9203059650001,888556.556197116,7736,42,7736,3,0.5429162357807653,100.0
96,COALINGA,212603.09999999995,-182.403002789,55568.83053209525,593,0,593,2,0.0,100.0
97,COARSEGOLD,49681.44299999999,-234.084,20641.20544102424,7,0,7,1,0.0,100.0
98,COLFAX,7543.0,-20.869999999999997,2838.1853823024408,30,0,30,2,0.0,100.0
99,COLMA,236375.16999999995,-659.0699999999999,38771.9931071736,16,14,16,1,87.5,100.0
100,COLUSA,3804.3,-41.274,3263.8195708408603,4,0,4,1,0.0,100.0
101,CONCORD,1096864.6063670022,-4181.308750539999,631970.2314711661,769,28,769,1,3.6410923276983094,100.0
102,COPPEROPOLIS,1300.02534,-5.23692,1478.38055773354,1,0,1,1,0.0,100.0
103,CORCORAN,66692.0,0.0,4473.787690208487,345,0,345,1,0.0,100.0
104,CORNING,115242.68,0.0,15793.386300896884,443,0,443,2,0.0,100.0
105,CORONA,4991700.161280003,-14.36443008,2143090.233230802,826,0,826,1,0.0,100.0
106,CORONA DEL MAR,43044.09475199999,-4.734673722,38732.14379232646,32,20,32,1,62.5,100.0
107,CORTE MADERA,61005.82086,-327.50112974300004,39199.555826151234,59,4,59,3,6.779661016949152,100.0
108,COSTA MESA,551357.9476080005,-66.00550106199995,297891.1168758515,160,40,160,1,25.0,100.0
109,COTATI,271937.380978,-1462.2161777099996,109152.81199084352,403,0,403,2,0.0,100.0
110,COULTERVILLE,6691.725804,-73.33265,5142.6919003354615,3,0,3,1,0.0,100.0
111,CRESSEY,3937.909,-15.075999999999999,3363.5319924639653,3,0,3,1,0.0,100.0
112,CROWLEY LAKE,2259.0,0.0,5491.25845535032,2,2,2,1,100.0,100.0
113,CULVER CITY,864721.1616,-440.95234404800004,1480453.8141843777,76,34,76,1,44.73684210526316,100.0
114,CUPERTINO,521681.77999999997,-1188.7188477759996,261141.1036505616,397,2,397,2,0.5037783375314862,100.0
115,CUTTEN,84789.0,0.0,5631.594411100092,433,0,433,1,0.0,100.0
116,DALY CITY,718642.3037999956,-3768.93646,524902.0151105823,1370,1349,1370,2,98.46715328467154,100.0
117,DANVILLE,222325.986202,-287.87186,113364.03216243899,509,0,509,3,0.0,100.0
118,DAVIS,461193.6094000002,-514.0485399999999,229685.83042457976,68,25,68,3,36.76470588235294,100.0
119,DEL REY,50965.295,0.0,26216.988244312583,11,0,11,1,0.0,100.0
120,DELHI,12495.0,0.0,44447.83480405271,130,127,130,1,97.6923076923077,100.0
121,DIAMOND SPRINGS,21732.776820000003,-156.53430142,17294.148918036135,5,0,5,1,0.0,100.0
122,DILLON BEACH,559.472,-13.2788,855.0595343054033,5,0,5,1,0.0,100.0
123,DINUBA,190540.0,0.0,127050.24356852336,1203,113,1203,1,9.39318370739817,100.0
124,DISCOVERY BAY,4923.4,-46.903999999999996,6226.449271865447,4,0,4,1,0.0,100.0
125,DIXON,695920.4174800003,-1336.4785181000004,376371.70075504144,1097,0,1097,4,0.0,100.0
126,DOS PALOS,121536.86,-294.87030000000004,231156.53943895333,630,469,630,3,74.44444444444444,100.0
127,DOWNEY,3423997.781264,-63.83665597399998,1557597.9860065582,194,170,194,1,87.62886597938144,100.0
128,DOWNIEVILLE,18.5,-0.106,903.9732104590882,2,0,2,1,0.0,100.0
129,DUBLIN,287103.19299999997,-470.5794000000001,210357.95857072435,301,6,301,2,1.9933554817275747,100.0
130,DURHAM,185.0,0.0,13.932213076409099,1,0,1,1,0.0,100.0
131,EAST PALO ALTO,0.0,0.0,1763.1599855999998,1,0,1,1,0.0,100.0
132,EL CERRITO,401832.24984499987,-700.49489,183162.57684395934,1346,0,1346,1,0.0,100.0
133,EL DORADO HILLS,13795.699999999999,-24.6,6773.0870623650135,36,1,36,2,2.7777777777777777,100.0
134,EL MONTE,239840.04590600004,-356.44349044200004,243059.09039341402,80,0,80,1,0.0,100.0
135,EL PORTAL,0.0,0.0,39560.91981562809,6,0,6,1,0.0,100.0
136,EL SEGUNDO,35155.806336,-23.578635628,96888.09629625657,8,0,8,1,0.0,100.0
137,EL SOBRANTE,254112.48888121996,-2412.30969,194551.5933309147,123,16,123,2,13.008130081300814,100.0
138,EL TORO,6428.8,0.0,2249.68721655084,2,0,2,1,0.0,100.0
139,ELMIRA,133.78600000000003,-3.1351,87.2698175576482,2,0,2,1,0.0,100.0
140,EMERYVILLE,349156.8491978999,-843.3710799999999,230760.68839503225,799,8,799,2,1.0012515644555695,100.0
141,ESCALON,24555.36,-46.56,13850.468435570849,3,0,3,1,0.0,100.0
142,ESPARTO,0.0,0.0,1264.46001339,1,0,1,1,0.0,100.0
143,EUREKA,1934949.088883002,-21026.177727367,1658267.5341428127,2818,9,2818,3,0.319375443577005,100.0
144,FAIRFAX,193260.2195362002,-1062.44523408,156145.02988116708,791,664,791,2,83.94437420986094,100.0
145,FAIRFIELD,3791031.055761866,-17796.13223552902,1880583.3593402503,945,10,945,4,1.0582010582010581,100.0
146,FARMERSVILLE,25711.495656,-89.17951195999999,94340.82966838009,4,0,4,1,0.0,100.0
147,FELTON,242571.11200000002,-1283.7525999999998,126030.31071551701,20,4,20,1,20.0,100.0
148,FERNBRIDGE,0.0,0.0,625.1500107662999,1,0,1,1,0.0,100.0
149,FERNDALE,75791.586656,-836.3769728600003,56506.728157627054,169,0,169,2,0.0,100.0
150,FIELDBROOK,339.94820000000004,-3.646,199.8077175733696,4,0,4,2,0.0,100.0
151,FIELDS LANDING,7844.906800000001,-91.56239808000001,4440.887857359978,4,0,4,2,0.0,100.0
152,FILLMORE,31498.70976,-46.83721190399999,70055.703970605,2,0,2,1,0.0,100.0
153,FINLEY,71527.33727999999,-413.76546,62804.63843049744,6,0,6,1,0.0,100.0
154,FIREBAUGH,119501.4072,-13.814536,51464.87899765704,212,0,212,2,0.0,100.0
155,FIVE POINTS,40568.02,-4.74,31324.02422745806,10,6,10,1,60.0,100.0
156,FOLSOM,43074.0,0.0,20014.58191837048,191,0,191,2,0.0,100.0
157,FOREST KNOLLS,811.044,-19.2176,1216.6641823931702,4,0,4,1,0.0,100.0
158,FOREST RANCH,279.0,0.0,14.2829239724131,1,0,1,1,0.0,100.0
159,FORESTHILL,878.0,0.0,43.4781621784183,3,0,3,1,0.0,100.0
160,FORESTVILLE,15331.78218458,-206.02420999999998,6898.796940918337,11,0,11,1,0.0,100.0
161,FORT BRAGG,75289.232322,-483.46946678300003,57504.38333239297,19,0,19,1,0.0,100.0
162,FORTUNA,289304.91093679995,1005.1139555810001,358065.1024402415,158,11,158,1,6.962025316455696,100.0
163,FOSTER CITY,464174.99799999996,-184.0318143,96139.0496629666,13,10,13,2,76.92307692307693,100.0
164,FOUNTAIN VALLEY,52403.12499999999,0.0,18847.386098301573,14,0,14,1,0.0,100.0
165,FOWLER,94236.64322700001,-193.25200010900002,55271.09422469983,21,12,21,1,57.14285714285714,100.0
166,FREEDOM,25565.913,-237.726,16735.670594193412,3,2,3,1,66.66666666666666,100.0
167,FREMONT,4418185.062687916,-7715.446783706016,2539844.0958639733,14281,11039,14281,3,77.29850850780757,100.0
168,FRENCH CAMP,112990.17200000006,-96.26430000000003,60798.155469514684,151,0,151,1,0.0,100.0
169,FRESNO,5952346.555619996,-8505.860178723002,3035057.6150964387,731,77,731,5,10.533515731874145,100.0
170,FRIANT,16263.42,-186.3,8564.24084206962,3,0,3,1,0.0,100.0
171,FULLERTON,2101443.1000000024,0.0,1061435.577579185,180,20,180,1,11.11111111111111,100.0
172,FULTON,5679.283590000001,-82.67481000000001,2988.48903163274,3,0,3,1,0.0,100.0
173,GARBERVILLE,20410.4792,-122.267800178,6670.862372848966,62,0,62,2,0.0,100.0
174,GARDEN VALLEY,185.0,0.0,12.8399316662954,1,0,1,1,0.0,100.0
175,GARDENA,26293.307040000007,-15.118651545999999,84416.56208465838,16,0,16,1,0.0,100.0
176,GEORGETOWN,6140.94708,-28.82142,5053.3805467616485,7,0,7,2,0.0,100.0
177,GEYSERVILLE,93111.71766674999,-645.88934,31897.266299146395,13,0,13,1,0.0,100.0
178,GILROY,2779159.0060000005,-7600.82463,1773220.9287184274,95,23,95,3,24.210526315789473,100.0
179,GLEN ELLEN,58945.289573,-470.0663199999999,28555.85908240264,29,0,29,1,0.0,100.0
180,GOLD RUN,5783.8496,-8.480823834,3897.281934931439,5,5,5,1,100.0,100.0
181,GOLETA,120987.24472000002,-81.15253212200001,272199.78274142934,38,0,38,1,0.0,100.0
182,GONZALES,102710.78,-4.212,15273.977385589042,361,0,361,2,0.0,100.0
183,GRANITE BAY,3220.672,-19.367,5431.173093361839,5,0,5,1,0.0,100.0
184,GRASS VALLEY,749018.3656414999,-2171.4193904000003,514271.88788701023,207,55,207,4,26.570048309178745,100.0
185,GRATON,469.372,-10.9602,1235.1912278955892,12,0,12,1,0.0,100.0
186,GREENBRAE,278.02799999999996,-6.101999999999999,443.37905889412684,5,0,5,1,0.0,100.0
187,GREENFIELD,382413.85657999996,-1301.2181999999998,160964.86265104945,541,2,541,2,0.36968576709796674,100.0
188,GREENWOOD,185.0,0.0,12.8399316662954,1,0,1,1,0.0,100.0
189,GROVER BEACH,178879.28874400002,-1107.853237653,101869.03307019532,126,0,126,2,0.0,100.0
190,GUADALUPE,73000.0195,-52.13927982,29202.689652436016,270,0,270,2,0.0,100.0
191,GUALALA,4622.8,-15.925,3493.1428679067303,1,0,1,1,0.0,100.0
192,GUERNEVILLE,33654.989453999995,-73.02288,16502.99495993957,10,0,10,1,0.0,100.0
193,GUSTINE,149519.2052,-476.90904,88486.65877125267,285,0,285,2,0.0,100.0
194,HACIENDA HEIGHTS,90375.012,-1.62,41692.325536739176,4,0,4,1,0.0,100.0
195,HALF MOON BAY,55886.77600000001,-129.574,16365.991262640922,172,8,172,1,4.651162790697675,100.0
196,HANFORD,219271.72644799994,-759.4080031800003,773667.1890262662,132,0,132,3,0.0,100.0
197,HAWTHORNE,229756.95100800003,-80.767622828,601396.0486444792,18,0,18,1,0.0,100.0
198,HAYWARD,2455869.3804394454,-18886.621614632983,1705053.5442736228,1708,47,1708,3,2.75175644028103,100.0
199,HEALDSBURG,161181.06832,-1277.69053,50813.65597985357,24,0,24,1,0.0,100.0
200,HELM,163389.20400000003,0.0,124410.68653787642,10,0,10,1,0.0,100.0
201,HEMET,108889.10366319999,-105.77481163600002,51126.96948514896,50,0,50,1,0.0,100.0
202,HERCULES,263730.0727019999,-1650.63074,168411.3027894575,61,0,61,1,0.0,100.0
203,HERMOSA BEACH,597166.8693119999,-43.00241997,1079453.0657034116,96,72,96,1,75.0,100.0
204,HESPERIA,35751.162383999996,-79.095492,121764.02947549082,8,0,8,1,0.0,100.0
205,HOLLISTER,1613209.9427699996,-4683.5930800510005,938574.6784480826,2304,73,2304,3,3.1684027777777777,100.0
206,HONEYDEW,3631.455,-66.3255,3295.047976561369,1,1,1,1,100.0,100.0
207,HOOPA,18312.692000000003,-136.229393279,18332.02076841247,16,0,16,1,0.0,100.0
208,HUNTINGTON BEACH,3916699.095808,-235.9224937700002,2451292.03378144,158,0,158,1,0.0,100.0
209,HUNTINGTON PARK,103778.28,2767.68,22567.912828885397,6,0,6,1,0.0,100.0
210,HURON,4217.2,-0.062,2127.6793196056474,5,0,5,1,0.0,100.0
211,HYDESVILLE,14392.5188,-259.2297061,9400.824723801266,2,0,2,2,0.0,100.0
212,INDIAN WELLS,15609.420288,-2.6269512180000003,200337.19080000021,14,0,14,1,0.0,100.0
213,INGLEWOOD,362900.519424,-58.233239668,1711855.3945034842,104,0,104,1,0.0,100.0
214,INVERNESS,7071.75474,-38.55254000000001,4282.8994914635405,10,0,10,2,0.0,100.0
215,IONE,117771.43564,-895.2471500000001,89756.47295071633,19,0,19,1,0.0,100.0
216,IRVINE,1028597.8519999948,0.0,823751.9889018171,454,0,454,2,0.0,100.0
217,IRWINDALE,53081.15904000001,-78.92937561599999,88982.56824904736,10,0,10,1,0.0,100.0
218,ISLETON,346697.392726,-626.95233075,136127.09452717204,105,0,105,2,0.0,100.0
219,JACKSON,243215.506984,-1591.2884703170005,210977.54830453085,49,0,49,2,0.0,100.0
220,JAMESTOWN,8894.70188,-32.070930867,8761.571028208413,10,0,10,1,0.0,100.0
221,JUNE LAKE,9054.200000000003,-36.794,17631.399400972972,12,12,12,1,100.0,100.0
222,KELSEYVILLE,83140.27333000001,-712.811105821,69937.71934102762,24,0,24,1,0.0,100.0
223,KENSINGTON,38654.34036424,-494.9348,29711.904032515464,11,0,11,1,0.0,100.0
224,KENTFIELD,21736.372891999996,9.133959999999945,21581.9574716676,20,0,20,1,0.0,100.0
225,KENWOOD,26717.129589999997,-192.69991,13912.7102335829,16,0,16,1,0.0,100.0
226,KERMAN,91387.226,-438.41970000000003,27449.454097380807,243,0,243,2,0.0,100.0
227,KING CITY,1198210.5942400005,-3188.52106,627910.2342784677,617,52,617,3,8.427876823338735,100.0
228,KINGSBURG,102094.965,-74.34,17583.56895869093,443,0,443,2,0.0,100.0
229,KNEELAND,3905.739,-35.298,3065.479221088,1,0,1,1,0.0,100.0
230,KNIGHTS LANDING,6851.8,-0.128,5260.31515977343,3,0,3,1,0.0,100.0
231,LA GRANGE,740.0,0.0,51.3597266651816,4,0,4,1,0.0,100.0
232,LA HABRA,16414.2,115.2,177343.59783359602,2,0,2,1,0.0,100.0
233,LA PALMA,517539.19187199994,-13.251675323999999,416686.44021408015,14,0,14,1,0.0,100.0
234,LA SELVA BEACH,1227.0330000000001,-3.303,626.7039579857061,2,0,2,1,0.0,100.0
235,LAFAYETTE,58642.55500000006,-322.6909300000004,50398.183341408185,100,2,100,1,2.0,100.0
236,LAGUNITAS,12878.2368,-165.79728,8610.784488281673,9,0,9,1,0.0,100.0
237,LAKE ELSINORE,45011.199744,-39.190785984,258901.8474722905,18,0,18,1,0.0,100.0
238,LAKE SHERWOOD,583.30944,-0.867355776,1297.3278513075,2,0,2,1,0.0,100.0
239,LAKEHEAD,18337.328999999998,-10.989000164,22228.644529648936,3,0,3,1,0.0,100.0
240,LAKEPORT,332640.5221999999,-1010.5094137589997,276142.09419902315,60,5,60,2,8.333333333333332,100.0
241,LAKEWOOD,894854.6929120007,-41.884235141999994,578587.098186294,188,128,188,1,68.08510638297872,100.0
242,LAMONT,195101.87829999998,-1216.1186959200004,81125.132475589,50,0,50,1,0.0,100.0
243,LANCASTER,356412.95999999996,2628.0,119363.46582784803,8,0,8,1,0.0,100.0
244,LARKSPUR,204243.32470400003,-2062.0697094,107519.91701451091,59,0,59,2,0.0,100.0
245,LATHROP,162052.13399999996,-103.53210000000001,83907.66444180504,66,8,66,2,12.121212121212121,100.0
246,LATON,9009.884999999998,-38.853,3099.815518364823,6,6,6,1,100.0,100.0
247,LAWNDALE,76741.826112,-5.734035014,51524.47647338518,12,0,12,2,0.0,100.0
248,LAYTONVILLE,9436.3956,-57.15252077,5198.28486682566,1,0,1,1,0.0,100.0
249,LE GRAND,6734.21,0.0,4348.793788904362,6,0,6,2,0.0,100.0
250,LEMOORE,71359.0,0.0,4635.430723109039,354,0,354,1,0.0,100.0
251,LINCOLN,179791.36622000003,-182.15054,125289.31353416444,612,608,612,1,99.34640522875817,100.0
252,LINDEN,4926.474999999999,-20.935080000000003,5196.594564520541,10,0,10,1,0.0,100.0
253,LINDSAY,25760.713944,-89.35022404000001,516474.4911658871,14,0,14,1,0.0,100.0
254,LITTLEROCK,39186.36,-152.46,20693.90436919218,4,0,4,1,0.0,100.0
255,LIVE OAK,88710.0,0.0,5601.78561144359,424,0,424,1,0.0,100.0
256,LIVERMORE,311823.9396295,-1041.77409577,158903.01058620555,64,1,64,3,1.5625,100.0
257,LIVINGSTON,108230.7,0.0,106110.94304939556,355,95,355,3,26.76056338028169,100.0
258,LOCKEFORD,59742.55404,-27.682740000000006,33293.88181526942,6,0,6,1,0.0,100.0
259,LOLETA,26910.794799999996,-356.6029531899999,19397.09666723176,33,0,33,2,0.0,100.0
260,LOMPOC,53462.990000000005,-363.06,16381.08075116918,78,0,78,2,0.0,100.0
261,LONG BEACH,13606436.013090013,2610.3511160319963,6804435.103762396,2060,1804,2060,2,87.57281553398059,100.0
262,LOOMIS,160948.9534,-966.0416900000001,140994.0351993647,69,22,69,2,31.88405797101449,100.0
263,LOS ALTOS,157297.923,-1101.5910001749999,87197.97713837052,9,4,9,1,44.44444444444444,100.0
264,LOS ALTOS HILLS,31313.8,-98.92000000000003,13211.218649588063,8,8,8,1,100.0,100.0
265,LOS ANGELES,1041964.6882790802,0.0,6997098.2089077355,247,0,539,26,0.0,45.82560296846011
266,LOS BANOS,429352.388708,-914.148450423,310585.40385609935,31,0,31,2,0.0,100.0
267,LOS GATOS,710089.1319999999,-1090.3459999999995,463320.0571484055,1404,20,1404,1,1.4245014245014245,100.0
268,LOS MOLINOS,101356.92,0.0,45003.050413333396,1,0,1,1,0.0,100.0
269,LOS OLIVOS,370.0,0.0,27.864426152818197,2,0,2,1,0.0,100.0
270,LOS OSOS,120177.44189999998,-1098.5551084869996,60800.936502088545,93,0,93,2,0.0,100.0
271,LOST HILLS,42239.3013,-95.665053648,17663.68001376136,6,0,6,1,0.0,100.0
272,LOWER LAKE,44483.09022,-76.07214,31346.017765334575,8,0,8,1,0.0,100.0
273,LUCERNE,49195.549640000005,-413.98267000000004,31335.55205594136,6,0,6,1,0.0,100.0
274,LYNWOOD,233036.41345000008,158.6213966360001,286197.314092687,70,0,70,1,0.0,100.0
275,MADERA,887103.28,-1609.4831215229992,404389.7127855706,591,37,591,3,6.260575296108291,100.0
276,MAGALIA,17489.88,0.0,58160.980994294245,4,0,4,1,0.0,100.0
277,MALIBU,4656.907176,-3.1351673439999996,9477.766202294306,6,0,6,1,0.0,100.0
278,MAMMOTH LAKES,27036.631264000014,-181.99524044800003,217082.25395184004,20,8,20,1,40.0,100.0
279,MANCHESTER,37176.628104,-803.6127,19873.94336018435,2,0,2,1,0.0,100.0
280,MANHATTAN BEACH,280592.57992,-107.973240926,541752.6208572853,40,0,40,1,0.0,100.0
281,MANILA,185.0,0.0,12.8399316662954,1,0,1,1,0.0,100.0
282,MANTECA,796326.5721899975,-1296.4295499999996,595856.1959887138,589,200,589,3,33.95585738539898,100.0
283,MARINA,734968.523,-963.2276919000001,252613.00341248527,919,8,919,2,0.8705114254624592,100.0
284,MARIPOSA,13174.93512,-37.07702784999999,4706.32821633168,5,4,5,1,80.0,100.0
285,MARTELL,65718.9,0.0,43937.84516696246,5,0,5,1,0.0,100.0
286,MARTINEZ,326920.77879999985,-1083.2199113399997,174010.83551738271,2633,10,2633,3,0.379794910748196,100.0
287,MARYSVILLE,258347.66915999996,-515.274288649,145144.10503167004,500,0,500,3,0.0,100.0
288,MC FARLAND,111754.23526000004,-595.6861998099998,46431.09556574388,28,0,28,1,0.0,100.0
289,MCKINLEYVILLE,336419.62706,-1710.9931045459998,288250.6844799771,158,7,158,2,4.430379746835443,100.0
290,MEADOW VISTA,4263.3,-23.935,4073.680758784605,9,0,9,2,0.0,100.0
291,MENDOCINO,44910.187318000004,-634.3955100000002,42612.130821237755,12,0,12,1,0.0,100.0
292,MENDOTA,130766.92000000001,0.0,51180.73243146226,516,514,516,1,99.6124031007752,100.0
293,MENIFEE,4964.470559999999,-4.3225131600000015,28708.36454954611,9,0,9,1,0.0,100.0
294,MENLO PARK,195086.26400000002,-706.0690000000001,94314.98136893526,231,6,231,2,2.5974025974025974,100.0
295,MERCED,1615495.4861199996,-2702.7494172769993,1756936.6326561314,4362,2149,4362,3,49.26639156350298,100.0
296,MIDDLETOWN,75623.11248,-98.88954073000002,92595.6136693636,9,0,9,1,0.0,100.0
297,MILL VALLEY,351116.7571499999,-2175.2325800000003,201556.05299972117,167,0,167,2,0.0,100.0
298,MILLBRAE,8982.12,-11.2896,26742.927123461443,7,0,7,1,0.0,100.0
299,MILPITAS,2343139.4620000003,-6695.181843,1064828.8868078883,83,26,83,2,31.32530120481928,100.0
300,MIRANDA,32788.08,-674.07299524,19305.921591657167,2,0,2,1,0.0,100.0
301,MONTE RIO,5586.88202,-124.95541999999999,3554.5788804410154,8,0,8,1,0.0,100.0
302,MONTEBELLO,107608.64691199998,-160.040154384,670965.456417868,112,32,112,1,28.57142857142857,100.0
303,MONTEREY,977084.7200000002,-2428.1476999999995,550923.0418036445,222,15,222,2,6.756756756756757,100.0
304,MONTEREY PARK,65111.916239999984,-96.818588496,147028.01226045736,14,0,14,1,0.0,100.0
305,MONTROSE,13415.2,0.0,8548.190104671863,6,0,6,1,0.0,100.0
306,MOORPARK,8093.41848,-12.034561392,18000.42393689156,2,0,2,1,0.0,100.0
307,MORAGA,22382.7997683,-289.7629,17839.43470580403,12,0,12,1,0.0,100.0
308,MORENO VALLEY,94955.062464,-63.04465490400001,137117.19693040306,26,0,26,2,0.0,100.0
309,MORGAN HILL,1445791.2876399995,-1764.2363914300001,971916.5407712746,52,11,52,1,21.153846153846153,100.0
310,MORRO BAY,465176.92527859996,-1659.9491870209995,231818.58585454666,530,0,530,2,0.0,100.0
311,MOSS LANDING,201024.49199999997,-249.651,67647.97368792314,8,0,8,2,0.0,100.0
312,MOUNTAIN VIEW,816634.7319999996,-1732.9778699999997,447589.5475524946,474,12,474,2,2.5316455696202533,100.0
313,MURPHYS,1480.0,0.0,2311.2393844479,1,0,1,1,0.0,100.0
314,MURRIETA,483695.5408800002,-105.42129318,888759.4216517487,193,158,193,1,81.86528497409327,100.0
315,MYERS FLAT,10201.9,-71.32100000000003,3684.193298929233,15,0,15,1,0.0,100.0
316,NAPA,1056543.431581,-3334.55658971,579582.7046389463,529,14,529,4,2.6465028355387523,100.0
317,NEVADA CITY,34217.662399999994,-185.72928000000002,38106.14483772545,22,0,22,1,0.0,100.0
318,NEWARK,171093.78327499988,-667.0948500000003,136845.39689892821,210,5,210,1,2.380952380952381,100.0
319,NEWBURY PARK,76223.68131199999,391.35398442999997,214520.0651129387,8,0,8,1,0.0,100.0
320,NEWCASTLE,10047.831,-49.230160056,11806.319865700822,12,6,12,1,50.0,100.0
321,NEWMAN,90273.05,0.0,22324.456080883647,152,0,152,2,0.0,100.0
322,NEWPORT BEACH,2106442.2632319992,-4.242181306,1062984.3210284496,466,456,466,1,97.85407725321889,100.0
323,NEWPORT COAST,426.4,0.0,8644.920759229164,6,2,6,1,33.33333333333333,100.0
324,NICE,171415.32539999997,-1678.04613,130869.35418964889,7,0,7,1,0.0,100.0
325,NIPOMO,126985.92691000001,-521.13995932,53811.22122470147,181,0,181,2,0.0,100.0
326,NORTH FORK,44527.310999999994,-516.113999967,22120.534785344236,7,0,7,1,0.0,100.0
327,NORWALK,180168.46041599993,-22.050198404,253710.57523165533,28,16,28,1,57.14285714285714,100.0
328,NOVATO,580409.6248001993,-4446.170083499998,378136.32294376224,822,7,822,3,0.851581508515815,100.0
329,OAK PARK,2734.263,-4.0657302,6081.2243030039,2,0,2,1,0.0,100.0
330,OAKDALE,171618.9060000011,-797.7112999999999,242304.9963873832,259,229,259,2,88.41698841698842,100.0
331,OAKHURST,297944.88,-1133.0960037190002,115745.98656494598,25,14,25,1,56.00000000000001,100.0
332,OAKLAND,2143324.418331599,-11787.525319970022,1422897.4074471595,1372,29,1372,3,2.1137026239067054,100.0
333,OAKLEY,75274.12800000001,-32.258399999999995,24443.48136112575,24,1,24,1,4.166666666666666,100.0
334,OCCIDENTAL,40319.78047,-562.0955332999998,15807.493279014083,5,0,5,1,0.0,100.0
335,OCEANO,119861.46984599999,-1037.624959579,43327.98666301115,228,0,228,2,0.0,100.0
336,OJAI,4520.64816,-6.722007263999999,10054.290847633123,4,0,4,1,0.0,100.0
337,OLIVEHURST,143918.059,-265.9833,55128.4628558843,396,0,396,2,0.0,100.0
338,ORANGE,1848771.5400000007,-28.608172692,1051242.0327076577,660,598,660,1,90.6060606060606,100.0
339,ORANGE COVE,81400.53169999999,-4.8158110910000005,17670.797324121257,282,0,282,2,0.0,100.0
340,ORANGEVALE,2035.0,0.0,141.2392483292494,11,0,11,1,0.0,100.0
341,ORCUTT,37479.49135999999,-173.90567999999996,12340.81072496378,32,0,32,2,0.0,100.0
342,ORICK,15342.4656,-97.52309382,12688.24332882043,4,0,4,1,0.0,100.0
343,ORINDA,81063.05800000002,-443.8593599999999,44397.59025175038,60,39,60,1,65.0,100.0
344,ORLAND,116257.37256000002,-17.2809,51290.59580894845,7,0,7,2,0.0,100.0
345,ORLEANS,1526.247,-5.975099802000001,988.033590816736,1,0,1,1,0.0,100.0
346,OROVILLE,189231.03200000207,-442.9115300000001,270148.8946083998,378,27,378,4,7.142857142857142,100.0
347,OXNARD,157836.27417599998,-105.85915630200005,762765.7414078291,32,0,32,1,0.0,100.0
348,PACHECO,49161.732240000005,-139.90896999999998,26635.786310860207,21,0,21,1,0.0,100.0
349,PACIFIC GROVE,385017.36048000003,-3034.8031399999995,226263.20701722565,76,18,76,2,23.684210526315788,100.0
350,PACIFICA,578484.0514400001,-5144.62415,248663.88421733177,51,6,51,2,11.76470588235294,100.0
351,PAICINES,9383.427000000001,-49.86,5802.60956969216,3,0,3,1,0.0,100.0
352,PALERMO,9961.9,-3.371,10351.023847156484,7,0,7,1,0.0,100.0
353,PALO CEDRO,45701.575,-308.5310000000001,50940.91918042496,18,0,18,1,0.0,100.0
354,PALOS VERDES ESTATES,51890.49648,-14.305029983999999,82468.01489244377,6,0,6,2,0.0,100.0
355,PARADISE,59555.72100000001,-272.56799981,62029.46290826358,108,8,108,2,7.4074074074074066,100.0
356,PARLIER,325112.112,-1357.2269989939998,117220.1226612609,401,0,401,2,0.0,100.0
357,PASO ROBLES,2113505.7154007503,-6094.042969858,938141.0339430091,2395,15,2395,3,0.6263048016701461,100.0
358,PEARBLOSSOM,53250.48,0.0,24590.6989860214,2,0,2,1,0.0,100.0
359,PENN VALLEY,65478.680100000005,-188.865229603,56873.97793785455,38,5,38,3,13.157894736842104,100.0
360,PENNGROVE,21653.057759999996,-172.27299,10786.199085773571,5,0,5,1,0.0,100.0
361,PENRYN,3975.295,-24.071,4720.944976296658,6,0,6,1,0.0,100.0
362,PETALUMA,2819703.822671001,-7340.990309010002,1241754.2672097806,3998,3,3998,4,0.0750375187593797,100.0
363,PETROLIA,4555.868399999999,-47.49120021,4326.554921116152,4,0,4,1,0.0,100.0
364,PHILLIPSVILLE,3275.7999999999997,-22.889,2894.0446109499558,6,0,6,1,0.0,100.0
365,PHILO,0.0,0.0,1378.17998777122,1,0,1,1,0.0,100.0
366,PINE GROVE,32489.106758000005,-233.11262,29449.301651174377,9,0,9,1,0.0,100.0
367,PINEDALE,46896.21000000001,0.0,15751.81762728041,5,0,5,1,0.0,100.0
368,PINOLE,223090.112472,-1126.4555100000002,119799.21032652032,536,0,536,3,0.0,100.0
369,PIONEER,23859.192868,-260.26095,22413.8678229316,9,0,9,1,0.0,100.0
370,PISMO BEACH,362797.047912,-1754.3374299999998,169250.79110407495,656,0,656,2,0.0,100.0
371,PITTSBURG,1530058.7559200008,-858.6924984100003,773607.2528302313,174,34,174,1,19.54022988505747,100.0
372,PLACENTIA,24700.434495999998,-19.335367835999996,14162.749889401868,26,0,26,1,0.0,100.0
373,PLACERVILLE,243098.75052,-1041.3577163600003,181428.23714054472,35,5,35,1,14.285714285714285,100.0
374,PLANADA,30163.306999999997,-205.6496,50732.19960788862,55,46,55,2,83.63636363636363,100.0
375,PLEASANT GROVE,1480.0,0.0,104.90401615059059,8,0,8,1,0.0,100.0
376,PLEASANT HILL,311676.2685030002,-1335.8498599999996,197520.0287319601,400,5,400,1,1.25,100.0
377,PLEASANTON,160399.7801800001,-347.4184728099999,195645.99691361628,349,161,349,4,46.13180515759313,100.0
378,PLYMOUTH,67219.74896000001,-649.114239914,60011.400581385526,8,0,8,1,0.0,100.0
379,POINT ARENA,34590.424462,-213.85213,18564.468660305945,15,0,15,1,0.0,100.0
380,POINT REYES STATION,69662.47732,-474.77482999999995,30087.858559233053,8,0,8,2,0.0,100.0
381,POLLOCK PINES,5520.683520000001,-32.49909,4130.833048127221,1,0,1,1,0.0,100.0
382,POMONA,1285858.4000000006,0.0,874656.5869408881,32,32,32,1,100.0,100.0
383,PORT HUENEME,16290.818208000002,-10.926083245999997,35973.59469901599,8,0,8,1,0.0,100.0
384,POTTER VALLEY,1564.92,-8.4456,986.9941371379961,1,0,1,1,0.0,100.0
385,QUAIL VALLEY,661.929408,-0.5763350880000002,3827.7819399394793,3,0,3,1,0.0,100.0
386,QUINCY,40911.14603,-405.33876983,32652.81939015531,5,0,5,1,0.0,100.0
387,RANCHO MIRAGE,1044326.065752,-14.398165941999997,324985.4820260261,34,4,34,1,11.76470588235294,100.0
388,RANCHO PALOS VERDES,80147.04740799998,-82.64649844600001,206460.65836935875,16,0,16,1,0.0,100.0
389,RED BLUFF,1276467.3112400004,-2243.2112656019995,613876.9456037924,514,19,514,3,3.6964980544747084,100.0
390,REDCREST,1465.0,0.0,72.4891886006638,5,0,5,1,0.0,100.0
391,REDDING,15178.785,-62.376760000000004,15690.88624621123,4,0,4,1,0.0,100.0
392,REDONDO BEACH,256707.75542399997,-0.09865538,164350.58569179534,20,0,20,1,0.0,100.0
393,REDWAY,33253.0771,-233.24840044999996,29057.535009716274,16,0,16,1,0.0,100.0
394,REDWOOD CITY,640013.0733999999,-1542.5804100000005,369249.325508416,650,7,650,3,1.0769230769230769,100.0
395,REDWOOD VALLEY,35722.380959999995,-334.60155273,41437.17454598619,9,3,9,1,33.33333333333333,100.0
396,REEDLEY,329183.11778000003,-1028.834702243,118241.3560771783,878,6,878,2,0.683371298405467,100.0
397,RICHMOND,2209895.3809589227,-11937.346693066022,1633585.589087501,2612,19,2612,2,0.7274119448698315,100.0
398,RIO DELL,80413.98,-763.357,88266.86540708998,156,0,156,2,0.0,100.0
399,RIO OSO,13562.835,-77.28659999999999,12948.368073095658,2,0,2,1,0.0,100.0
400,RIO VISTA,1112211.8804399997,-4065.706457669999,555614.139332858,401,6,401,3,1.4962593516209477,100.0
401,RIPON,86051.1,-263.8497,76590.1108950433,4,0,4,1,0.0,100.0
402,RIVERBANK,193445.03700000004,-476.5489999999999,79430.71915239438,348,0,348,2,0.0,100.0
403,RIVERDALE,13549.68,0.0,7512.07846763229,1,0,1,1,0.0,100.0
404,ROCKLIN,674270.4624600001,-480.15615250100007,296237.19086950715,1024,2,1024,4,0.1953125,100.0
405,RODEO,27923.977926000003,-243.53552000000005,19344.770048077302,253,0,253,1,0.0,100.0
406,ROHNERT PARK,796559.6046479904,-3060.1282856199987,421318.11823910393,1889,1617,1889,1,85.60084700899947,100.0
407,ROLLING HILLS,3898.028736,-2.614367548,12501.08758749118,2,0,2,1,0.0,100.0
408,ROLLING HILLS ESTATES,18755.864352,-10.901419401999998,83565.71142622584,20,0,20,2,0.0,100.0
409,ROSEMEAD,64904.48975200001,-156.17163573599998,7931750.1158226,104,0,116,25,0.0,89.65517241379311
410,ROSEVILLE,2610.0,0.0,130.06606296773552,9,0,9,1,0.0,100.0
411,RUTHERFORD,99945.52284300001,-560.9875299999999,41871.404995742094,12,0,12,1,0.0,100.0
412,SACRAMENTO,29903.0,0.0,16421.66872826938,162,1,162,2,0.6172839506172839,100.0
413,SAINT HELENA,107566.490166,-536.010399828,51293.40311058235,36,0,36,1,0.0,100.0
414,SALINAS,5466769.433152999,-30800.980081100985,3053607.51532291,726,76,726,3,10.46831955922865,100.0
415,SAMOA,46813.5023,-580.00140324,30994.776273385818,4,1,4,2,25.0,100.0
416,SAN ANSELMO,263893.88115,-861.9945089000003,229761.95310605643,140,0,140,1,0.0,100.0
417,SAN ARDO,320.0,0.0,14.9123142335921,1,0,1,1,0.0,100.0
418,SAN BERNARDINO,481293.72000000003,0.0,174230.9110292381,5,0,5,2,0.0,100.0
419,SAN BRUNO,132328.86812,-79.70582000000002,119661.54054166627,232,0,232,1,0.0,100.0
420,SAN CARLOS,863095.4913999998,-1899.4545000000003,402278.19411848247,43,9,43,2,20.930232558139537,100.0
421,SAN DIEGO,0.0,0.0,20892804.109584592,0,0,104,8,0.0,0.0
422,SAN FRANCISCO,14221112.936450606,-51969.62155826199,33685439.53483454,2971,557,2974,10,18.728984532616007,99.89912575655683
423,SAN GABRIEL,38008.8,0.0,9505.7935970838,2,0,2,1,0.0,100.0
424,SAN GERONIMO,7242.578,-39.1026,3574.0553532295135,7,0,7,1,0.0,100.0
425,SAN JACINTO,19383.311888000004,-16.921208768,242198.71808736626,16,0,16,1,0.0,100.0
426,SAN JOAQUIN,48075.04,0.0,7945.808504222377,202,0,202,2,0.0,100.0
427,SAN JOSE,9100077.245088149,-30011.753694132003,5089768.9796047015,4877,1248,4877,4,25.58950174287472,100.0
428,SAN JUAN BAUTISTA,148144.247,-771.2099999999999,83644.50286185447,91,0,91,3,0.0,100.0
429,SAN LEANDRO,1502752.2105180009,-5018.64903931101,1010371.1276458561,3772,5,3772,3,0.1325556733828208,100.0
430,SAN LORENZO,59093.48569900001,-344.34625059999996,38864.77771334931,39,0,39,1,0.0,100.0
431,SAN LUIS OBISPO,622925.4062000001,-2636.9394086789994,277676.4409353425,626,6,626,3,0.9584664536741214,100.0
432,SAN MARINO,65558.99999999999,0.0,42421.9339406183,36,0,36,1,0.0,100.0
433,SAN MARTIN,739596.5,-369.84919999999994,554931.4617943366,13,0,13,1,0.0,100.0
434,SAN MATEO,1578122.9502499998,-1849.1347536600006,739052.3031228535,3753,21,3753,3,0.5595523581135092,100.0
435,SAN MIGUEL,33526.18364,-69.34697874,8273.530273407305,106,0,106,2,0.0,100.0
436,SAN PABLO,321859.3152860002,-2599.3515899999984,200864.18945371514,335,0,335,2,0.0,100.0
437,SAN RAFAEL,1123088.435705097,-5358.655852196988,877904.4362797411,3602,3,3602,2,0.0832870627429206,100.0
438,SAN RAMON,543835.7899999995,-749.3633049999999,163210.49636336707,2146,44,2146,2,2.050326188257223,100.0
439,SAN SIMEON,98975.51735,-649.3605899999999,50719.77561306434,47,0,47,2,0.0,100.0
440,SAND CITY,158906.548,-428.7434,103964.80781237638,14,9,14,1,64.28571428571429,100.0
441,SANGER,337088.14699999994,-506.6696,100033.94019508037,785,0,785,2,0.0,100.0
442,SANTA ANA,2550324.3270442006,-2819.448,1415528.9671165182,76,68,76,1,89.47368421052632,100.0
443,SANTA BARBARA,811043.904672,-365.237043918,1483900.159486535,263,118,263,3,44.866920152091254,100.0
444,SANTA CLARITA,22451.6,0.0,13087.875029384788,10,0,10,1,0.0,100.0
445,SANTA CRUZ,2690789.3934099996,8462.054365927002,1493410.9476768682,271,117,271,4,43.17343173431734,100.0
446,SANTA MARGARITA,4618.12752,-18.558090018,3114.482086142869,2,0,2,1,0.0,100.0
447,SANTA MARIA,4525220.2522000205,-12843.122619602002,1753702.3599480505,2687,15,2687,3,0.5582433941198363,100.0
448,SANTA MONICA,2096627.9245539992,-156.76302995400002,2034499.7383645093,424,322,424,2,75.94339622641509,100.0
449,SANTA NELLA,185.0,0.0,117.287420280135,1,0,1,1,0.0,100.0
450,SANTA PAULA,69255.84524000001,-55.28104309599999,109772.08857102747,37,22,37,1,59.45945945945946,100.0
451,SANTA ROSA,7989349.137323591,-23561.29440691599,3444090.7995450175,11658,32,11658,5,0.27448962086121115,100.0
452,SANTA YNEZ,1850.0,0.0,128.399316662954,10,0,10,1,0.0,100.0
453,SARATOGA,242567.56257999997,-512.224,107742.09203662042,216,10,216,2,4.62962962962963,100.0
454,SAUSALITO,101756.122684,-649.9714700000002,92215.04445757381,75,0,75,1,0.0,100.0
455,SCOTIA,40224.4329,-656.1536999499999,28432.24261353651,8,0,8,1,0.0,100.0
456,SCOTTS VALLEY,495467.2499999999,-2090.9721954999995,233203.6095288899,56,41,56,1,73.21428571428571,100.0
457,SEASIDE,1117590.3995800007,-3232.71804,542886.48705851,1254,52,1254,2,4.146730462519936,100.0
458,SEBASTOPOL,371833.3059380001,-2055.4706600000004,196713.5864947754,177,0,177,1,0.0,100.0
459,SELMA,180001.96200000003,-39.26700000000001,100866.21721045785,1036,0,1036,1,0.0,100.0
460,SHAFTER,1160421.4314099995,-5616.871130694,465304.15819859836,110,5,110,1,4.545454545454546,100.0
461,SHINGLE SPRINGS,158718.38035999998,-474.5546100000001,113514.30186987034,19,0,19,1,0.0,100.0
462,SIMI VALLEY,4619.107296,-6.869455199999999,10238.297861003019,6,0,6,1,0.0,100.0
463,SODA SPRINGS,320.0,0.0,14.9123142335921,1,0,1,1,0.0,100.0
464,SOLEDAD,997892.5187299999,-5371.96743008,444892.4499790295,637,17,637,2,2.6687598116169546,100.0
465,SOLVANG,28023.0,0.0,1920.1805680248372,149,0,149,1,0.0,100.0
466,SOMES BAR,1880.0811,-31.1382,1493.1929866811,1,0,1,1,0.0,100.0
467,SOMIS,164255.99364,-1.138404456,112929.9999330725,4,0,4,1,0.0,100.0
468,SONOMA,526835.0317979999,-2733.5204399999993,254892.35029152088,345,253,345,2,73.33333333333333,100.0
469,SONORA,217479.329636,-369.86286089999993,158242.83703767625,18,7,18,1,38.88888888888889,100.0
470,SOQUEL,246206.24399999995,-716.965,148153.77271486435,26,0,26,1,0.0,100.0
471,SOUTH EL MONTE,76638.374808,-114.00291999199999,153599.01529277212,46,0,46,1,0.0,100.0
472,SOUTH PASADENA,57091.41144000001,-84.89244657600001,95705.15238874192,12,0,12,1,0.0,100.0
473,SOUTH SAN FRANCISCO,634714.460138,-2904.9419119000004,265264.75683459826,59,3,59,1,5.084745762711865,100.0
474,SPRECKELS,3835.0,0.0,258.8710158932047,20,0,20,1,0.0,100.0
475,SQUAW VALLEY,31045.977,-397.584,15655.010527592505,5,0,5,1,0.0,100.0
476,STANFORD,10360.0,0.0,7983.035466980047,56,0,56,1,0.0,100.0
477,STEVENSON RANCH,40147.2,0.0,18330.0095193018,2,0,2,1,0.0,100.0
478,STOCKTON,5945516.667430084,-16633.76690586698,4039442.837408566,8362,76,8362,5,0.9088734752451567,100.0
479,SUISUN CITY,912854.9160839999,-1936.2321393600002,439437.00670513354,566,1,566,2,0.17667844522968199,100.0
480,SUN CITY,63115.125952,-54.97200587199999,330328.7890320093,13,0,13,1,0.0,100.0
481,SUNNYVALE,2623640.1217000005,-2872.27070273,1046347.6832115497,6817,30,6817,4,0.440076279888514,100.0
482,SUTTER,185.0,0.0,12.8399316662954,1,0,1,1,0.0,100.0
483,SUTTER CREEK,145804.84168200003,-816.02113064,135809.83838382317,35,0,35,1,0.0,100.0
484,TAFT,396875.1472077002,-1794.4958406359997,276790.1178080203,484,5,484,2,1.0330578512396695,100.0
485,TECOPA,0.0,0.0,81812.8798,2,0,2,1,0.0,100.0
486,TEMECULA,74.4,-0.0678,191.34985833311939,2,0,2,1,0.0,100.0
487,TEMPLETON,267609.5149515,-1198.5092200000004,148648.72382093835,164,7,164,3,4.2682926829268295,100.0
488,THOUSAND OAKS,95400.16360000001,-141.85589544,580840.9943157077,12,0,12,1,0.0,100.0
489,TIBURON,88108.38999999966,-335.6328,42936.96152481525,186,0,186,1,0.0,100.0
490,TOMALES,130320.26211000001,-1303.67193,77193.2471487415,16,0,16,2,0.0,100.0
491,TORRANCE,378478.11872000026,-236.46742223800004,828238.0991615822,78,0,78,2,0.0,100.0
492,TRACY,2019448.7340700014,-3243.181101878996,1202502.9083980836,1778,7,1778,4,0.39370078740157477,100.0
493,TRINIDAD,26761.858999999997,-451.06814029999987,24406.3522802463,28,0,28,2,0.0,100.0
494,TRUCKEE,1478.52,-8.5988,1633.5295791745934,3,0,3,1,0.0,100.0
495,TULARE,143301.24,0.0,35855.004033988596,2,0,2,1,0.0,100.0
496,TUOLUMNE,13080.14168,-161.45472999999998,13533.584917287875,3,0,3,1,0.0,100.0
497,TUSTIN,11654.188,0.0,4706.285842750996,8,0,8,2,0.0,100.0
498,TWAIN HARTE,54775.906839999996,-591.1639200000001,57310.94810498435,13,0,13,1,0.0,100.0
499,UKIAH,231261.23709,-972.2012783729999,170084.46518007756,28,0,28,2,0.0,100.0
500,UNION CITY,395722.9805600006,-1501.663979999998,275773.0311026062,1022,232,1022,2,22.700587084148726,100.0
501,UPPER LAKE,43171.265980000004,-190.42339045199998,25062.183740034397,8,0,8,1,0.0,100.0
502,VACAVILLE,4890490.971648017,-11130.633670222,2205916.848170942,3056,32,3056,4,1.0471204188481675,100.0
503,VALENCIA,33456.0,0.0,19459.44793276348,8,0,8,1,0.0,100.0
504,VALLEJO,1744821.4028331228,-9336.635522130055,960305.8775554473,1363,11,1363,3,0.8070432868672046,100.0
505,VALLEY ACRES,134882.92,-673.896,52416.683173103615,2,0,2,1,0.0,100.0
506,VALLEY FORD,10135.18057,-147.4812895,5333.82954968792,2,0,2,2,0.0,100.0
507,VALLEY SPRINGS,18282.88626,-103.95414,19284.465292106437,4,1,4,1,25.0,100.0
508,VENTURA,1813198.7223360003,73507.97242256801,1646713.5376950572,18,0,18,1,0.0,100.0
509,VERNALIS,20922.3,0.0,16541.046923938,1,0,1,1,0.0,100.0
510,VICTORVILLE,188134.410424,-279.8684865320001,603525.3485106321,72,0,72,2,0.0,100.0
511,VISALIA,12847585.707072008,-369.08548991999976,1963479.9009637597,46,0,46,1,0.0,100.0
512,WALNUT CREEK,205361.67601999996,-679.4221950000003,149964.93813017895,566,26,566,1,4.593639575971731,100.0
513,WASCO,220766.30008,-1312.78346478,89943.98630122775,50,0,50,1,0.0,100.0
514,WATSONVILLE,2892105.9618400014,-13809.312024260002,1568326.4548857666,291,140,291,2,48.10996563573883,100.0
515,WEITCHPEC,15176.474100000001,-84.7062036,9106.357239055002,5,0,5,1,0.0,100.0
516,WEOTT,7155.2384999999995,-107.05680000000001,7059.0321360282305,2,0,2,1,0.0,100.0
517,WEST COVINA,0.0,0.0,269633.991752938,2,0,2,1,0.0,100.0
518,WEST HOLLYWOOD,39191.102999999996,-58.2754662,97214.99044947873,16,0,16,1,0.0,100.0
519,WEST SACRAMENTO,423474.92819999997,-1424.5980799999998,263524.89156791713,66,26,66,2,39.39393939393939,100.0
520,WESTLAKE VILLAGE,2551.9788,-3.79468152,5675.809349470302,2,0,2,1,0.0,100.0
521,WESTLEY,50884.020000000004,-139.68,33596.997500871104,3,0,3,1,0.0,100.0
522,WHEATLAND,39460.0,0.0,2665.7497489298103,206,0,206,1,0.0,100.0
523,WHITTIER,93009.24,-17.820000000000004,55561.099158543686,8,0,8,1,0.0,100.0
524,WILDOMAR,10039.262688,-8.741082167999998,24767.688532324577,22,0,22,1,0.0,100.0
525,WILLIAMS,146558.79486,-457.49780703,68066.72809850724,7,3,7,1,42.857142857142854,100.0
526,WILLITS,188872.042003,-1473.3999065899998,148690.59382727928,20,0,20,1,0.0,100.0
527,WILLOW CREEK,15709.891800000001,-133.4654982,20594.447160213338,7,0,7,1,0.0,100.0
528,WILLOWS,21903.578999999994,-109.889999982,24265.410870494234,7,5,7,1,71.42857142857143,100.0
529,WINDSOR,436177.6797560004,-893.1963382500002,112789.16863639407,1386,0,1386,2,0.0,100.0
530,WINTON,2775.0,0.0,9236.816893850879,29,28,29,2,96.55172413793103,100.0
531,WOODACRE,4116.907125,-66.04919,3656.9679313188253,8,0,8,1,0.0,100.0
532,WOODLAND,526910.0579199999,-288.68218862000003,278715.82626769267,358,15,358,2,4.189944134078212,100.0
533,YORBA LINDA,201178.05599999998,-46.435356,461189.26701000653,24,24,24,1,100.0,100.0
534,YOSEMITE NATIONAL PARK,8894.0,-51.06,18234.382541165127,4,0,4,1,0.0,100.0
535,YOUNTVILLE,16598.67248,-37.547000000000004,4901.835174227876,57,0,57,2,0.0,100.0
536,YUBA CITY,911589.7627600001,-1710.8811810129998,648387.8444831539,455,32,455,3,7.032967032967033,100.0
