city,dac_proportion,ces_score_median,ces_percentile_median,Total Tax Revenue,Average Tax Revenue,median_household_income_usd,total_population
ACAMPO,0.0,21.531463100503803,40.2825072518603,,,83913.0,9814
ACTON,0.0,14.5132218907107,24.063564131668603,,,105263.0,7865
ADELANTO,0.5,35.9087986728929,68.4512548871233,23628867.0,7876289.0,45695.5,35179
AGOURA HILLS,0.0,8.96739616523767,10.8273426661622,58614832.0,19538277.33333333,128054.5,40671
ALAMEDA,0.0,20.5969282920388,39.7969479127255,282357554.0,94119184.66666669,101246.5,78522
ALAMO,0.0,2.17508791607944,0.41619371925841897,,,219750.0,9373
ALBANY,0.0,8.12860585201837,8.74006810442679,57342690.0,19114230.0,102361.0,16742
ALHAMBRA,0.15,33.7021514496415,66.143271534872,154981924.0,51660641.33333334,59206.0,84647
ALISO VIEJO,0.0,8.23165766323697,9.093202169252109,54563796.0,18187932.0,108687.0,48782
ALPINE,0.0,11.327196983094499,15.8973388825829,,,100290.0,19359
ALTA,0.0,11.7696208617841,16.937823180729,,,75563.0,2932
ALTADENA,0.0,17.0076498779497,30.3695295749779,,,101875.0,37326
ALTURAS,0.0,22.217337601565898,43.4481019044016,4416872.0,1472290.666666667,34423.0,3509
ALVISO,1.0,44.5241671921009,82.2802371043007,,,95500.0,2355
AMERICAN CANYON,0.0,14.5839985533791,24.0131164081221,68336979.0,22778993.0,104042.0,13352
ANAHEIM,0.3666666666666671,34.963111826092,68.3566654054736,1004225482.0,334741827.3333333,66446.0,347532
ANDERSON,0.0,19.653112693506998,37.425904906041104,22567917.0,7522639.0,47839.0,23258
ANGELS CAMP,0.0,16.31131716697,28.5660234581914,,,54840.0,4483
ANGELUS OAKS,0.0,23.9337691382687,47.4839197881196,,,67708.0,2125
ANGWIN,0.0,11.2127246079821,15.525286921427698,,,96705.0,5288
ANTELOPE,0.0,16.760247961956402,29.8082986505234,,,77566.0,47668
ANTIOCH,0.0555555555555556,27.3541733760503,54.3574221213268,156004836.0,52001612.0,76397.0,112354
ANZA,0.0,16.2523706339659,28.427292218438602,,,50674.0,5266
APPLE VALLEY,0.0,19.9265316182275,38.1132551393618,81839215.0,27279738.33333333,52921.0,80949
APPLEGATE,0.0,6.5857775633830595,5.81410013873124,,,72542.0,3350
APTOS,0.0,5.82002171629617,4.30066843233699,,,102500.0,31518
ARBUCKLE,0.0,27.4689006062817,54.748391978811995,,,65238.0,5647
ARCADIA,0.0,17.1042038452571,30.6911338125868,152549526.0,50849842.0,92807.0,69373
ARCATA,0.0,24.236442091366,48.2280237104301,34193557.0,11397852.333333336,39178.0,14499
ARNOLD,0.0,10.5176587939106,14.3839071761887,,,64291.0,4664
ARROYO GRANDE,0.0,6.81427145097733,6.17984613444319,43882463.0,14627487.666666664,89204.5,25014
ARTESIA,0.33333333333333304,35.6076651535796,69.4917391852693,24174121.0,8058040.333333332,68079.0,16758
ARVIN,0.5,40.31055290513329,76.3778534493631,15759971.0,5253323.666666667,37428.0,22818
ATASCADERO,0.0,8.137025663102419,9.25085130533483,60949355.0,20316451.666666668,73061.0,25335
ATHERTON,0.0,5.577918300126849,5.22133938706016,46121910.0,15373970.0,,7168
ATWATER,0.5,40.48984172452629,76.5733383781057,35304215.0,11768071.666666664,55891.0,40011
AUBURN,0.0,13.2841830733288,20.828603859250897,34441547.0,11480515.666666664,76104.5,44187
AVALON,0.0,17.048965503077,30.5082608147307,32065934.0,10688644.666666666,74028.0,4167
AVENAL,0.5,39.6326508283584,75.45718249463991,10265465.0,3421821.666666666,40523.0,12987
AZUSA,0.307692307692308,34.5535797850558,67.54950182873,95960485.0,31986828.33333333,68537.0,53463
BAKER,1.0,40.7848670727529,77.2228528187666,,,52975.0,3547
BAKERSFIELD,0.49450549450549497,38.599740277968294,73.91852692647241,547373792.0,182457930.66666663,53187.0,557492
BALDWIN PARK,0.941176470588235,53.1490538252542,91.66351368394501,87887248.0,29295749.33333333,66316.0,75905
BALLICO,1.0,55.1368083122297,93.3787362845252,,,61379.0,3918
BANNING,0.0,27.921377456568198,55.782570311514704,33182392.0,11060797.333333334,40254.0,31334
BARSTOW,0.666666666666667,46.052961769380296,84.1278849791903,67996702.0,22665567.33333333,41909.5,31403
BAYSIDE,0.0,12.0138150115219,17.593643586833103,,,61554.0,5229
BEAUMONT,0.111111111111111,26.883818030975398,53.6385420607895,52158895.0,17386298.333333332,65565.0,45822
BELL,1.0,57.7873084604887,95.18854836675501,51767741.0,17255913.666666668,44196.5,101415
BELLFLOWER,0.7777777777777779,43.7010551879948,81.1577752553916,87959724.0,29319908.0,56488.0,77195
BELMONT,0.0,8.60471433916458,10.0012611930887,83965540.0,27988513.33333333,143295.0,27359
BELVEDERE TIBURON,0.0,4.9491834328571,3.08992306722159,,,159963.0,13729
BEN LOMOND,0.0,7.476653321475821,7.71219573716737,,,93123.0,8366
BENICIA,0.0,14.4078617151123,23.5086391726573,116821349.0,38940449.66666666,104875.0,28681
BERKELEY,0.027027027027027,13.755099758122098,21.837558330180396,579751618.0,193250539.3333333,93105.0,132996
BERRY CREEK,0.0,21.2292654504762,41.480640686089004,,,40071.0,4660
BEVERLY HILLS,0.0,15.7137565328316,27.0525917517972,624117511.0,208039170.3333333,129977.0,40656
BIG BAR,0.0,8.09155514927329,8.57611300290074,,,45109.0,2011
BIG BEAR CITY,0.0,14.6202158629484,24.145541682431602,,,59792.0,17386
BIG BEAR LAKE,0.0,30.3159740909936,60.070626812965095,52898536.0,17632845.333333332,35556.0,3518
BIGGS,0.0,27.2550782419762,54.3321982595535,1489051.0,496350.33333333326,65625.0,4202
BISHOP,0.0,11.680303891974,16.67297263211,19159702.0,6386567.333333332,66582.0,16336
BLAIRSDEN-GRAEAGLE,0.0,9.267618091789991,11.413797452389998,,,67121.0,1359
BLOCKSBURG,0.0,15.388345521797199,26.056249211754302,,,35163.0,3465
BLOOMINGTON,0.7142857142857142,46.88939090724,85.33232437886241,,,56417.0,34906
BLUE LAKE,0.0,13.785485884885,21.9069239500568,1492422.0,497474.0,55000.0,3346
BLYTHE,0.166666666666667,32.6340786777761,64.226258040106,18987392.0,6329130.666666668,45481.5,14924
BONITA,0.0,15.441074101665,26.2580401059402,,,99974.0,27241
BONSALL,0.0,15.046401290697698,25.2112498423509,,,82250.0,4841
BORON,0.0,25.7626319440662,51.2801109849918,,,51181.0,2221
BORREGO SPRINGS,0.0,23.8727648543996,47.3325766174801,,,45952.0,2706
BOULDER CREEK,0.0,8.4018745080666,9.46525413040736,,,114562.0,10622
BRADLEY,0.0,22.002929316529396,42.9814604615967,,,55764.0,4462
BRAWLEY,0.8,40.807800678283,77.2354647496532,32386375.0,10795458.333333334,47188.0,27089
BREA,0.0,23.8095858896062,47.130785723294295,138957376.0,46319125.33333334,92739.0,46522
BRENTWOOD,0.0,23.644392841458696,46.6956741077059,130696354.0,43565451.333333336,122573.5,78554
BRIDGEPORT,0.0,13.7990245749186,21.957371673603202,,,61827.0,2444
BRIDGEVILLE,0.0,12.522487628619098,19.0314037079077,,,54286.0,4179
BRISBANE,0.0,36.7666527696717,71.38352881826209,48761941.0,16253980.333333336,113484.0,5051
BUENA PARK,0.307692307692308,26.667915347709698,53.3106318577374,168369439.0,56123146.33333334,89351.0,80669
BURBANK,0.32,30.600463594068998,60.638163702863,392474806.0,130824935.33333331,76235.5,105608
BURLINGAME,0.0,8.76631742804852,10.3670071888006,204650697.0,68216899.0,129585.0,42760
BURNEY,0.0,25.722482910550898,51.1792155378988,,,47408.0,4881
BUTTONWILLOW,1.0,45.852311580753096,84.0963551519738,,,45781.0,3415
CALABASAS,0.0,11.009133440971802,15.430697439778,75285295.0,25095098.33333333,144351.0,21831
CALEXICO,0.8,47.950086139874,86.6565771219574,44892409.0,14964136.333333336,41336.0,40121
CALIENTE,0.0,28.9865842832624,57.78786732248711,,,45096.0,1225
CALIFORNIA CITY,0.33333333333333304,22.2267951334265,43.51116155883471,30466382.0,10155460.666666666,42798.0,15982
CALIFORNIA HOT SPRINGS,1.0,43.6636636630582,81.0947156009585,,,33164.0,6161
CALIMESA,0.0,16.394662701404,28.7678143523773,13842628.0,4614209.333333333,64086.5,21063
CALIPATRIA,0.5,44.3510352216366,82.07844621011479,2848923.0,949641.0,35380.0,8245
CALISTOGA,0.0,10.9897781729756,15.3865556816749,36440152.0,12146717.333333336,85226.0,6684
CALPINE,0.0,19.9654826601361,38.20153865556821,,,52148.0,3040
CAMARILLO,0.0,14.929971655055098,24.9463992937319,118667215.0,39555738.333333336,105452.0,79627
CAMBRIA,0.0,3.42598351416407,1.32425274309497,,,74036.0,8388
CAMINO,0.0,10.9108246712798,14.982973893303098,,,90795.0,3495
CAMP PENDLETON,0.0,26.036660080790895,51.935931391096,,,49578.0,38754
CAMPBELL,0.0,13.654276887697,21.635767435994502,120771924.0,40257308.0,130811.5,44176
CAMPO,0.0,27.747527888218002,55.40421238491611,,,45288.0,7998
CANOGA PARK,0.25,32.6823961106571,64.308235590869,,,73319.5,86509
CANTUA CREEK,1.0,48.1788985782029,86.9214276705764,,,36968.0,6768
CANYON COUNTRY,0.0,23.849400713850898,47.28212889393371,,,85637.0,73789
CAPISTRANO BEACH,0.0,29.6253834202532,58.6328666918905,,,86960.0,5207
CAPITOLA,0.0,11.7538378250281,16.937823180729,41633696.0,13877898.666666664,76519.0,11739
CARDIFF BY THE SEA,0.0,8.58184024960449,9.90036574599571,,,119855.0,5686
CARLSBAD,0.0,8.936908579726651,10.7201412536259,422993824.0,140997941.33333334,111054.0,117678
CARMEL,0.0,1.93228901434379,0.340522133938706,,,99337.0,21923
CARMEL VALLEY,0.0,14.361367760209598,24.990541051835,,,73199.0,11768
CARMICHAEL,0.0,23.0437643678445,45.27683188296129,,,62193.0,58219
CARNELIAN BAY,0.0,1.71642145140719,0.17656703241266197,,,64792.0,1056
CARPINTERIA,0.0,21.0853788096845,41.026611174170796,30597609.0,10199203.0,72540.0,13619
CARSON,0.7777777777777779,46.6039863434772,84.84676503972759,208784719.0,69594906.33333333,79687.5,83730
CARUTHERS,1.0,47.897113250555805,86.6187413292975,,,45587.0,5068
CASSEL,0.0,18.005097690506197,33.1567663009207,,,50264.0,2774
CASTAIC,0.0,14.498582575928099,23.7545718249464,,,120072.5,30663
CASTRO VALLEY,0.0,12.2798828645537,18.3188296128138,,,123005.5,68146
CASTROVILLE,0.0,31.328699738923397,61.836297137091705,,,66063.0,15986
CATHEDRAL CITY,0.0,17.8502159030462,32.7910203052087,128515897.0,42838632.333333336,44365.0,49296
CATHEYS VALLEY,0.0,18.2073485019549,33.7495270525918,,,49628.0,2576
CAYUCOS,0.0,7.28555497728492,7.062681296506501,,,64246.0,2630
CAZADERO,0.0,3.9858529801984304,3.07731113633497,,,70517.5,3983
CEDARVILLE,0.0,10.1092876350494,13.5704376340018,,,42019.0,1307
CERES,0.75,46.6882966263278,84.8909067978308,53713979.0,17904659.666666668,52706.5,44934
CERRITOS,0.0,25.3530313670432,50.485559339134795,158028704.0,52676234.66666666,106354.0,50143
CHALLENGE,0.0,9.05758212580062,10.972379871358301,,,51490.0,4122
CHANNEL IS AIR GUARD STATION,0.0,,,,,,118
CHANNEL ISLANDS,0.0,,,,,,10
CHATSWORTH,0.0,23.3071981901833,45.8569807037457,,,91544.0,47215
CHESTER,0.0,15.6101637120335,26.7309875141885,,,66110.5,3794
CHICO,0.0434782608695652,19.496682272326698,37.041241013999205,162340118.0,54113372.66666666,50488.0,109037
CHINO,0.266666666666667,37.073581391991,71.85017026106699,173162851.0,57720950.33333334,77056.0,101292
CHINO HILLS,0.0,19.1387336923834,36.1457939210493,86564843.0,28854947.66666667,110927.0,73391
CHOWCHILLA,0.666666666666667,45.6300006258988,83.78105687980829,19055065.0,6351688.333333332,73060.0,22300
CHUALAR,0.0,23.8948188858669,47.383024341026605,,,71844.0,6527
CHULA VISTA,0.1,23.9768367322633,47.55328540799599,434388831.0,144796277.0,72848.0,249928
CITRUS HEIGHTS,0.0,17.6434101876588,32.1982595535376,102615192.0,34205064.0,59302.0,79441
CLAREMONT,0.0,26.769188101757003,53.386303443057095,71969579.0,23989859.66666667,91661.0,38213
CLAYTON,0.0,4.6000208555563304,2.94488586202548,14894867.0,4964955.666666667,139110.5,14078
CLEARLAKE,0.0,25.692695686016997,51.1287678143524,20483995.0,6827998.333333332,29052.0,11491
CLEARLAKE OAKS,0.0,18.5706027870014,34.487325009459,,,44306.5,7002
CLOVERDALE,0.0,19.3375665209529,35.9881447849666,18179773.0,6059924.333333332,68313.0,10009
CLOVIS,0.14285714285714302,20.9470676226666,40.5662756968092,172798267.0,57599422.33333334,93445.0,133683
COACHELLA,0.375,31.202001637898103,61.7290957245555,55092944.0,18364314.666666668,31700.5,47636
COALINGA,0.0,31.8377071428722,62.8326396771346,13146859.0,4382286.333333333,52173.0,18095
COARSEGOLD,0.0,12.0945997602358,18.0855088914113,,,70732.5,12361
COLFAX,0.0,8.659617038947541,10.1399924328415,6124843.0,2041614.333333333,69591.0,7188
COLTON,0.833333333333333,46.9367279724902,85.5025854458318,74505382.0,24835127.33333333,55755.0,56431
COLUSA,0.0,31.1581098544072,61.628200277462504,9855638.0,3285212.666666666,53136.5,7592
COMPTCHE,0.0,12.1177419541089,17.896329928112,,,63236.0,6135
COMPTON,1.0,58.63940803119039,95.7750031529827,191818217.0,63939405.66666666,52333.0,136845
CONCORD,0.0,17.4930250806522,31.6874763526296,289984000.0,96661333.33333331,87806.0,151412
COPPEROPOLIS,0.0,21.7929001313842,42.640938327658,,,82575.0,4694
CORCORAN,0.4,38.0419805357329,73.11766931517221,14901061.0,4967020.333333333,36456.0,23331
CORNING,0.0,31.206325767405602,61.6345062429058,17477041.0,5825680.333333332,46739.0,17805
CORONA,0.175,27.600134034913502,55.1141379745239,303874260.0,101291420.0,92458.5,249129
CORONA DEL MAR,0.0,4.8532065521564505,2.98902762012864,,,154344.0,9843
CORONADO,0.0,5.699943073240559,4.09887753815109,148971634.0,49657211.33333334,110602.0,21172
CORTE MADERA,0.0,8.21100984033994,9.049060411148929,62244928.0,20748309.33333333,146381.5,11867
COSTA MESA,0.0869565217391304,20.682952954431897,40.068104426787706,355838412.0,118612804.0,86884.0,111330
COTATI,0.0,17.4897505767036,31.655946525412997,20660193.0,6886731.0,72985.0,14516
COTTONWOOD,0.0,21.1821174899645,39.0717618867449,,,45185.5,13765
COULTERVILLE,0.0,15.120245796545598,25.375204943876902,,,39719.0,2857
COVELO,0.0,14.043833528769698,22.587968217934197,,,38345.0,2674
COVINA,0.0555555555555556,28.0101386704953,55.9969731365872,99091975.0,33030658.33333333,74942.5,87592
CRESCENT CITY,0.0,15.436532508062301,26.232816244166997,11762102.0,3920700.666666666,49233.0,26244
CRESCENT MILLS,0.0,10.2731378903562,13.784840459074301,,,43818.0,2510
CRESTLINE,0.0,30.3508593523054,60.196746121831296,,,66538.0,3171
CULVER CITY,0.0,30.832039325170697,61.0165216294615,271554477.0,90518159.0,85544.5,41077
CUPERTINO,0.0,10.7546115653419,14.6992054483542,196447606.0,65482535.33333334,170610.0,61929
CUTLER,1.0,40.9337946224201,77.3615840585194,,,42900.0,6998
CYPRESS,0.0,22.044063117069,43.08235590868961,96911577.0,32303859.0,93313.0,43083
DALY CITY,0.0,21.235190217223497,41.3229915500064,200748571.0,66916190.33333334,97461.5,114485
DANA POINT,0.0,8.04084113995141,8.89141127506619,105492545.0,35164181.666666664,104133.0,19711
DANVILLE,0.0,3.2393077059871103,1.16660360701223,72565325.0,24188441.66666667,169094.5,49140
DAVENPORT,0.0,12.8064005226053,19.6115525286921,,,100179.0,4684
DAVIS,0.0,12.5623419259485,19.132299155000602,158861658.0,52953886.0,70469.0,71684
DAVIS CREEK,0.0,19.9854380607723,38.2267625173414,,,57586.0,2441
DEATH VALLEY,0.0,29.3132108218705,58.2418968344054,,,44012.0,3054
DEL MAR,0.0,3.28944048287444,1.19813343422878,42906106.0,14302035.333333336,151534.0,22514
DEL REY,1.0,55.808025838708204,93.74448228023711,,,40573.0,3293
DELANO,0.42857142857142894,45.655829410963705,83.79366881069491,67325266.0,22441755.33333333,34127.0,40423
DELHI,0.5,40.490757088899,76.6931517215286,,,54413.0,12422
DENAIR,0.0,31.3049805258845,61.85521503342171,,,82280.0,13833
DESCANSO,0.0,14.6780874983104,24.3536385420608,,,92908.0,2235
DESERT CENTER,0.0,32.493707255606296,63.94248959515701,,,39922.5,7998
DESERT HOT SPRINGS,0.0,15.0691409706667,25.274309496784,40536839.0,13512279.666666664,31778.0,48809
DIAMOND BAR,0.0,20.070927947534198,38.415941480640704,65813015.0,21937671.666666668,106642.0,46130
DINUBA,0.8,48.30342821568979,87.03493504855591,50721038.0,16907012.666666668,54744.0,32347
DISCOVERY BAY,0.0,16.9366727118517,30.192962542565304,,,121688.0,9370
DIXON,0.0,23.1419144534122,45.4660108462606,55726851.0,18575617.0,87639.0,27647
DOS PALOS,1.0,51.840162947234106,90.5095220078194,4536757.0,1512252.333333333,40040.5,9043
DOWNEY,0.272727272727273,34.4554172522091,67.4359944507504,220835936.0,73611978.66666667,74231.0,112322
DUARTE,0.166666666666667,35.7190945242305,69.6241644595788,35408504.0,11802834.666666664,70321.5,29214
DUBLIN,0.0,12.980596783884499,19.9772985244041,283718026.0,94572675.33333331,124338.0,37942
DUNNIGAN,0.0,14.1388156412628,22.7519233194602,,,65350.0,5722
DUNSMUIR,0.0,12.9738567909583,19.9646865935175,2923865.0,974621.6666666665,35433.0,2012
DURHAM,0.0,17.6688896707395,32.336990793290504,,,84811.0,5834
EARLIMART,0.5,43.76429792744571,80.5587085382772,,,31262.5,14978
EARP,0.0,7.98891073525969,8.399545970488079,,,33276.0,1312
EDWARDS,0.0,24.158553604936298,47.975785092697706,,,77244.0,2827
EL CAJON,0.0625,22.2728584017316,43.5805271787111,195770046.0,65256682.0,68526.5,164462
EL CENTRO,0.45454545454545503,39.0269858934719,74.48606381637029,87949618.0,29316539.33333333,46194.0,65394
EL CERRITO,0.0,11.3661559174352,15.903644848026198,68530224.0,22843408.0,107813.0,30762
EL DORADO,0.0,7.491157461257429,7.352755706898731,,,83527.0,2467
EL DORADO HILLS,0.0,4.26299321308504,2.25122966326145,,,146439.5,33927
EL MONTE,1.0,53.5752122517222,92.07970740320341,219130286.0,73043428.66666667,52436.0,98427
EL SEGUNDO,0.166666666666667,15.566122555675301,26.567032412662396,194778081.0,64926027.0,109929.0,16731
EL SOBRANTE,0.0,15.697904540208098,27.1850170261067,,,85388.5,21101
ELDORADO NTL FOREST,0.0,10.0857860311111,13.4947660486821,,,65179.0,3668
ELK,0.0,9.34748652268622,11.640812208349098,,,50357.0,2210
ELK CREEK,0.0,23.7283720614015,46.916382898221705,,,47321.0,1956
ELK GROVE,0.0,16.762379148683802,29.751544961533604,207050831.0,69016943.66666667,91885.0,185304
ELVERTA,0.0,15.6199605993079,26.7814352377349,,,73926.5,9109
EMERYVILLE,0.4,35.6832388829894,69.5863286669189,134910892.0,44970297.333333336,79679.0,37271
ENCINITAS,0.0,10.1769143530339,13.519989910455301,193017536.0,64339178.66666666,112693.0,55060
ENCINO,0.0,19.2559123698782,36.4863160549881,,,82994.0,49070
ESCALON,0.5,35.979406520556296,69.3719258418464,10279976.0,3426658.666666666,69036.0,13379
ESCONDIDO,0.0,19.6614611620391,37.4700466641443,243391287.0,81130429.0,81216.0,191297
ESSEX,0.0,35.262994729476496,68.9620380880313,,,31845.0,1343
EUREKA,0.0,15.294096316976301,25.9175179720016,78488452.0,26162817.33333333,52197.5,49398
EXETER,0.0,24.447924912644897,48.820784462101095,12684916.0,4228305.333333333,46890.0,15992
FAIR OAKS,0.0,16.681623006927598,29.562365998234302,,,89861.0,42933
FAIRFAX,0.0,3.84907286602061,1.7152226005801499,27889662.0,9296554.0,111060.0,9682
FAIRFIELD,0.0,24.524973014116398,48.839702358431104,304222431.0,101407477.0,80596.5,119471
FALLBROOK,0.0,22.0687943344373,43.2336990793291,,,71889.0,44391
FARMERSVILLE,1.0,39.8990521326372,75.8355404212385,14207660.0,4735886.666666667,32096.0,5422
FARMINGTON,0.0,27.646707158029102,55.164585698070404,,,94940.0,5330
FELTON,0.0,6.36814857267937,5.41051835035944,,,98578.0,4781
FERNDALE,0.0,16.035750813591303,27.8345314667676,2294478.0,764826.0,50896.0,3309
FIDDLETOWN,0.0,19.824163116077603,37.9114642451759,,,58788.0,4748
FILLMORE,0.0,30.0251996412576,59.57245554294371,18597707.0,6199235.666666668,75633.5,19999
FIREBAUGH,1.0,41.5319312953489,78.2191953588094,10261058.0,3420352.666666666,50556.0,11116
FOLSOM,0.0,5.69767680957582,4.086265607264471,223853178.0,74617726.0,115527.5,78159
FONTANA,0.6206896551724139,41.5943234739368,78.3453146676756,312637598.0,104212532.66666669,64676.0,221813
FOOTHILL RANCH,0.0,10.001036290156302,13.2425274309497,,,131378.0,5662
FOREST RANCH,0.0,13.4546082358919,21.137596165973,,,109444.0,4753
FORESTHILL,0.0,11.5830352804143,16.3828982217177,,,79802.0,6903
FORESTVILLE,0.0,10.3775451077883,14.1947282128894,,,66913.5,8376
FORKS OF SALMON,0.0,11.2845178159183,15.714465884727002,,,50865.0,3625
FORT BRAGG,0.0,21.1912669703202,41.3040736536764,20389620.0,6796540.0,49522.0,12078
FORT IRWIN,0.0,22.490787345885895,44.192205826712105,,,54787.0,9872
FORT JONES,0.0,14.485599925601699,23.710430066843198,890706.0,296902.0,44545.0,1733
FORTUNA,0.0,23.5242697857525,45.9200403581789,17571716.0,5857238.666666668,48872.5,9342
FOUNTAIN VALLEY,0.0,23.4596708930373,46.4371295245302,137721744.0,45907248.0,93454.0,53847
FOWLER,1.0,51.3261088602299,90.2005297010972,13479812.0,4493270.666666667,47406.0,5177
FRAZIER PARK,0.0,17.1618874079227,30.836171017782803,,,44912.0,7686
FREMONT,0.0,16.557274788702,29.2092319334091,705689160.0,235229720.0,135033.5,227727
FRENCH CAMP,1.0,56.146220021606396,94.0850044141758,,,53250.0,6299
FRESNO,0.664,46.1699524896131,84.4494892167991,849627432.0,283209144.0,43839.0,591168
FULLERTON,0.2,27.111497584931804,54.1241013999244,230208631.0,76736210.33333333,84479.0,155957
GALT,0.0,23.077667621500698,45.409257157270794,37964718.0,12654906.0,67401.5,29404
GARBERVILLE,0.0,10.0760366999651,13.456930256022199,,,65283.0,3241
GARDEN GROVE,0.14285714285714302,29.691373592290002,58.8598814478497,313557155.0,104519051.66666669,67875.0,190024
GARDENA,0.8,56.2954421370201,94.2048177575987,142671233.0,47557077.66666666,56535.0,79331
GEORGETOWN,0.0,14.0868211617028,22.6762517341405,,,64883.0,7911
GERBER,0.0,29.9017830108499,59.213015512675,,,47661.0,4315
GEYSERVILLE,0.0,15.512533595095501,26.421995207466303,,,104792.0,3644
GILROY,0.2,27.4546912384708,54.597048808172595,132694169.0,44231389.66666666,96547.5,62228
GLEN ELLEN,0.0,7.464265916973879,7.32753184512549,,,117167.0,4782
GLENDALE,0.6052631578947371,42.37458612969821,79.3416572077185,514683096.0,171561032.0,62305.5,188222
GLENDORA,0.0,20.4756769897012,39.5257913986631,85176260.0,28392086.66666667,88611.0,55146
GLENN,0.0,13.334131437999,20.910581410013897,,,65000.0,1594
GOLETA,0.0,7.72947084494689,7.78156135704376,79722144.0,26574048.0,96250.0,56967
GONZALES,0.0,26.192328294311,52.2260058014882,13714502.0,4571500.666666667,54205.0,5469
GRANADA HILLS,0.0,26.845681091031498,53.5628704754698,,,105386.0,58564
GRAND TERRACE,0.5,39.4319696655605,74.0761760625552,13478392.0,4492797.333333333,64860.5,18063
GRANITE BAY,0.0,5.2310106585778895,3.44305713204692,,,136534.5,25063
GRASS VALLEY,0.0,11.8711295215193,17.467524277967,43207378.0,14402459.333333336,76103.5,47806
GREENBRAE,0.0,5.588140253062369,3.9349224366250497,,,194808.0,12130
GREENFIELD,0.0,22.196177757479703,43.3976541808551,21125795.0,7041931.666666668,63827.0,18424
GRIDLEY,0.0,22.3395056636715,43.7507882456804,7918765.0,2639588.333333333,62756.0,11949
GROVER BEACH,0.0,14.683622733698199,24.397780300163998,26760953.0,8920317.666666666,64127.5,13535
GUERNEVILLE,0.0,11.495387417868303,16.244166981965,,,60331.0,7577
GUSTINE,1.0,52.1336533982758,90.8941858998613,6580991.0,2193663.666666666,60521.0,8712
HACIENDA HEIGHTS,0.42857142857142894,34.040032623694,66.6036070122336,,,85044.5,56972
HALF MOON BAY,0.0,16.1789372600633,28.509269769201698,46348862.0,15449620.666666664,145873.0,11860
HANFORD,0.384615384615385,38.953303554797294,74.3473325766175,83416244.0,27805414.66666667,55670.0,72726
HARBOR CITY,0.375,35.874002205208896,69.8574851809812,,,66904.0,30013
HAWAIIAN GARDENS,0.5,37.4823655426676,71.3961407491487,26278329.0,8759443.0,50196.0,10762
HAWTHORNE,0.75,45.9489073336936,84.1026611174171,197009382.0,65669794.0,52779.5,104391
HAYFORK,0.0,9.02440049353383,10.8967082860386,,,31712.0,3182
HAYWARD,0.0555555555555556,29.5292983802132,58.601336864673996,467224536.0,155741512.0,81092.5,176116
HEALDSBURG,0.0,19.0824289678434,35.9944507504099,47630835.0,15876945.0,96324.0,19524
HEMET,0.12,31.218981466779297,61.659730104679,125934873.0,41978291.0,41531.0,116515
HERALD,0.0,6.949588898277639,6.52036826838189,,,91136.0,2300
HERCULES,0.0,18.3525723903719,34.153108840963604,35619267.0,11873089.0,122232.0,22381
HERLONG,0.0,12.018400186554599,17.606255517719802,,,55184.0,3209
HERMOSA BEACH,0.0,5.84004235859885,4.36372808677008,85675375.0,28558458.33333333,136285.0,19539
HESPERIA,0.0666666666666667,27.6335654581229,55.139361836297105,94458935.0,31486311.66666667,52117.0,102311
HIGHLAND,0.125,27.717325511031,55.3033169378232,63515653.0,21171884.33333333,63529.0,45961
HILMAR,0.0,35.31124864641,68.9998738806911,,,62500.0,9060
HINKLEY,0.0,33.0735071912399,64.9451381006432,,,60229.0,11133
HOLLISTER,0.0,31.8790873258475,62.920923193340904,69688403.0,23229467.66666667,91935.0,51064
HOLTVILLE,0.0,36.7225982354957,71.24479757850929,5405648.0,1801882.666666667,56885.0,8625
HOMELAND,0.0,31.622601861694303,62.4290578887628,,,54185.0,5371
HOOPA,0.0,12.046452178909199,18.110732753184603,,,40739.5,5686
HOPLAND,0.0,9.56794489374656,12.2083490982469,,,58900.0,2051
HORNBROOK,0.0,18.7110769558495,35.0233320721402,,,39327.0,656
HUGHSON,1.0,40.8416988975396,77.2985244040863,7089129.0,2363043.0,79705.0,8359
HUNTINGTON BEACH,0.0238095238095238,12.4796790466399,18.9052843990415,484982227.0,161660742.33333334,98057.5,197574
HUNTINGTON PARK,0.954545454545455,51.9755871776414,90.73023079833521,89389533.0,29796511.0,45434.0,74249
HURON,0.5,40.0165841774917,75.8418463866818,5279306.0,1759768.666666667,33216.5,8085
IDYLLWILD,0.0,27.5946995661729,55.0006305965443,,,60341.0,1122
IGO,0.0,20.6101805169587,39.828477739942,,,56250.0,3575
IMPERIAL,0.0,37.089149438197,71.9132299155001,20463245.0,6821081.666666668,81764.0,14848
IMPERIAL BEACH,0.0,23.6553655585216,46.7398158658091,35882284.0,11960761.333333336,56479.0,27315
INDEPENDENCE,0.0,18.131410700287002,33.560348089292496,,,53382.0,2284
INDIAN WELLS,0.0,7.92950902108071,9.5535376466137,61437788.0,20479262.666666668,92366.0,3942
INDIO,0.166666666666667,25.225425538965503,50.239626686845796,174066354.0,58022118.0,55134.5,92025
INGLEWOOD,0.65625,44.590602973018896,82.34960272417709,349011310.0,116337103.33333331,53807.5,131234
IONE,0.0,27.926025844134198,55.7258166225249,6978794.0,2326264.666666666,66348.0,10220
IRVINE,0.0294117647058824,15.572820325088001,26.674233825198602,630558569.0,210186189.66666663,108943.0,261711
ISLETON,0.0,31.0173162136422,61.30659603985371,2432600.0,810866.6666666665,40395.0,1514
JACKSON,0.0,23.257549086885298,45.756085256652796,8889475.0,2963158.333333333,65244.0,3152
JAMESTOWN,0.0,23.5008742902949,46.5254130407366,,,61163.0,13181
JAMUL,0.0,12.998503677418801,20.027746247950603,,,124464.0,19771
JANESVILLE,0.0,7.4244415187267006,7.289696052465629,,,92888.0,3240
JOSHUA TREE,0.0,14.1354017461743,23.073527557069003,,,34306.0,8864
JULIAN,0.0,14.7393547843975,24.492369781813604,,,58558.0,2223
KELSEYVILLE,0.0,15.4990509095312,26.5985622398789,,,62384.5,9457
KERMAN,1.0,46.0438331534453,84.3107579770463,15764892.0,5254964.0,61776.0,22144
KETTLEMAN CITY,1.0,50.2414806333629,89.0402320595283,,,52181.0,4101
KING CITY,0.0,26.324342782469202,52.5160802118805,19869920.0,6623306.666666668,48178.0,13528
KINGS BEACH,0.0,9.41152194178514,12.120065582040601,,,58094.0,4202
KINGS CANYON NATIONAL PK,0.0,19.1398729755441,36.158405851935896,,,64156.0,6101
KINGSBURG,0.666666666666667,43.1772773846103,80.35061167864801,17653091.0,5884363.666666668,62808.0,16545
KLAMATH,0.0,16.8448507855909,29.9785597174927,,,38977.0,1251
KORBEL,0.0,18.947222278023,35.6287047546979,,,43125.0,4675
KYBURZ,0.0,,,,,,94
LA CANADA FLINTRIDGE,0.0,7.11482780690287,6.77260688611426,40055734.0,13351911.333333336,167043.0,20521
LA CRESCENTA,0.0,16.1618200115608,28.2002774624795,,,110792.0,26640
LA HABRA,0.384615384615385,36.47332135002829,70.7403203430445,110309736.0,36769912.0,74688.0,64062
LA JOLLA,0.0,6.367289091603429,5.397906419472821,,,97395.0,47801
LA MESA,0.0,19.1201725053913,36.07012233572961,128013974.0,42671324.66666666,68484.0,80976
LA MIRADA,0.2,20.9298338512424,40.616723420355704,101176500.0,33725500.0,99029.0,48764
LA PALMA,0.0,17.2886617666329,31.0505738428553,30352410.0,10117470.0,111169.0,14476
LA PUENTE,0.708333333333333,44.960022313971,82.77840837432208,39263727.0,13087909.0,69944.0,116524
LA QUINTA,0.0,9.53924443137863,12.2209610291336,131441065.0,43813688.333333336,65565.5,34116
LA VERNE,0.0,24.9674665711207,49.829738933030605,67003860.0,22334620.0,78000.0,34225
LADERA RANCH,0.0,3.84178489965413,1.70261066969353,,,168313.0,27000
LAFAYETTE,0.0,3.73649516974859,1.6143271534872,46623270.0,15541090.0,188247.0,29449
LAGUNA BEACH,0.0,6.75036199749655,6.15462227266995,176621273.0,58873757.66666666,146472.0,38088
LAGUNA HILLS,0.0,13.003112665211198,20.0403581788372,59100612.0,19700204.0,125709.0,22922
LAGUNA NIGUEL,0.0,7.0580550289850095,6.67801740446463,113043086.0,37681028.66666666,111727.0,67181
LAGUNA WOODS,0.0,19.866797347421898,37.9871358304957,15770941.0,5256980.333333333,45000.0,19870
LAKE ARROWHEAD,0.0,17.4515765349545,31.580274940093304,,,79053.0,4121
LAKE ELSINORE,0.18181818181818202,26.750617338610702,53.449363097490206,80070282.0,26690094.0,57461.0,76453
LAKE FOREST,0.0,20.197660500610603,38.8195232690125,177702061.0,59234020.33333334,113877.0,62999
LAKE HUGHES,0.0,5.8336122675701,4.35111615588347,,,63211.0,1631
LAKEHEAD,0.0,13.1427189258934,20.4817757598688,,,49265.0,1670
LAKEPORT,0.0,21.679535330970502,42.4139235716988,14063969.0,4687989.666666667,48806.0,16029
LAKESIDE,0.0,17.2333799400262,30.886618741329304,,,86176.0,49334
LAKEWOOD,0.111111111111111,21.4432562138325,41.713961407491496,110917660.0,36972553.333333336,93614.0,83312
LAMONT,0.33333333333333304,31.8177436918935,62.769580022701504,,,43278.0,17003
LANCASTER,0.0263157894736842,22.2693496911858,43.6120570059277,229597335.0,76532445.0,55375.5,183225
LANDERS,0.0,22.960664511340603,45.289443813847896,,,33130.5,5539
LARKSPUR,0.0,5.40625456558443,3.7079076806659104,55367046.0,18455682.0,122685.0,5857
LATHROP,1.0,55.7089023499701,93.66881069491741,79758865.0,26586288.33333333,87149.0,28172
LATON,1.0,40.4218557224456,76.6553159288687,,,37917.0,3407
LAWNDALE,0.5,40.447061662589,76.5481145163325,41197250.0,13732416.666666664,60346.0,32819
LE GRAND,1.0,39.483477140944,75.20494387690759,,,48806.0,2345
LEBEC,0.0,16.168782801761,28.2255013242527,,,59028.0,620
LEGGETT,0.0,16.1775621012888,28.2759490477992,,,38274.0,3542
LEMON GROVE,0.0,24.0871498187186,47.8748896456048,39656851.0,13218950.333333336,66472.0,27977
LEMOORE,0.33333333333333304,35.1270223670186,68.5647622651028,22979971.0,7659990.333333332,58399.0,37546
LEWISTON,0.0,10.6892108946537,14.7181233446841,,,44310.5,6613
LINCOLN,0.0,8.71910500089739,10.3039475343675,54217702.0,18072567.33333333,87333.0,52810
LINDEN,0.0,22.2607971311336,43.5868331441544,,,87554.0,5944
LINDSAY,0.25,37.913411152736295,73.0167738680792,16787161.0,5595720.333333333,33603.0,18018
LITCHFIELD,0.0,20.5183657632201,39.639298776642704,,,56964.0,9280
LITTLEROCK,0.0,22.9902450120275,45.2831378484046,,,53484.5,14024
LIVE OAK,0.0,27.4553170463271,54.7357800479253,8051602.0,2683867.333333333,59359.0,14220
LIVERMORE,0.0,15.983596677720302,27.6831882961281,278185345.0,92728448.33333331,128963.0,99939
LIVINGSTON,1.0,44.4721415961496,82.21717744986759,15642992.0,5214330.666666667,55500.0,18171
LLANO,0.0,16.3793903680306,28.729978559717498,,,53830.0,3926
LOCKEFORD,0.0,23.0756934054601,45.352503468281,,,63287.0,2902
LODI,0.2,29.5655779313659,58.5067473830244,125319316.0,41773105.333333336,58379.0,87881
LOLETA,0.0,27.5470879018417,54.912347080338,,,42407.0,4606
LOMA LINDA,0.666666666666667,44.4991967733144,82.25501324252741,42387791.0,14129263.666666664,38018.0,16018
LOMITA,0.0,25.3610921360184,50.5107832009081,22400778.0,7466926.0,72714.0,19694
LOMPOC,0.0,19.930163480418397,38.1510909320217,54639791.0,18213263.666666668,66845.0,60288
LONG BARN,0.0,22.3822579518575,43.252616975658995,,,59479.5,10174
LONG BEACH,0.52212389380531,42.9152766079835,80.0542313028125,1371076040.0,457025346.6666667,60616.0,476520
LOOMIS,0.0,9.42844474718948,11.697565897338901,13260857.0,4420285.666666667,104185.0,16427
LOS ALAMITOS,0.0,19.1496639367576,36.196241644595794,31723996.0,10574665.333333334,109444.0,26297
LOS ALTOS,0.0,3.85707560192716,1.7278345314667698,103229406.0,34409802.0,215250.0,47624
LOS ANGELES,0.607594936708861,44.870346264141105,82.6396771345693,14545311557.0,4848437185.666667,48767.0,2484718
LOS BANOS,0.8,50.5343925987854,89.36814226258042,57896757.0,19298919.0,55719.0,43374
LOS GATOS,0.0,4.91010588949814,3.0646992054483504,92527652.0,30842550.66666667,167875.0,49210
LOS OLIVOS,0.0,9.15616622161136,11.1867826964308,,,99583.0,2620
LOS OSOS,0.0,6.53661211701511,5.72581662252491,,,76587.0,15829
LOS PADRES NTL FOREST,0.0,17.5414512257382,31.7946777651658,,,53355.0,1050
LOST HILLS,1.0,48.634558879961396,87.41329297515449,,,35560.0,2635
LOWER LAKE,0.0,17.7809443963952,32.4820279984866,,,34567.5,7286
LUCERNE VALLEY,0.0,30.2449684467703,59.856223987892506,,,48096.0,8842
LYNWOOD,1.0,52.074628837898,90.8311262454282,98449996.0,32816665.33333333,57386.0,69438
LYTLE CREEK,0.0,18.6074398646636,34.7458695926346,,,46974.0,1858
MC FARLAND,1.0,41.961803265241706,78.6858368016143,,,37492.0,30118
MC KITTRICK,1.0,41.5842215504105,78.32009080590241,,,59792.0,3358
MI WUK VILLAGE,0.0,14.468683101167901,23.634758481523498,,,65625.0,5933
MACDOEL,0.0,15.5443101567604,26.579644343549,,,32089.5,2787
MADERA,0.615384615384615,41.8354678211335,78.55971749274809,80065732.0,26688577.33333333,59471.0,103572
MAGALIA,0.0,15.4562665321908,26.3715474839198,,,55908.0,8458
MALIBU,0.0,9.40351203161274,11.8047673098751,77629687.0,25876562.33333333,149026.0,19438
MAMMOTH LAKES,0.0,13.8763929314831,22.159162567789103,104057653.0,34685884.333333336,59620.0,8169
MANHATTAN BEACH,0.0,5.22204174556419,3.5061167864800096,154644150.0,51548050.0,169612.5,35500
MANTECA,0.666666666666667,42.370855231012996,79.392104931265,143409231.0,47803077.0,69864.0,83541
MARCH AIR RESERVE BASE,1.0,69.1503473747241,99.1550006305965,,,43556.0,4721
MARICOPA,0.0,28.3247336999631,56.6780174044646,873275.0,291091.66666666674,39653.0,1521
MARINA,0.25,25.6253402106302,51.141379745239,56765434.0,18921811.33333333,70964.0,16685
MARINA DEL REY,0.0,21.8866975437217,42.7103039475344,,,117151.5,24033
MARIPOSA,0.0,13.4660049796646,21.188043889519502,,,64432.0,10285
MARKLEEVILLE,0.0,11.343356773265901,15.853197124479802,,,63750.0,1039
MARTINEZ,0.0769230769230769,21.2269924104003,41.4680287552024,85135534.0,28378511.33333333,98365.0,58611
MARYSVILLE,0.25,33.6095592077413,66.0675999495523,21311139.0,7103713.0,49710.0,39064
MATHER,0.0,37.3831897440486,72.34203556564509,,,86486.0,4156
MAYWOOD,1.0,53.160411856097205,91.6761256148316,28717249.0,9572416.333333334,43214.0,27332
MCARTHUR,0.0,15.0442038189893,25.356287047547003,,,45421.0,4237
MCCLELLAN,1.0,52.068349925804995,90.8059023836549,,,37448.0,5067
MCKINLEYVILLE,0.0,9.415367274377289,11.8678269643082,,,59089.0,17843
MEADOW VISTA,0.0,8.485040080154612,9.685962920923188,,,89231.0,4875
MECCA,1.0,45.6588286370156,83.8062807415815,,,24956.0,11044
MENDOCINO NTL FOREST,0.0,17.599033098411,31.9964686593517,,,54827.0,3376
MENDOTA,1.0,55.876892673003,93.77601210745371,9142290.0,3047430.0,32046.0,13415
MENIFEE,0.0,20.641485646287,39.904149325261706,116314465.0,38771488.333333336,95166.0,55591
MENLO PARK,0.0,5.861988930958169,4.46462353386303,157347711.0,52449237.0,147162.5,42424
MENTONE,0.0,26.8616342113874,53.61331819901629,,,60272.0,4182
MERCED,0.7619047619047621,46.7636411369364,85.1557573464497,120579712.0,40193237.333333336,42193.0,110611
MERIDIAN,0.0,34.459142756957,67.448606381637,,,54688.0,1499
MIDDLETOWN,0.0,12.3180649654559,18.438642956236603,,,68814.0,7108
MIDWAY CITY,0.0,37.2046759402566,72.00151343170641,,,58559.0,14338
MILL VALLEY,0.0,4.63707525111145,2.66111741707656,88223199.0,29407733.0,158869.0,31047
MILLBRAE,0.0,12.9878275745449,20.0908059023837,75050748.0,25016916.0,130798.5,22625
MILPITAS,0.0,20.6656722559134,40.011350737798,328947490.0,109649163.33333331,124015.0,78528
MIRA LOMA,0.28571428571428603,36.427538246904795,70.68987261949799,,,79130.0,43481
MISSION HILLS,0.0,29.6714456688255,58.7589860007567,,,82215.0,19137
MISSION VIEJO,0.0,9.20789897053019,11.2624542817505,172969104.0,57656368.0,130417.0,100766
MODESTO,0.6851851851851851,45.8211324744937,83.91978811956109,348784416.0,116261472.0,56791.5,300210
MODOC SHASTA KLAMATH FOR,0.0,11.622781857904199,16.546853323243802,,,36731.0,1261
MOJAVE,0.0,32.754783739107395,64.4343548997351,,,24510.0,3394
MONROVIA,0.111111111111111,20.8435002759352,40.3960146298398,112216187.0,37405395.66666666,80586.0,43966
MONTAGUE,0.0,16.1770806315468,28.263337116912602,1212896.0,404298.66666666674,46303.0,3939
MONTCLAIR,0.875,50.400686153468705,89.23571698827091,83258208.0,27752736.0,65292.5,47796
MONTEBELLO,0.8,42.1351376757519,78.96329928111992,140473768.0,46824589.33333334,58203.0,65023
MONTEREY,0.0,5.96895263856852,4.61596670450246,205769057.0,68589685.66666667,79146.0,28916
MONTEREY PARK,0.0666666666666667,31.143112987259897,61.520998864926206,123277197.0,41092399.0,63563.0,62542
MONTGOMERY CREEK,0.0,10.6880893628987,14.6172278975911,,,58000.0,5123
MONTROSE,0.0,21.254586116000898,41.581536133182,,,67407.0,5874
MOORPARK,0.0,16.4404349292281,28.9380754193467,49128477.0,16376159.0,126733.0,38234
MORAGA,0.0,1.72691622885039,0.2017908941859,25515269.0,8505089.666666666,186652.0,15733
MORENO VALLEY,0.511627906976744,39.3783449852808,75.0283768444949,278525697.0,92841899.0,67747.0,204601
MORGAN HILL,0.0909090909090909,18.0534046281367,33.3333333333333,110981465.0,36993821.66666666,115664.0,51712
MORONGO VALLEY,0.0,21.4293769139373,41.524782444192205,,,51213.5,10157
MORRO BAY,0.0,11.840650704286402,17.2152856602346,37129331.0,12376443.666666664,64250.0,10655
MOSS BEACH,0.0,10.3945152506039,13.9487955606003,,,105066.0,6108
MOSS LANDING,0.5,40.0723956254229,75.8166225249086,,,64050.0,10004
MOUNT SHASTA,0.0,12.207699119896601,18.098120822297897,,,44844.0,6544
MOUNTAIN CENTER,0.0,19.951982114551498,37.6150838693404,,,63923.0,5577
MOUNTAIN RANCH,0.0,15.1808524828282,25.5517719762896,,,43695.0,7496
MOUNTAIN VIEW,0.0,17.2260795988731,30.8929247067726,389768619.0,129922873.0,134183.0,74507
MURPHYS,0.0,10.016001243952099,13.3181990162694,,,48321.0,3560
MURRIETA,0.0,19.8981073043946,38.0628074158154,162953475.0,54317825.0,94861.0,127318
NAPA,0.0,16.769319484142198,29.789380754193502,234557175.0,78185725.0,86918.5,103365
NATIONAL CITY,0.42857142857142894,35.9126033437654,69.8070374574348,141529112.0,47176370.66666666,45989.5,64048
NEEDLES,0.0,32.565335511644,64.1064446966831,11700673.0,3900224.333333334,34841.0,4011
NEVADA CITY,0.0,17.619386775473,32.0343044520116,13977891.0,4659297.0,75250.0,19638
NEWARK,0.111111111111111,22.8409143189324,44.7597427166099,159247528.0,53082509.33333334,121156.0,55184
NEWBURY PARK,0.0,9.899188942998359,13.015512674990498,,,131289.0,44718
NEWCASTLE,0.0,8.68146201364846,10.1904401563879,,,86250.0,2979
NEWHALL,0.0,24.3894876179662,48.6063816370286,,,79241.0,38242
NEWMAN,0.5,41.7451845882975,78.37053852944891,8865452.0,2955150.666666666,57646.5,13682
NEWPORT BEACH,0.0,11.3283348883845,15.764913608273401,522199250.0,174066416.66666666,120057.0,71747
NEWPORT COAST,0.0,6.70726048574046,5.99697313658721,,,148583.0,13758
NICE,0.0,15.5542181438209,26.5733383781057,,,47472.0,2446
NICOLAUS,0.0,25.982390613991104,51.7845882204565,,,70500.0,2488
NIPOMO,0.0,15.2756256788588,25.766174801362098,,,84102.0,27744
NORCO,0.0,27.4305471230605,54.6853323243789,48506659.0,16168886.333333336,100222.5,28660
NORDEN,0.0,5.07023301618449,3.19081851431454,,,76971.0,1318
NORTH HIGHLANDS,0.0,31.819544246194702,62.782191953588104,,,49570.0,29135
NORTH HILLS,0.33333333333333304,36.6904253972625,71.27002144028249,,,69500.0,64740
NORTH HOLLYWOOD,0.7073170731707321,50.523538728150704,89.3555303316938,,,50064.0,154252
NORTHRIDGE,0.214285714285714,32.1939546617404,63.513683945012,,,65672.0,62367
NORWALK,0.857142857142857,44.748121166029904,82.49463992937321,136917106.0,45639035.33333334,71875.0,105858
NOVATO,0.0,9.770942403763199,12.5740950939589,103147717.0,34382572.333333336,117007.0,63616
NUEVO,0.33333333333333304,34.9382732559411,68.3818892672468,,,59500.0,15456
OAK PARK,0.0,5.24102395592414,3.48719889015009,,,143627.0,8355
OAK VIEW,0.0,14.5118324026632,23.937444822802302,,,89249.5,8617
OAKDALE,0.25,37.3263606398509,72.0204313280363,37414843.0,12471614.333333336,68176.0,28121
OAKHURST,0.0,14.890008968243999,24.8581157775255,,,61445.0,13760
OAKLAND,0.23148148148148198,26.6557826668719,53.285407995964206,2264363902.0,754787967.3333334,68606.0,407922
OAKLEY,0.166666666666667,31.870438894482103,62.8641695043511,50377267.0,16792422.333333332,91257.5,43415
OCCIDENTAL,0.0,8.15280718245015,8.84096355151974,,,80341.0,3848
OCEANO,0.0,18.7680113924437,35.1368394501198,,,70270.0,7033
OCEANSIDE,0.0,19.4092535040023,36.8457560852567,324409142.0,108136380.66666669,75463.5,179958
OJAI,0.0,11.668818481157802,16.9189052843991,24871173.0,8290391.0,77596.5,16740
OLIVEHURST,0.25,32.7576238046827,64.2451759364359,,,43601.5,28522
ONTARIO,0.941176470588235,49.8149236527724,88.65556816748649,693975998.0,231325332.66666663,66362.5,178589
ORANGE,0.0384615384615385,25.629923612118002,51.040484298146104,304186913.0,101395637.66666669,88268.0,143399
ORANGE COVE,1.0,45.711407132459996,83.77475091436492,6439408.0,2146469.333333333,28125.5,7179
ORANGEVALE,0.0,11.9166570408592,17.2972632109976,,,85862.0,37602
ORINDA,0.0,2.7015024949497004,0.731491991423887,44863212.0,14954404.0,224318.0,20468
ORLAND,0.0,23.6141438597266,46.6389204187161,13178976.0,4392992.0,49952.0,17308
OROSI,1.0,49.5640310812124,88.43485937697059,,,37088.0,9384
OROVILLE,0.0714285714285714,23.9251786237035,47.4145541682432,39649481.0,13216493.666666664,42954.0,56228
OXNARD,0.153846153846154,23.735969720861302,46.96683062176821,381462311.0,127154103.66666669,69703.0,220161
PACIFIC GROVE,0.0,3.21202504631524,1.1350737797956898,63178440.0,21059480.0,85889.5,15522
PACIFIC PALISADES,0.0,9.1331800024079,11.1615588346576,,,212386.0,23541
PACIFICA,0.0,9.97150864082282,13.210997603733098,79983029.0,26661009.66666667,125082.0,38984
PACOIMA,0.708333333333333,47.45967239794889,86.10165216294621,,,64438.5,106498
PAICINES,0.0,29.284335068081898,58.2040610417455,,,94327.0,3049
PALM DESERT,0.0,8.383990792074469,9.38327657964434,171037417.0,57012472.33333334,62337.0,63032
PALM SPRINGS,0.0,15.604166841451,26.749905410518302,343955881.0,114651960.33333331,60214.0,54648
PALMDALE,0.0,18.778830365497104,35.162063311893,252801450.0,84267150.0,60931.0,174630
PALO ALTO,0.10526315789473699,8.70025459485765,10.2408878799344,383998288.0,127999429.33333331,136544.0,94562
PALO CEDRO,0.0,4.59758573852378,3.1719006179846096,,,70226.0,6629
PALOS VERDES PENINSULA,0.0,5.3681238457529,3.6448480262328196,,,189427.5,23163
PANORAMA CITY,0.666666666666667,42.078814902495296,78.8750157649136,,,43495.5,72365
PARADISE,0.0,18.128792742273102,33.5351242275192,39461656.0,13153885.333333336,53125.0,20696
PARAMOUNT,0.9090909090909091,56.3346331205682,94.23634758481519,77912185.0,25970728.33333333,54179.0,54513
PARLIER,1.0,68.9784920912014,99.11716483793671,10535639.0,3511879.666666666,36395.0,9242
PASADENA,0.027027027027027,22.9578354279127,45.087652919662,586849681.0,195616560.3333333,83387.0,157148
PASO ROBLES,0.0,14.775908833325698,24.5554294362467,,,70402.5,42290
PATTERSON,1.0,46.0287042642887,84.2729221843864,35610327.0,11870109.0,71595.0,28730
PAUMA VALLEY,0.0,13.0437636834104,20.2169252112498,,,95164.0,6925
PEBBLE BEACH,0.0,6.161346409465111,4.9817127002144,,,141402.0,3991
PENN VALLEY,0.0,12.488528326304099,18.9305082608147,,,52500.0,5606
PENNGROVE,0.0,9.628344419389519,12.397528061546199,,,108370.0,5737
PENRYN,0.0,3.36204285608392,1.2864169504351102,,,86985.0,2546
PERRIS,0.615384615384615,42.7709636752701,79.8839702358431,184370818.0,61456939.33333334,59863.0,109675
PESCADERO,0.0,19.823244381459897,37.8988523142893,,,147545.0,3944
PETALUMA,0.0,17.0824822947681,30.558708538277198,118435446.0,39478482.0,90556.0,79601
PHELAN,0.0,14.979926303729698,25.059906671711396,,,62120.0,20372
PHILO,0.0,14.2266878108219,23.004161937192602,,,44896.0,3023
PICO RIVERA,0.7692307692307689,45.78108233907479,84.02068356665409,119086384.0,39695461.333333336,66116.0,64247
PILOT HILL,0.0,6.839655110241151,6.29335351242275,,,90994.0,5446
PINE GROVE,0.0,19.7237844722459,37.6592256274436,,,78352.0,4639
PINOLE,0.0,24.2442084818419,48.2784714339765,53486686.0,17828895.333333332,91866.0,17262
PINON HILLS,0.0,18.653486746156897,34.8593769706142,,,52357.0,7661
PIONEER,0.0,15.475164082670698,26.674233825198698,,,57032.0,5890
PISMO BEACH,0.0,7.939373970603911,8.27342666162189,63036643.0,21012214.33333333,84782.0,8161
PITTSBURG,0.5714285714285711,41.250752617335,77.76516584689121,92988794.0,30996264.66666667,62414.5,78759
PIXLEY,1.0,52.65793067032471,91.24731996468658,,,33504.0,5934
PLACENTIA,0.166666666666667,21.4392045959508,41.5626182368521,86022022.0,28674007.33333333,97163.5,56135
PLACERVILLE,0.0,15.3003345300504,25.923823937444897,28480303.0,9493434.333333334,66163.5,39151
PLAYA DEL REY,0.0,18.127508373145197,33.5225122966326,,,138929.0,12692
PLEASANT HILL,0.0,8.914923559215039,10.669693530079499,76834417.0,25611472.33333333,127916.5,32996
PLEASANTON,0.0,14.350048635967,23.281624416698197,331465720.0,110488573.33333331,159412.0,93374
PLYMOUTH,0.0,25.311388124240604,50.4098877538151,3299488.0,1099829.333333333,79375.0,5105
POINT ARENA,0.0,13.9090233685661,22.2096102913356,1126945.0,375648.33333333326,57558.0,4188
POINT MUGU NAWC,0.0,30.3026889263236,60.058014882078396,,,48155.0,2035
POINT REYES STATION,0.0,4.8331267240533204,2.9638037583553998,,,95441.0,1641
POLLOCK PINES,0.0,8.76327289399016,10.4300668432337,,,83115.0,12697
POMONA,0.7741935483870971,52.2649198829169,90.99508134695421,258915743.0,86305247.66666667,57650.0,152251
PORT HUENEME,0.0,28.716596901384897,57.270778156135705,28934474.0,9644824.666666666,64439.0,19861
PORT HUENEME CBC BASE,0.0,16.1168002806027,28.0237104300668,,,52727.0,2295
PORTER RANCH,0.0,18.735895305423398,35.0548618993568,,,125625.5,34254
PORTERVILLE,0.46153846153846206,39.688378548006796,75.5643839071762,76858668.0,25619556.0,42595.0,75022
PORTOLA,0.0,20.007909809827,38.2519863791146,2296307.0,765435.6666666665,53169.0,4409
PORTOLA VALLEY,0.0,6.978811377296361,6.558204061041749,14286017.0,4762005.666666667,237163.0,7148
POTTER VALLEY,0.0,16.4279115548473,28.8560978685837,,,59348.0,1869
POWAY,0.0,8.37468969335136,9.38958254508765,126283810.0,42094603.333333336,117856.0,44333
QUINCY,0.0,16.8163341161032,29.9281119939463,,,53581.0,5446
RAMONA,0.0,10.1613096287414,13.3560348089293,,,109508.5,40288
RANCHO CORDOVA,0.125,29.314383280847398,58.2355908689621,192261851.0,64087283.66666666,65921.5,69032
RANCHO CUCAMONGA,0.178571428571429,21.703751609652098,42.3634758481524,343237966.0,114412655.33333331,89000.0,176646
RANCHO MIRAGE,0.0,8.919009469850481,10.707529322739301,75260542.0,25086847.33333333,82097.0,17140
RANCHO PALOS VERDES,0.0,5.618139311436041,3.9727582292848997,89577373.0,29859124.33333333,143721.0,44864
RANCHO SANTA FE,0.0,5.9809745018036695,4.65380249716232,,,135990.0,4538
RANCHO SANTA MARGARITA,0.0,9.39980813783459,11.760625551772002,49267492.0,16422497.333333336,107389.0,36433
RAYMOND,0.0,12.8493818899991,19.7124479757851,,,55694.0,2161
RED BLUFF,0.0,25.6831351730616,51.0846260562492,28947329.0,9649109.666666666,40948.5,34100
REDDING,0.0,13.8437985568086,22.033043258922895,160494100.0,53498033.33333334,59235.0,109737
REDLANDS,0.2,29.6401451155796,58.6707024845504,164891744.0,54963914.66666666,75192.0,93523
REDONDO BEACH,0.0,12.3021064742044,18.3945011981334,197197476.0,65732492.0,111585.5,72275
REDWOOD CITY,0.0416666666666667,14.003655360692802,22.663639803253897,334832466.0,111610822.0,132742.0,121495
REDWOOD VALLEY,0.0,15.2828917431994,26.529196620002605,,,60312.5,10311
REEDLEY,0.857142857142857,47.793404981258895,86.5430697439778,23335581.0,7778527.0,44375.0,40225
RESCUE,0.0,4.99804518689714,3.91600454029512,,,131267.5,9409
RESEDA,0.375,38.0452445284536,73.237482658595,,,67302.5,84394
RIALTO,0.631578947368421,41.4865769924517,78.1435237734897,191595962.0,63865320.66666666,58785.0,103564
RICHMOND,0.5,38.486766881289604,73.3446840711313,518244183.0,172748061.0,58935.5,88242
RIDGECREST,0.0,18.956271619860303,35.653928616471205,37862877.0,12620959.0,68924.0,37182
RIO LINDA,0.0,22.0190841074355,43.006684323369896,,,67375.0,12856
RIO VISTA,0.0,38.6644469315739,74.0068104426788,15552814.0,5184271.333333333,68284.0,10676
RIPON,0.0,29.070208274442603,57.8761508386934,23370019.0,7790006.333333332,83600.0,17867
RIVERBANK,1.0,48.905259453095894,87.5772480766806,22223025.0,7407675.0,58165.5,16110
RIVERDALE,1.0,44.340867429461404,82.0658342792281,,,50434.0,5221
RIVERSIDE,0.517241379310345,40.4002048106698,76.60486820532229,681367606.0,227122535.3333333,68143.5,464021
ROCKLIN,0.0,7.61690350567392,7.57977046285786,123847771.0,41282590.333333336,94821.0,63112
RODEO,1.0,43.455023871970205,80.84247698322609,,,59567.0,6285
ROHNERT PARK,0.0,12.9358932572683,19.8637911464245,88150550.0,29383516.66666667,65119.0,38042
ROSAMOND,0.0,30.4749195527912,60.442678774120395,,,62114.5,28292
ROSEMEAD,0.5,39.6414039865453,75.4634884600833,59057151.0,19685717.0,61046.0,61315
ROSEVILLE,0.0,13.037381608561402,20.17908941859,319452085.0,106484028.33333331,88314.5,142410
ROUGH AND READY,0.0,6.66399170738226,5.97805524025728,,,64517.0,5783
ROWLAND HEIGHTS,0.0,17.787375870367697,32.6270652036827,,,74167.0,48682
RUNNING SPRINGS,0.0,22.9091469856169,44.96153361079579,,,61813.0,3232
SACRAMENTO,0.23863636363636398,29.216647896118303,58.0653298019927,1263401000.0,421133666.6666667,57258.5,821850
SAINT HELENA,0.0,15.801064353328,27.317442300416197,,,91889.0,7947
SALINAS,0.05,26.3347002734365,52.5539160045403,389086044.0,129695348.0,71607.0,199851
SAN ANSELMO,0.0,3.97313225053233,1.87917770210619,52211107.0,17403702.333333332,142072.5,17184
SAN BERNARDINO,0.7254901960784309,46.910617614063206,85.3575482406357,335935687.0,111978562.33333331,47970.5,278008
SAN BRUNO,0.111111111111111,15.977545784455499,27.670576365241498,98367969.0,32789323.0,122308.0,43101
SAN CARLOS,0.0,7.88044423878189,8.17253121452895,114221909.0,38073969.66666666,189914.0,32112
SAN CLEMENTE,0.0,9.600714665953491,12.3092445453399,152683380.0,50894460.0,104167.0,54350
SAN DIEGO,0.0957854406130268,17.195148199201697,30.8235590868962,4139432802.0,1379810934.0,77448.0,1335542
SAN DIMAS,0.0,26.5281947814563,52.932273931138894,64385465.0,21461821.666666668,95046.0,35444
SAN FERNANDO,0.42857142857142894,38.0681355732225,73.237482658595,64328330.0,21442776.666666668,58194.0,40260
SAN FRANCISCO,0.0612244897959184,14.761339063824101,24.536511539916802,13200899836.0,4400299945.333333,115882.5,874961
SAN GABRIEL,0.153846153846154,25.3299701217892,50.43511161558829,92436618.0,30812206.0,70618.0,62324
SAN GERONIMO,0.0,1.8482890670992198,0.29007441039223103,,,97321.0,3371
SAN JACINTO,0.1,28.181486856086696,56.2870475469795,40924212.0,13641404.0,50020.0,61157
SAN JOSE,0.0707070707070707,19.2547818766575,36.435868331441604,2915456970.0,971818990.0,108125.0,1047701
SAN JUAN BAUTISTA,0.0,27.235030816833,54.306974397780294,4032237.0,1344079.0,92423.0,6263
SAN JUAN CAPISTRANO,0.0,11.7721443127987,16.9504351116156,76673622.0,25557874.0,135917.0,68270
SAN LEANDRO,0.136363636363636,30.2697555592203,59.9697313658722,289621805.0,96540601.66666669,78295.0,118450
SAN LORENZO,0.0,23.832735650911697,47.1686215159541,,,96856.5,30688
SAN LUIS OBISPO,0.0,11.850253691707001,17.2405095220078,176469386.0,58823128.66666666,69512.0,65313
SAN MARCOS,0.0,17.274007491320802,31.0253499810821,139994787.0,46664929.0,77292.5,96792
SAN MARINO,0.0,8.69305242935441,10.165216294614698,61287251.0,20429083.666666668,165208.5,13194
SAN MARTIN,0.0,27.367486979450998,54.69163828982221,,,112964.5,9665
SAN MATEO,0.0,12.210178935887699,18.1737924076176,343379295.0,114459765.0,144479.0,143097
SAN PABLO,0.45454545454545503,37.9116171404785,73.0356917644091,122697588.0,40899196.0,64327.0,63422
SAN PEDRO,0.4782608695652171,32.133393538797804,63.3118930508261,,,65436.5,84077
SAN QUENTIN,0.0,,,,,,2649
SAN RAFAEL,0.0,10.7267688441787,14.6676756211376,210321883.0,70107294.33333333,96313.0,72139
SAN RAMON,0.0,6.17798924603575,5.03216042376088,124315838.0,41438612.66666666,149437.5,86097
SAN YSIDRO,0.2,36.6618046535295,71.20696178584942,,,46723.0,28880
SANGER,0.375,33.8149916150878,66.1243536385421,31723224.0,10574408.0,73114.5,47464
SANTA ANA,0.28333333333333305,34.304308643129694,67.2215916256779,599152417.0,199717472.3333333,72977.0,369465
SANTA BARBARA,0.0,10.428819892547901,14.0749148694665,343060421.0,114353473.66666669,94509.0,145719
SANTA CLARA,0.0454545454545455,18.574195907834397,34.6891159036448,433776626.0,144592208.66666666,124125.0,125772
SANTA CLARITA,0.0,11.457891934910199,16.0297641568924,331043409.0,110347803.0,113299.0,51656
SANTA CRUZ,0.0,12.709880034619902,19.4223735653929,227343878.0,75781292.66666667,83911.0,106510
SANTA FE SPRINGS,0.8,52.7143718021222,91.36713330810949,135887977.0,45295992.33333334,62907.5,20785
SANTA MARGARITA,0.0,16.0628671826038,27.8723672594274,,,94133.0,6793
SANTA MARIA,0.0,20.816781437773603,40.35817883718,176067163.0,58689054.33333334,73568.5,158111
SANTA MONICA,0.0526315789473684,21.468409172107503,41.9977298524404,833735521.0,277911840.3333333,95417.0,91577
SANTA PAULA,0.0,23.023197832754697,45.21377222852821,34632590.0,11544196.666666664,69960.0,39386
SANTA ROSA,0.0256410256410256,17.334827154699198,31.2019170134948,408725410.0,136241803.33333334,76341.0,219348
SANTEE,0.0,12.7248074717707,19.4160675999496,106099208.0,35366402.666666664,98436.0,75659
SARATOGA,0.0,6.43364329095487,5.53033169378232,56055186.0,18685062.0,194503.0,30858
SAUSALITO,0.0,9.616915982216671,12.3344684071131,39365612.0,13121870.666666664,105913.0,10548
SCOTIA,0.0,21.772490540854697,42.5904906041115,,,39778.0,4347
SCOTTS VALLEY,0.0,6.99732760497797,6.58342792281498,31563210.0,10521070.0,107500.0,8746
SEAL BEACH,0.0,17.3844201097106,31.3784840459074,71203324.0,23734441.33333333,100069.0,22214
SEASIDE,0.0,16.8242578444118,29.921806028503,86167784.0,28722594.66666667,56359.0,26914
SEBASTOPOL,0.0,11.819402906823301,17.139614074914903,24836702.0,8278900.666666668,92198.0,25746
SELMA,1.0,50.50260284874349,89.3744482280237,42445076.0,14148358.666666664,46896.5,35199
SHAFTER,1.0,46.8733750178413,85.2881826207592,63669637.0,21223212.33333333,46052.0,23656
SHANDON,0.0,18.4512407509419,34.3675116660361,,,87311.0,9434
SHASTA LAKE,0.0,11.4025100358369,15.9162567789129,11664115.0,3888038.333333334,50435.0,9210
SHAVER LAKE,0.0,14.155878905630699,22.8149829738933,,,73239.0,2779
SHERMAN OAKS,0.0,24.465509147816,48.8712321856476,,,89674.0,53155
SHINGLE SPRINGS,0.0,9.49610814473972,11.975028376844499,,,86543.5,34244
SHINGLETOWN,0.0,14.109992700390698,23.0104679026359,,,51879.0,6282
SIERRA MADRE,0.0,9.88327604338099,12.719132299155,29286014.0,9762004.666666666,101167.5,10932
SIGNAL HILL,0.33333333333333304,38.9397810981153,74.3221087148442,59476470.0,19825490.0,75040.0,11545
SILVERADO,0.0,12.5224388317824,19.0187917770211,,,102031.0,1639
SIMI VALLEY,0.0,17.596768712259898,32.0090805902384,193391526.0,64463842.0,93237.0,128176
SLOUGHHOUSE,0.0,14.3841489797019,23.420355656451,,,104901.0,6999
SNELLING,1.0,43.948727311104605,81.53613318199021,,,67727.0,2389
SODA SPRINGS,0.0,17.0918482583685,30.583932400050397,,,56500.0,3754
SOLANA BEACH,0.0,6.78249303367045,6.2050699962164195,47156428.0,15718809.333333336,114972.0,12164
SOLEDAD,0.0,26.248129367704703,52.3773489721276,26247590.0,8749196.666666666,66655.5,24958
SOLVANG,0.0,11.3613743232722,15.878420986253,24223243.0,8074414.333333332,82940.0,6445
SOMERSET,0.0,11.4773255523196,16.1054357422121,,,55184.0,5889
SOMES BAR,0.0,12.1512970815109,17.9467776516585,,,36960.0,1834
SOMIS,0.0,22.2021174157036,43.410266111741706,,,98565.0,8366
SONOMA,0.0,13.3818762050311,21.030394753436802,42831807.0,14277269.0,82737.5,36263
SONORA,0.0,19.8869936180701,37.3439273552781,20450527.0,6816842.333333332,56070.0,21270
SOQUEL,0.0,6.35626083219944,5.37268255769958,,,105221.0,3229
SOUTH EL MONTE,1.0,55.1230783697532,93.2652289065456,39193055.0,13064351.666666664,49417.5,39515
SOUTH GATE,0.7619047619047621,52.1543068661316,90.9067978307479,121852000.0,40617333.333333336,49813.0,97229
SOUTH LAKE TAHOE,0.0,14.432813093051,23.647370412410197,128893074.0,42964358.0,63703.5,30165
SOUTH PASADENA,0.0,10.4622880087923,14.125362593013001,69222562.0,23074187.33333333,120521.0,25661
SOUTH SAN FRANCISCO,0.18181818181818202,18.2830425015593,33.9765418085509,294543622.0,98181207.33333331,106402.0,67118
SOUTHEAST TRINITY COUNTY,0.0,8.569741274292099,9.837306091562619,,,26600.0,894
SPRING VALLEY,0.0,20.6370775393812,39.9293731870349,,,70625.0,65340
SPRINGVILLE,0.0,22.3829425216996,43.8264598310001,,,44020.0,5237
STANFORD,0.0,8.874482723173529,10.8651784588221,,,63000.0,20872
STANTON,0.33333333333333304,35.1609490065858,68.14226258040111,56603390.0,18867796.666666668,54660.0,32441
STEVENSON RANCH,0.0,13.8480848545227,22.9347963173162,,,134546.5,12035
STEVINSON,1.0,41.1747309331318,77.65165846891159,,,40714.0,1526
STINSON BEACH,0.0,4.196827138613339,2.1566401816118,,,85903.0,1825
STOCKTON,0.6301369863013699,42.246057597418705,79.1398663135326,702319574.0,234106524.66666663,49219.0,363335
STONYFORD,0.0,21.433229195618697,41.909446336234105,,,51806.0,2252
STRATHMORE,1.0,47.4011935226312,85.98814478496661,,,38580.0,8019
STRAWBERRY VALLEY,0.0,15.060347486656001,25.2490856350107,,,64844.0,1142
STUDIO CITY,0.0,20.854776715926302,39.9987388069114,,,112382.0,30866
SUISUN CITY,0.0,20.6679994091479,40.01765670324129,31694227.0,10564742.333333334,79974.0,26469
SUN CITY,0.0,23.040339011424397,45.2642199520747,,,69531.0,63822
SUN VALLEY,0.8,55.906713785205795,93.8706015891033,,,54947.0,48393
SUNLAND,0.0,26.067389439154702,51.425148190187905,,,94900.5,28057
SUNNYVALE,0.0,15.6736272288374,26.926472442930997,450307639.0,150102546.33333334,146566.0,159933
SUNSET BEACH,0.0,5.86513478190712,4.41417581031656,,,85000.0,919
SUSANVILLE,0.0,15.433119678947001,26.2580401059402,15682156.0,5227385.333333333,53983.5,11057
SUTTER CREEK,0.0,26.540646555383397,52.9574977929121,4552576.0,1517525.333333333,56864.0,4675
SYLMAR,0.272727272727273,33.8878706781717,66.5279354269139,,,79703.0,86812
TAFT,0.666666666666667,39.726412437606,75.621137596166,12051096.0,4017032.0,35718.0,17248
TAHOE CITY,0.0,6.48570999608995,5.593391348215411,,,76245.5,2117
TAHOMA,0.0,6.738090768665219,6.1420103417833305,,,68077.0,415
TARZANA,0.125,32.372121987648605,63.728086770084495,,,125579.0,29785
TEHACHAPI,0.0,20.035306803786103,38.3717997225376,20582239.0,6860746.333333332,68240.5,28375
TEMECULA,0.0,15.2136998831456,25.671585319712502,276748683.0,92249561.0,99653.0,127231
TEMPLE CITY,0.0,30.376679936700803,60.221969983604495,36837403.0,12279134.333333336,75078.0,34176
TEMPLETON,0.0,10.6595058444796,14.7685710682306,,,92588.0,14011
TERMO,0.0,15.8205255951178,27.3552780930761,,,43207.0,1445
THERMAL,0.0,35.1375387823351,68.608904023206,,,31171.0,22326
THOUSAND OAKS,0.0,11.339889270123502,16.1369655694287,226976306.0,75658768.66666667,121187.5,79305
THOUSAND PALMS,0.0,16.4981927142248,29.095724555429502,,,49495.0,7205
THREE RIVERS,0.0,23.0637264519697,45.3146676756211,,,74836.0,4845
TIPTON,1.0,44.871668820511104,82.633371169126,,,34964.0,7396
TOPANGA,0.0,8.15241123263671,8.82835162063312,,,130703.0,7213
TORRANCE,0.162162162162162,25.3269619481233,50.4792533736915,512015370.0,170671790.0,89463.5,182791
TRABUCO CANYON,0.0,4.51023622126388,2.4593265228906502,,,164583.0,26770
TRACY,0.25,33.5751184082983,65.8468911590365,226114037.0,75371345.66666667,82916.5,123469
TRAVIS AFB,0.0,15.313930964995,25.873376213898396,,,69369.0,3952
TRINIDAD,0.0,13.0274848000897,20.1286416950435,1812274.0,604091.3333333335,47583.0,2775
TRUCKEE,0.0,6.40704028123351,5.5240257283390095,82745031.0,27581677.0,110808.0,18279
TUJUNGA,0.0,24.645783473970603,48.8081725312146,,,69336.5,25105
TULARE,0.42857142857142894,39.04573035784421,74.5049817127002,111458928.0,37152976.0,47017.0,72613
TURLOCK,0.5714285714285711,44.2910868519657,81.9018791777021,114732146.0,38244048.66666666,48939.5,78062
TUSTIN,0.0,22.6283403086644,44.393996720898,159816348.0,53272116.0,88761.0,88473
TWENTYNINE PALMS,0.0,15.8415276572751,27.519233194602105,28669722.0,9556574.0,44632.0,28961
UKIAH,0.0,24.680631932132396,49.3126497666793,50276065.0,16758688.333333336,49135.0,26453
UNION CITY,0.125,23.399883823663398,46.0903014251482,154635136.0,51545045.33333334,116875.0,81064
UNIVERSAL CITY,1.0,,,,,,0
UPLAND,0.444444444444444,29.0570273022943,57.5230167738681,108434830.0,36144943.333333336,77372.5,79787
VACAVILLE,0.0,17.037000484081698,30.5082608147308,261334918.0,87111639.33333333,94659.0,106828
VALENCIA,0.0,13.6879637262731,21.692521124984196,,,111042.0,70275
VALLEJO,0.161290322580645,24.2948173438712,48.455038466389205,263619424.0,87873141.33333333,70417.0,122876
VALLEY CENTER,0.0,12.284179867146802,18.325135578257,,,96978.0,18293
VALLEY SPRINGS,0.0,20.839728518538198,40.049186530457796,,,72865.0,17895
VALLEY VILLAGE,0.0,30.4473901520214,60.335477361584104,,,73593.5,24842
VALYERMO,0.0,15.1320197594313,25.43826459831,,,84219.0,796
VAN NUYS,0.666666666666667,45.325259107585296,83.3396392987766,,,50252.5,179670
VENICE,0.0,21.683999827846797,42.426535502585395,,,96719.0,26751
VENTURA,0.08,19.7821103948556,37.810568798083,278789652.0,92929884.0,78115.0,109566
VICTORVILLE,0.1875,33.1444064662898,65.165846891159,170667834.0,56889278.0,54880.0,135177
VILLA PARK,0.0,5.400798826375429,3.63223609534619,9268433.0,3089477.666666666,166640.5,5850
VISALIA,0.33333333333333304,33.892560841359604,66.4459578761509,269522684.0,89840894.66666667,58713.0,159505
VISTA,0.0,17.225542059673902,31.063185773742,188933331.0,62977777.0,76199.0,109549
WALNUT,0.0,20.8142271267512,40.3518728717367,32266572.0,10755524.0,98958.5,37467
WALNUT CREEK,0.0,9.0488538661934,10.947156009585099,183611285.0,61203761.66666666,122536.5,97658
WALNUT GROVE,0.0,27.5318573009543,54.8745112876781,,,54900.0,3571
WARNER SPRINGS,0.0,13.879383082676,22.1717744986757,,,50156.0,3045
WASCO,0.5,48.1169237359895,86.84575608525671,23647051.0,7882350.333333332,43879.0,27297
WATERFORD,0.0,34.0318515023823,66.7801740446462,7824424.0,2608141.333333333,67881.0,5823
WATSONVILLE,0.133333333333333,22.8393202942374,44.74713078572329,115522757.0,38507585.66666666,68214.0,88671
WEED,0.0,32.2986965763612,63.62719132299151,7597767.0,2532589.0,53088.0,7510
WELDON,0.0,28.816048998936896,57.459957119434996,,,36672.0,4942
WEST COVINA,0.166666666666667,31.516248474517997,62.2714087526801,167832707.0,55944235.66666666,88330.5,104339
WEST HILLS,0.0,15.077699845203,25.299533358557202,,,121250.0,30112
WEST HOLLYWOOD,0.0,19.0764812371888,35.9818388195233,221253537.0,73751179.0,94315.0,20977
WEST SACRAMENTO,0.375,29.459992504130103,57.8698448732501,202036329.0,67345443.0,82773.5,45454
WESTLAKE VILLAGE,0.0,11.599060016312402,16.445957876150903,37535299.0,12511766.333333336,110840.5,17146
WESTMINSTER,0.17647058823529396,30.1993888927042,59.8310001261193,157076450.0,52358816.66666666,64391.0,88853
WESTMORLAND,1.0,46.1461073211682,84.4242653550259,2050812.0,683604.0,35875.0,2728
WHEATLAND,0.0,25.7519471623153,51.242275192331896,6414899.0,2138299.666666666,77303.0,4652
WHITE WATER,0.0,20.1037121712213,38.5420607895069,,,38514.0,1332
WHITTIER,0.4,36.5148097345115,70.8601336864674,129417527.0,43139175.66666666,74819.0,183516
WILDOMAR,0.0,22.919263281156102,45.0245932652289,29236953.0,9745651.0,85335.0,34552
WILLIAMS,0.0,25.818314264099804,51.406230293858,11785217.0,3928405.666666666,66143.0,5963
WILLITS,0.0,19.9264286671577,37.741203178206604,12618622.0,4206207.333333333,47007.0,12690
WILLOWS,0.0,35.1167246985587,68.6341278849792,10963024.0,3654341.333333334,44004.0,7118
WILMINGTON,1.0,52.694101265247895,91.2410139992433,,,49965.5,55198
WILSEYVILLE,0.0,12.2722669065939,18.2746878547106,,,37679.0,2722
WILTON,0.0,18.0026785957142,32.9865052339514,,,93375.5,7963
WINCHESTER,0.0,18.826420612584897,35.2755706898726,,,113571.0,49302
WINDSOR,0.0,16.0893072530271,28.2381132551394,50138809.0,16712936.333333336,105544.0,21434
WINNETKA,0.5,38.8644483043798,74.397780300164,,,68063.0,52729
WINTERHAVEN,0.0,26.5036418394941,48.7072770841216,,,22199.0,2377
WINTERS,0.0,18.637395688495,34.8089292470677,12120624.0,4040208.0,85861.0,9111
WINTON,1.0,42.8365181548642,79.9785597174927,,,48057.5,9800
WOFFORD HEIGHTS,0.5,38.7849985518581,73.64106444696691,,,33248.5,10485
WOODLAKE,0.0,35.5479061662209,69.1386051204439,9957098.0,3319032.666666666,40310.5,8453
WOODLAND,0.0,19.0314106667702,35.8683314415437,134378568.0,44792856.0,71184.0,68805
WOODLAND HILLS,0.0,19.1158625866361,36.1016521629462,,,106111.0,54985
WRIGHTWOOD,0.0,14.7438286582814,24.5049817127002,,,64841.0,3984
YORBA LINDA,0.0,14.3793023387005,23.4329675873377,108191037.0,36063679.0,137520.5,63982
YOSEMITE NATIONAL PARK,0.0,20.1476909671346,38.743851683692796,,,55994.0,1702
YOUNTVILLE,0.0,10.848487787828901,14.9073023079834,32212771.0,10737590.333333334,69300.0,2987
YREKA,0.0,20.946432660606302,40.623029385799,18300411.0,6100137.0,47258.0,11567
YUBA CITY,0.0625,25.733872666083396,51.2359692268886,95292052.0,31764017.33333333,60333.5,77902
YUCAIPA,0.0,20.9040755787458,40.35817883718,57240312.0,19080104.0,65956.0,53712
YUCCA VALLEY,0.0,18.196598743915697,33.7116912599319,42210569.0,14070189.666666664,36509.0,17367
ZAMORA,0.0,29.9492063809991,59.33913482154121,,,50129.0,4076
