,City,2016-2017,2017-2018,2018-2019,Total Tax Revenue,Average Tax Revenue
0,Adelanto,6407577.0,8379208,8842082.0,23628867.0,7876289.0
1,Agoura Hills,19346497.0,20776976,18491359.0,58614832.0,19538277.333333332
2,Alameda,82392105.0,104149055,95816394.0,282357554.0,94119184.66666667
3,Albany,18946529.0,19815521,18580640.0,57342690.0,19114230.0
4,Alhambra,48888081.0,54145658,51948185.0,154981924.0,51660641.333333336
5,Aliso Viejo,16869086.0,19013189,18681521.0,54563796.0,18187932.0
6,Alturas,1534805.0,1472951,1409116.0,4416872.0,1472290.6666666667
7,Amador,82711.0,102684,83985.0,269380.0,89793.33333333333
8,American Canyon,16937372.0,30838963,20560644.0,68336979.0,22778993.0
9,Anaheim,325443357.0,348255926,330526199.0,1004225482.0,334741827.3333333
10,Anderson,6949930.0,7908419,7709568.0,22567917.0,7522639.0
11,Angels,2809048.0,3151255,2870915.0,8831218.0,2943739.3333333335
12,Antioch,46733208.0,56914435,52357193.0,156004836.0,52001612.0
13,Apple Valley,26315541.0,26767977,28755697.0,81839215.0,27279738.333333332
14,Arcadia,49170035.0,52953359,50426132.0,152549526.0,50849842.0
15,Arcata,10919206.0,11935315,11339036.0,34193557.0,11397852.333333334
16,Arroyo Grande,14552411.0,14383619,14946433.0,43882463.0,14627487.666666666
17,Artesia,8206270.0,8573738,7394113.0,24174121.0,8058040.333333333
18,Arvin,4990479.0,5525217,5244275.0,15759971.0,5253323.666666667
19,Atascadero,19101715.0,20851518,20996122.0,60949355.0,20316451.666666668
20,Atherton,14333116.0,16512613,15276181.0,46121910.0,15373970.0
21,Atwater,10925131.0,12229862,12149222.0,35304215.0,11768071.666666666
22,Auburn,10781872.0,12617851,11041824.0,34441547.0,11480515.666666666
23,Avalon,9938943.0,12649099,9477892.0,32065934.0,10688644.666666666
24,Avenal,3310752.0,3618672,3336041.0,10265465.0,3421821.6666666665
25,Azusa,30384048.0,33818155,31758282.0,95960485.0,31986828.333333332
26,Bakersfield,167312217.0,202998974,177062601.0,547373792.0,182457930.66666666
27,Baldwin Park,26736389.0,31308266,29842593.0,87887248.0,29295749.333333332
28,Banning,10362297.0,11841315,10978780.0,33182392.0,11060797.333333334
29,Barstow,17369119.0,25584577,25043006.0,67996702.0,22665567.333333332
30,Beaumont,15720734.0,19131849,17306312.0,52158895.0,17386298.333333332
31,Bell,16560969.0,16663994,18542778.0,51767741.0,17255913.666666668
32,Bell Gardens,24829027.0,28072190,25791442.0,78692659.0,26230886.333333332
33,Bellflower,28146832.0,30592810,29220082.0,87959724.0,29319908.0
34,Belmont,17869497.0,34338437,31757606.0,83965540.0,27988513.333333332
35,Belvedere,5620632.0,6295299,6658760.0,18574691.0,6191563.666666667
36,Benicia,35930024.0,40290362,40600963.0,116821349.0,38940449.666666664
37,Berkeley,184922053.0,194538633,200290932.0,579751618.0,193250539.33333334
38,Beverly Hills,194096411.0,218115167,211905933.0,624117511.0,208039170.33333334
39,Big Bear Lake,13024399.0,21093573,18780564.0,52898536.0,17632845.333333332
40,Biggs,477957.0,535849,475245.0,1489051.0,496350.3333333333
41,Bishop,6134252.0,6723638,6301812.0,19159702.0,6386567.333333333
42,Blue Lake,541713.0,497205,453504.0,1492422.0,497474.0
43,Blythe,6282289.0,6254624,6450479.0,18987392.0,6329130.666666667
44,Bradbury,950240.0,904760,1032360.0,2887360.0,962453.3333333334
45,Brawley,10341531.0,11185716,10859128.0,32386375.0,10795458.333333334
46,Brea,43955647.0,50434867,44566862.0,138957376.0,46319125.333333336
47,Brentwood,40232319.0,44713555,45750480.0,130696354.0,43565451.333333336
48,Brisbane,14613302.0,19219601,14929038.0,48761941.0,16253980.333333334
49,Buellton,6784801.0,8475840,7711654.0,22972295.0,7657431.666666667
50,Buena Park,53030630.0,60583750,54755059.0,168369439.0,56123146.333333336
51,Burbank,124611488.0,136843569,131019749.0,392474806.0,130824935.33333333
52,Burlingame,65917535.0,73639921,65093241.0,204650697.0,68216899.0
53,Calabasas,23519568.0,24290541,27475186.0,75285295.0,25095098.333333332
54,Calexico,13922224.0,16492528,14477657.0,44892409.0,14964136.333333334
55,California City,9507883.0,11017282,9941217.0,30466382.0,10155460.666666666
56,Calimesa,4154895.0,5064576,4623157.0,13842628.0,4614209.333333333
57,Calipatria,851109.0,1070230,927584.0,2848923.0,949641.0
58,Calistoga,10421116.0,11545128,14473908.0,36440152.0,12146717.333333334
59,Camarillo,37491583.0,41720831,39454801.0,118667215.0,39555738.333333336
60,Campbell,37855239.0,42363924,40552761.0,120771924.0,40257308.0
61,Canyon Lake,4392397.0,5052819,4728093.0,14173309.0,4724436.333333333
62,Capitola,12529934.0,15594108,13509654.0,41633696.0,13877898.666666666
63,Carlsbad,132080967.0,152410210,138502647.0,422993824.0,140997941.33333334
64,Carmel-By-The-Sea,19130201.0,20829241,19623999.0,59583441.0,19861147.0
65,Carpinteria,9448635.0,10917083,10231891.0,30597609.0,10199203.0
66,Carson,63991006.0,78021632,66772081.0,208784719.0,69594906.33333333
67,Cathedral City,31134801.0,51648035,45733061.0,128515897.0,42838632.333333336
68,Ceres,15552448.0,19915379,18246152.0,53713979.0,17904659.666666668
69,Cerritos,52271882.0,53699084,52057738.0,158028704.0,52676234.666666664
70,Chico,48188508.0,60456150,53695460.0,162340118.0,54113372.666666664
71,Chino,52370361.0,63593296,57199194.0,173162851.0,57720950.333333336
72,Chino Hills,27585557.0,28934723,30044563.0,86564843.0,28854947.666666668
73,Chowchilla,6512626.0,6608278,5934161.0,19055065.0,6351688.333333333
74,Chula Vista,130149849.0,162899046,141339936.0,434388831.0,144796277.0
75,Citrus Heights,35182262.0,31359779,36073151.0,102615192.0,34205064.0
76,Claremont,22494565.0,25285133,24189881.0,71969579.0,23989859.666666668
77,Clayton,4804978.0,5032296,5057593.0,14894867.0,4964955.666666667
78,Clearlake,5619956.0,7017319,7846720.0,20483995.0,6827998.333333333
79,Cloverdale,5555664.0,6315863,6308246.0,18179773.0,6059924.333333333
80,Clovis,52756559.0,62152987,57888721.0,172798267.0,57599422.333333336
81,Coachella,17659275.0,19920776,17512893.0,55092944.0,18364314.666666668
82,Coalinga,4546088.0,4372966,4227805.0,13146859.0,4382286.333333333
83,Colfax,1816463.0,2198347,2110033.0,6124843.0,2041614.3333333333
84,Colma,16253095.0,17419225,16531915.0,50204235.0,16734745.0
85,Colton,22476647.0,27668304,24360431.0,74505382.0,24835127.333333332
86,Colusa,3062159.0,3596526,3196953.0,9855638.0,3285212.6666666665
87,Commerce,62634016.0,73867877,68207739.0,204709632.0,68236544.0
88,Compton,41460630.0,76502736,73854851.0,191818217.0,63939405.666666664
89,Concord,89362033.0,105769889,94852078.0,289984000.0,96661333.33333333
90,Corcoran,4118180.0,6007838,4775043.0,14901061.0,4967020.333333333
91,Corning,5051121.0,6549952,5875968.0,17477041.0,5825680.333333333
92,Corona,98520413.0,109101408,96252439.0,303874260.0,101291420.0
93,Coronado,47053783.0,52117931,49799920.0,148971634.0,49657211.333333336
94,Corte Madera,19431000.0,23584048,19229880.0,62244928.0,20748309.333333332
95,Costa Mesa,114238502.0,128761666,112838244.0,355838412.0,118612804.0
96,Cotati,6329469.0,7857470,6473254.0,20660193.0,6886731.0
97,Covina,30416048.0,36449120,32226807.0,99091975.0,33030658.333333332
98,Crescent City,3765167.0,4043465,3953470.0,11762102.0,3920700.6666666665
99,Cudahy,7299834.0,7853178,7740862.0,22893874.0,7631291.333333333
100,Culver City,84292234.0,95366840,91895403.0,271554477.0,90518159.0
101,Cupertino,62924867.0,69533770,63988969.0,196447606.0,65482535.333333336
102,Cypress,26795085.0,36030183,34086309.0,96911577.0,32303859.0
103,Daly City,62248596.0,74518434,63981541.0,200748571.0,66916190.333333336
104,Dana Point,33460846.0,36759936,35271763.0,105492545.0,35164181.666666664
105,Danville,23028191.0,25268211,24268923.0,72565325.0,24188441.666666668
106,Davis,49974973.0,56269654,52617031.0,158861658.0,52953886.0
107,Del Mar,12489871.0,15395012,15021223.0,42906106.0,14302035.333333334
108,Del Rey Oaks,2451848.0,3473750,2982952.0,8908550.0,2969516.6666666665
109,Delano,20075351.0,23667186,23582729.0,67325266.0,22441755.333333332
110,Desert Hot Springs,11080534.0,16364018,13092287.0,40536839.0,13512279.666666666
111,Diamond Bar,20322730.0,23546671,21943614.0,65813015.0,21937671.666666668
112,Dinuba,18015819.0,17500962,15204257.0,50721038.0,16907012.666666668
113,Dixon,17092491.0,21201443,17432917.0,55726851.0,18575617.0
114,Dorris,228361.0,217553,227755.0,673669.0,224556.33333333334
115,Dos Palos,1310516.0,1577804,1648437.0,4536757.0,1512252.3333333333
116,Downey,60282940.0,84345016,76207980.0,220835936.0,73611978.66666667
117,Duarte,11250076.0,12511227,11647201.0,35408504.0,11802834.666666666
118,Dublin,89917716.0,98379619,95420691.0,283718026.0,94572675.33333333
119,Dunsmuir,927563.0,1018569,977733.0,2923865.0,974621.6666666666
120,East Palo Alto,23391271.0,29216213,27842021.0,80449505.0,26816501.666666668
121,Eastvale,19008981.0,26786941,25260349.0,71056271.0,23685423.666666668
122,El Cajon,62110222.0,68145967,65513857.0,195770046.0,65256682.0
123,El Centro,22815432.0,33651858,31482328.0,87949618.0,29316539.333333332
124,El Cerrito,20609659.0,27255464,20665101.0,68530224.0,22843408.0
125,El Monte,68737249.0,76999412,73393625.0,219130286.0,73043428.66666667
126,El Paso De Robles,36112754.0,40024186,38389904.0,114526844.0,38175614.666666664
127,El Segundo,61690325.0,67932407,65155349.0,194778081.0,64926027.0
128,Elk Grove,65505597.0,72576109,68969125.0,207050831.0,69016943.66666667
129,Emeryville,41130640.0,47275831,46504421.0,134910892.0,44970297.333333336
130,Encinitas,60545460.0,68018099,64453977.0,193017536.0,64339178.666666664
131,Escalon,3172079.0,3941791,3166106.0,10279976.0,3426658.6666666665
132,Escondido,78150933.0,82912137,82328217.0,243391287.0,81130429.0
133,Etna,288536.0,290482,280813.0,859831.0,286610.3333333333
134,Eureka,26018636.0,26251629,26218187.0,78488452.0,26162817.333333332
135,Exeter,3778531.0,4561902,4344483.0,12684916.0,4228305.333333333
136,Fairfax,8862831.0,9510276,9516555.0,27889662.0,9296554.0
137,Fairfield,97558098.0,104521152,102143181.0,304222431.0,101407477.0
138,Farmersville,4916070.0,3601696,5689894.0,14207660.0,4735886.666666667
139,Ferndale,757136.0,758917,778425.0,2294478.0,764826.0
140,Fillmore,6125987.0,6175434,6296286.0,18597707.0,6199235.666666667
141,Firebaugh,3140548.0,3587049,3533461.0,10261058.0,3420352.6666666665
142,Folsom,66471554.0,81244989,76136635.0,223853178.0,74617726.0
143,Fontana,74511600.0,129382610,108743388.0,312637598.0,104212532.66666667
144,Fort Bragg,6154585.0,7112406,7122629.0,20389620.0,6796540.0
145,Fort Jones,287981.0,316233,286492.0,890706.0,296902.0
146,Fortuna,4957470.0,6318662,6295584.0,17571716.0,5857238.666666667
147,Foster City,14410408.0,49452291,15073587.0,78936286.0,26312095.333333332
148,Fountain Valley,37624182.0,52008609,48088953.0,137721744.0,45907248.0
149,Fowler,4212731.0,4169524,5097557.0,13479812.0,4493270.666666667
150,Fremont,224542423.0,249598398,231548339.0,705689160.0,235229720.0
151,Fresno,284553215.0,292642541,272431676.0,849627432.0,283209144.0
152,Fullerton,74480925.0,81104582,74623124.0,230208631.0,76736210.33333333
153,Galt,12593724.0,12981942,12389052.0,37964718.0,12654906.0
154,Garden Grove,97455867.0,113583734,102517554.0,313557155.0,104519051.66666667
155,Gardena,46067303.0,49835716,46768214.0,142671233.0,47557077.666666664
156,Gilroy,41720225.0,46833902,44140042.0,132694169.0,44231389.666666664
157,Glendale,157057226.0,180715817,176910053.0,514683096.0,171561032.0
158,Glendora,27952442.0,29327816,27896002.0,85176260.0,28392086.666666668
159,Goleta,23983561.0,29044336,26694247.0,79722144.0,26574048.0
160,Gonzales,3846103.0,4763183,5105216.0,13714502.0,4571500.666666667
161,Grand Terrace,4074436.0,5071469,4332487.0,13478392.0,4492797.333333333
162,Grass Valley,13062910.0,16471908,13672560.0,43207378.0,14402459.333333334
163,Greenfield,5674500.0,8592038,6859257.0,21125795.0,7041931.666666667
164,Gridley,2485696.0,2931269,2501800.0,7918765.0,2639588.3333333335
165,Grover Beach,7841531.0,10701873,8217549.0,26760953.0,8920317.666666666
166,Guadalupe,2307573.0,2751176,2501006.0,7559755.0,2519918.3333333335
167,Gustine,1960712.0,2341654,2278625.0,6580991.0,2193663.6666666665
168,Half Moon Bay,13781583.0,17552590,15014689.0,46348862.0,15449620.666666666
169,Hanford,27343390.0,27496525,28576329.0,83416244.0,27805414.666666668
170,Hawaiian Gardens,3916368.0,18023611,4338350.0,26278329.0,8759443.0
171,Hawthorne,58965139.0,74980425,63063818.0,197009382.0,65669794.0
172,Hayward,150474631.0,163714602,153035303.0,467224536.0,155741512.0
173,Healdsburg,14589506.0,17307292,15734037.0,47630835.0,15876945.0
174,Hemet,34136030.0,47211054,44587789.0,125934873.0,41978291.0
175,Hercules,10309049.0,13085539,12224679.0,35619267.0,11873089.0
176,Hermosa Beach,26976962.0,29835529,28862884.0,85675375.0,28558458.333333332
177,Hesperia,29040392.0,29434465,35984078.0,94458935.0,31486311.666666668
178,Hidden Hills,1565272.0,2274080,3468109.0,7307461.0,2435820.3333333335
179,Highland,20815455.0,20607788,22092410.0,63515653.0,21171884.333333332
180,Hillsborough,22252161.0,25062258,23596866.0,70911285.0,23637095.0
181,Hollister,19591726.0,27763684,22332993.0,69688403.0,23229467.666666668
182,Holtville,1640440.0,1841983,1923225.0,5405648.0,1801882.6666666667
183,Hughson,2042853.0,2626628,2419648.0,7089129.0,2363043.0
184,Huntington Beach,163049084.0,177448493,144484650.0,484982227.0,161660742.33333334
185,Huntington Park,27315132.0,34308379,27766022.0,89389533.0,29796511.0
186,Huron,1597519.0,1765310,1916477.0,5279306.0,1759768.6666666667
187,Imperial,6362386.0,7015827,7085032.0,20463245.0,6821081.666666667
188,Imperial Beach,11595941.0,13080139,11206204.0,35882284.0,11960761.333333334
189,Indian Wells,19377663.0,21924649,20135476.0,61437788.0,20479262.666666668
190,Indio,49632397.0,64106979,60326978.0,174066354.0,58022118.0
191,Industry,101274293.0,116020635,107482198.0,324777126.0,108259042.0
192,Inglewood,110411315.0,116776435,121823560.0,349011310.0,116337103.33333333
193,Ione,2071634.0,2496466,2410694.0,6978794.0,2326264.6666666665
194,Irvine,213700195.0,204138639,212719735.0,630558569.0,210186189.66666666
195,Irwindale,18734004.0,20451445,20620986.0,59806435.0,19935478.333333332
196,Isleton,663457.0,760249,1008894.0,2432600.0,810866.6666666666
197,Jackson,2855213.0,3191937,2842325.0,8889475.0,2963158.3333333335
198,Jurupa Valley,24781115.0,33362767,30675375.0,88819257.0,29606419.0
199,Kerman,4816312.0,5935461,5013119.0,15764892.0,5254964.0
200,King City,5644623.0,7639041,6586256.0,19869920.0,6623306.666666667
201,Kingsburg,5783417.0,6742118,5127556.0,17653091.0,5884363.666666667
202,La Canada Flintridge,12962328.0,13897565,13195841.0,40055734.0,13351911.333333334
203,La Habra,35373359.0,38807785,36128592.0,110309736.0,36769912.0
204,La Habra Heights,2569494.0,2916010,2625737.0,8111241.0,2703747.0
205,La Mesa,40726776.0,45163144,42124054.0,128013974.0,42671324.666666664
206,La Mirada,34480935.0,32273936,34421629.0,101176500.0,33725500.0
207,La Palma,9287708.0,10498293,10566409.0,30352410.0,10117470.0
208,La Puente,12199888.0,14273735,12790104.0,39263727.0,13087909.0
209,La Quinta,34543093.0,50358283,46539689.0,131441065.0,43813688.333333336
210,La Verne,20335778.0,24766454,21901628.0,67003860.0,22334620.0
211,Lafayette,14919626.0,16239761,15463883.0,46623270.0,15541090.0
212,Laguna Beach,56098829.0,61637999,58884445.0,176621273.0,58873757.666666664
213,Laguna Hills,19272140.0,20265675,19562797.0,59100612.0,19700204.0
214,Laguna Niguel,36774657.0,38806129,37462300.0,113043086.0,37681028.666666664
215,Laguna Woods,4819851.0,5329907,5621183.0,15770941.0,5256980.333333333
216,Lake Elsinore,25619723.0,27955076,26495483.0,80070282.0,26690094.0
217,Lake Forest,74017476.0,48487216,55197369.0,177702061.0,59234020.333333336
218,Lakeport,3993240.0,5233001,4837728.0,14063969.0,4687989.666666667
219,Lakewood,36561384.0,37814539,36541737.0,110917660.0,36972553.333333336
220,Lancaster,65701462.0,87956770,75939103.0,229597335.0,76532445.0
221,Larkspur,17273812.0,20139152,17954082.0,55367046.0,18455682.0
222,Lathrop,22379365.0,35106293,22273207.0,79758865.0,26586288.333333332
223,Lawndale,13122943.0,14723854,13350453.0,41197250.0,13732416.666666666
224,Lemon Grove,12876287.0,14674642,12105922.0,39656851.0,13218950.333333334
225,Lemoore,7158866.0,8374705,7446400.0,22979971.0,7659990.333333333
226,Lincoln,17102411.0,18558154,18557137.0,54217702.0,18072567.333333332
227,Lindsay,4946728.0,6414873,5425560.0,16787161.0,5595720.333333333
228,Live Oak,2415301.0,3156767,2479534.0,8051602.0,2683867.3333333335
229,Livermore,85990749.0,99785007,92409589.0,278185345.0,92728448.33333333
230,Livingston,4927777.0,5033602,5681613.0,15642992.0,5214330.666666667
231,Lodi,39730727.0,44575559,41013030.0,125319316.0,41773105.333333336
232,Loma Linda,12056658.0,16920662,13410471.0,42387791.0,14129263.666666666
233,Lomita,5261708.0,9908962,7230108.0,22400778.0,7466926.0
234,Lompoc,17214362.0,19134437,18290992.0,54639791.0,18213263.666666668
235,Long Beach,423023000.0,483509040,464544000.0,1371076040.0,457025346.6666667
236,Loomis,3744548.0,4765666,4750643.0,13260857.0,4420285.666666667
237,Los Alamitos,10276131.0,10921495,10526370.0,31723996.0,10574665.333333334
238,Los Altos,31789460.0,36664749,34775197.0,103229406.0,34409802.0
239,Los Altos Hills,6429570.0,7305331,6922444.0,20657345.0,6885781.666666667
240,Los Angeles,4559125444.0,5152048284,4834137829.0,14545311557.0,4848437185.666667
241,Los Banos,17564984.0,20876906,19454867.0,57896757.0,19298919.0
242,Los Gatos,29960237.0,32207414,30360001.0,92527652.0,30842550.666666668
243,Loyalton,163165.0,212315,158102.0,533582.0,177860.66666666666
244,Lynwood,27271103.0,38245855,32933038.0,98449996.0,32816665.333333332
245,Madera,22821456.0,30197963,27046313.0,80065732.0,26688577.333333332
246,Malibu,24161701.0,27343986,26124000.0,77629687.0,25876562.333333332
247,Mammoth Lakes,34328363.0,36804023,32925267.0,104057653.0,34685884.333333336
248,Manhattan Beach,48084176.0,55023306,51536668.0,154644150.0,51548050.0
249,Manteca,40753408.0,53939071,48716752.0,143409231.0,47803077.0
250,Maricopa,263236.0,302076,307963.0,873275.0,291091.6666666667
251,Marina,15387521.0,22225218,19152695.0,56765434.0,18921811.333333332
252,Martinez,24355452.0,31208066,29572016.0,85135534.0,28378511.333333332
253,Marysville,5714115.0,8320212,7276812.0,21311139.0,7103713.0
254,Maywood,8152018.0,11177858,9387373.0,28717249.0,9572416.333333334
255,McFarland,4291915.0,4210304,3402570.0,11904789.0,3968263.0
256,Mendota,2616201.0,3023903,3502186.0,9142290.0,3047430.0
257,Menifee,26427456.0,47344502,42542507.0,116314465.0,38771488.333333336
258,Menlo Park,45136079.0,60305770,51905862.0,157347711.0,52449237.0
259,Merced,37403635.0,43129409,40046668.0,120579712.0,40193237.333333336
260,Mill Valley,30577587.0,26894523,30751089.0,88223199.0,29407733.0
261,Millbrae,23645561.0,26390109,25015078.0,75050748.0,25016916.0
262,Milpitas,98898870.0,124011226,106037394.0,328947490.0,109649163.33333333
263,Mission Viejo,55278240.0,61202996,56487868.0,172969104.0,57656368.0
264,Modesto,102262549.0,122437100,124084767.0,348784416.0,116261472.0
265,Monrovia,34722124.0,39785260,37708803.0,112216187.0,37405395.666666664
266,Montague,384494.0,434316,394086.0,1212896.0,404298.6666666667
267,Montclair,27102370.0,28523956,27631882.0,83258208.0,27752736.0
268,Monte Sereno,2058309.0,2404343,2200379.0,6663031.0,2221010.3333333335
269,Montebello,44372782.0,49099479,47001507.0,140473768.0,46824589.333333336
270,Monterey,64858789.0,72513994,68396274.0,205769057.0,68589685.66666667
271,Monterey Park,38365443.0,43423851,41487903.0,123277197.0,41092399.0
272,Moorpark,14445867.0,17754509,16928101.0,49128477.0,16376159.0
273,Moraga,8021255.0,9089979,8404035.0,25515269.0,8505089.666666666
274,Moreno Valley,80536580.0,101566789,96422328.0,278525697.0,92841899.0
275,Morgan Hill,32711622.0,39949020,38320823.0,110981465.0,36993821.666666664
276,Morro Bay,11893469.0,12960047,12275815.0,37129331.0,12376443.666666666
277,Mountain View,95780968.0,152202602,141785049.0,389768619.0,129922873.0
278,Mt. Shasta,3132137.0,3467412,3212749.0,9812298.0,3270766.0
279,Murrieta,43209419.0,64617980,55126076.0,162953475.0,54317825.0
280,Napa,72562607.0,84597921,77396647.0,234557175.0,78185725.0
281,National City,45634944.0,49389142,46505026.0,141529112.0,47176370.666666664
282,Needles,3850871.0,4334691,3515111.0,11700673.0,3900224.3333333335
283,Nevada City,4399289.0,4765454,4813148.0,13977891.0,4659297.0
284,Newark,46067224.0,57972195,55208109.0,159247528.0,53082509.333333336
285,Newman,2385689.0,3302378,3177385.0,8865452.0,2955150.6666666665
286,Newport Beach,163304341.0,184520562,174374347.0,522199250.0,174066416.66666666
287,Norco,14462353.0,19333804,14710502.0,48506659.0,16168886.333333334
288,Norwalk,42536348.0,49560918,44819840.0,136917106.0,45639035.333333336
289,Novato,33106983.0,35597488,34443246.0,103147717.0,34382572.333333336
290,Oakdale,11244046.0,13208577,12962220.0,37414843.0,12471614.333333334
291,Oakland,700175708.0,820803392,743384802.0,2264363902.0,754787967.3333334
292,Oakley,16771735.0,15038778,18566754.0,50377267.0,16792422.333333332
293,Oceanside,100605137.0,115691264,108112741.0,324409142.0,108136380.66666667
294,Ojai,8080715.0,8850866,7939592.0,24871173.0,8290391.0
295,Ontario,212997025.0,257098271,223880702.0,693975998.0,231325332.66666666
296,Orange,96039612.0,110633219,97514082.0,304186913.0,101395637.66666667
297,Orange Cove,2376496.0,1828470,2234442.0,6439408.0,2146469.3333333335
298,Orinda,13728278.0,16470452,14664482.0,44863212.0,14954404.0
299,Orland,3429141.0,5087710,4662125.0,13178976.0,4392992.0
300,Oroville,11845905.0,15647571,12156005.0,39649481.0,13216493.666666666
301,Oxnard,119850919.0,134962984,126648408.0,381462311.0,127154103.66666667
302,Pacific Grove,19760684.0,22583371,20834385.0,63178440.0,21059480.0
303,Pacifica,25225108.0,28366839,26391082.0,79983029.0,26661009.666666668
304,Palm Desert,53687483.0,61065909,56284025.0,171037417.0,57012472.333333336
305,Palm Springs,104470368.0,128038204,111447309.0,343955881.0,114651960.33333333
306,Palmdale,77972274.0,91218556,83610620.0,252801450.0,84267150.0
307,Palo Alto,119039091.0,137156473,127802724.0,383998288.0,127999429.33333333
308,Palos Verdes Estates,10948640.0,12048279,11492242.0,34489161.0,11496387.0
309,Paradise,11574543.0,12449147,15437966.0,39461656.0,13153885.333333334
310,Paramount,23879107.0,28247815,25785263.0,77912185.0,25970728.333333332
311,Parlier,3399077.0,3094202,4042360.0,10535639.0,3511879.6666666665
312,Pasadena,189721955.0,207409181,189718545.0,586849681.0,195616560.33333334
313,Patterson,10767277.0,13060761,11782289.0,35610327.0,11870109.0
314,Perris,41839937.0,68681887,73848994.0,184370818.0,61456939.333333336
315,Petaluma,37702390.0,41392795,39340261.0,118435446.0,39478482.0
316,Pico Rivera,36400805.0,42666829,40018750.0,119086384.0,39695461.333333336
317,Piedmont,21418119.0,24052837,23180316.0,68651272.0,22883757.333333332
318,Pinole,16345222.0,18407035,18734429.0,53486686.0,17828895.333333332
319,Pismo Beach,19832335.0,22097529,21106779.0,63036643.0,21012214.333333332
320,Pittsburg,29459992.0,32929317,30599485.0,92988794.0,30996264.666666668
321,Placentia,27568571.0,30292245,28161206.0,86022022.0,28674007.333333332
322,Placerville,8263145.0,10405337,9811821.0,28480303.0,9493434.333333334
323,Pleasant Hill,22851253.0,27463983,26519181.0,76834417.0,25611472.333333332
324,Pleasanton,109684546.0,113356911,108424263.0,331465720.0,110488573.33333333
325,Plymouth,882962.0,1299257,1117269.0,3299488.0,1099829.3333333333
326,Point Arena,330315.0,393130,403500.0,1126945.0,375648.3333333333
327,Pomona,81537880.0,90806094,86571769.0,258915743.0,86305247.66666667
328,Port Hueneme,8582516.0,11595330,8756628.0,28934474.0,9644824.666666666
329,Porterville,23371422.0,29472718,24014528.0,76858668.0,25619556.0
330,Portola,717278.0,779015,800014.0,2296307.0,765435.6666666666
331,Portola Valley,4502877.0,4915729,4867411.0,14286017.0,4762005.666666667
332,Poway,40314928.0,43199520,42769362.0,126283810.0,42094603.333333336
333,Rancho Cordova,63831411.0,67596171,60834269.0,192261851.0,64087283.666666664
334,Rancho Cucamonga,79014557.0,136674625,127548784.0,343237966.0,114412655.33333333
335,Rancho Mirage,21856841.0,27767115,25636586.0,75260542.0,25086847.333333332
336,Rancho Palos Verdes,28548415.0,30796208,30232750.0,89577373.0,29859124.333333332
337,Rancho Santa Margarita,16001607.0,16989901,16275984.0,49267492.0,16422497.333333334
338,Red Bluff,8969117.0,10774570,9203642.0,28947329.0,9649109.666666666
339,Redding,49922292.0,58647255,51924553.0,160494100.0,53498033.333333336
340,Redlands,52274955.0,57514634,55102155.0,164891744.0,54963914.666666664
341,Redondo Beach,62005456.0,68212426,66979594.0,197197476.0,65732492.0
342,Redwood City,101090910.0,126150248,107591308.0,334832466.0,111610822.0
343,Reedley,7503621.0,8301903,7530057.0,23335581.0,7778527.0
344,Rialto,55841826.0,72415985,63338151.0,191595962.0,63865320.666666664
345,Richmond,164222912.0,182125094,171896177.0,518244183.0,172748061.0
346,Ridgecrest,11510201.0,13200593,13152083.0,37862877.0,12620959.0
347,Rio Dell,1036504.0,1291810,1254286.0,3582600.0,1194200.0
348,Rio Vista,5012987.0,5647870,4891957.0,15552814.0,5184271.333333333
349,Ripon,7385705.0,8212975,7771339.0,23370019.0,7790006.333333333
350,Riverbank,7171200.0,7767690,7284135.0,22223025.0,7407675.0
351,Riverside,188253118.0,255375386,237739102.0,681367606.0,227122535.33333334
352,Rocklin,38055691.0,44453724,41338356.0,123847771.0,41282590.333333336
353,Rohnert Park,26275964.0,31941616,29932970.0,88150550.0,29383516.666666668
354,Rolling Hills,1327319.0,1598766,1469245.0,4395330.0,1465110.0
355,Rolling Hills Estates,5878145.0,6148454,5716573.0,17743172.0,5914390.666666667
356,Rosemead,18327865.0,20615769,20113517.0,59057151.0,19685717.0
357,Roseville,99774482.0,116768294,102909309.0,319452085.0,106484028.33333333
358,Ross,5737769.0,5896595,5578222.0,17212586.0,5737528.666666667
359,Sacramento,396019000.0,453532000,413850000.0,1263401000.0,421133666.6666667
360,Salinas,120500957.0,138418506,130166581.0,389086044.0,129695348.0
361,San Anselmo,17253108.0,18332729,16625270.0,52211107.0,17403702.333333332
362,San Bernardino,106127809.0,117185683,112622195.0,335935687.0,111978562.33333333
363,San Bruno,31174466.0,34906241,32287262.0,98367969.0,32789323.0
364,San Buenaventura,82469150.0,99691627,96628875.0,278789652.0,92929884.0
365,San Carlos,35152952.0,40848586,38220371.0,114221909.0,38073969.666666664
366,San Clemente,48977475.0,52729383,50976522.0,152683380.0,50894460.0
367,San Diego,1317100008.0,1466538588,1355794206.0,4139432802.0,1379810934.0
368,San Dimas,20082087.0,22677628,21625750.0,64385465.0,21461821.666666668
369,San Fernando,20501074.0,22349260,21477996.0,64328330.0,21442776.666666668
370,San Francisco,3863646460.0,5050681385,4286571991.0,13200899836.0,4400299945.333333
371,San Gabriel,27832613.0,34416236,30187769.0,92436618.0,30812206.0
372,San Jacinto,15828223.0,13212213,11883776.0,40924212.0,13641404.0
373,San Joaquin,912781.0,1007564,897091.0,2817436.0,939145.3333333334
374,San Jose,895560019.0,1009198340,1010698611.0,2915456970.0,971818990.0
375,San Juan Bautista,1274133.0,1471578,1286526.0,4032237.0,1344079.0
376,San Juan Capistrano,24737376.0,26325720,25610526.0,76673622.0,25557874.0
377,San Leandro,91580232.0,101253490,96788083.0,289621805.0,96540601.66666667
378,San Luis Obispo,56766911.0,60882786,58819689.0,176469386.0,58823128.666666664
379,San Marcos,47820127.0,47392396,44782264.0,139994787.0,46664929.0
380,San Marino,19272829.0,21661711,20352711.0,61287251.0,20429083.666666668
381,San Mateo,107773519.0,122865912,112739864.0,343379295.0,114459765.0
382,San Pablo,38717077.0,42963767,41016744.0,122697588.0,40899196.0
383,San Rafael,65593281.0,74607160,70121442.0,210321883.0,70107294.33333333
384,San Ramon,38944300.0,44390604,40980934.0,124315838.0,41438612.666666664
385,Sand City,5737526.0,6445583,5995572.0,18178681.0,6059560.333333333
386,Sanger,10696426.0,10716665,10310133.0,31723224.0,10574408.0
387,Santa Ana,192928637.0,214882201,191341579.0,599152417.0,199717472.33333334
388,Santa Barbara,102005714.0,132804301,108250406.0,343060421.0,114353473.66666667
389,Santa Clara,137422002.0,155833485,140521139.0,433776626.0,144592208.66666666
390,Santa Clarita,92346302.0,119019388,119677719.0,331043409.0,110347803.0
391,Santa Cruz,69218468.0,82655404,75470006.0,227343878.0,75781292.66666667
392,Santa Fe Springs,41445869.0,50393523,44048585.0,135887977.0,45295992.333333336
393,Santa Maria,57197703.0,63612422,55257038.0,176067163.0,58689054.333333336
394,Santa Monica,258398736.0,294690084,280646701.0,833735521.0,277911840.3333333
395,Santa Paula,10102385.0,10953246,13576959.0,34632590.0,11544196.666666666
396,Santa Rosa,127714560.0,147506785,133504065.0,408725410.0,136241803.33333334
397,Santee,32848691.0,37827386,35423131.0,106099208.0,35366402.666666664
398,Saratoga,17593098.0,19845218,18616870.0,56055186.0,18685062.0
399,Sausalito,12376895.0,14095983,12892734.0,39365612.0,13121870.666666666
400,Scotts Valley,9811777.0,11944099,9807334.0,31563210.0,10521070.0
401,Seal Beach,22385384.0,25094751,23723189.0,71203324.0,23734441.333333332
402,Seaside,25210327.0,31999121,28958336.0,86167784.0,28722594.666666668
403,Sebastopol,8012877.0,8682973,8140852.0,24836702.0,8278900.666666667
404,Selma,12931989.0,15102169,14410918.0,42445076.0,14148358.666666666
405,Shafter,19522769.0,23681829,20465039.0,63669637.0,21223212.333333332
406,Shasta Lake,3373498.0,4407589,3883028.0,11664115.0,3888038.3333333335
407,Sierra Madre,9292648.0,10256303,9737063.0,29286014.0,9762004.666666666
408,Signal Hill,18610793.0,21484062,19381615.0,59476470.0,19825490.0
409,Simi Valley,61622701.0,67894626,63874199.0,193391526.0,64463842.0
410,Solana Beach,14799571.0,16661890,15694967.0,47156428.0,15718809.333333334
411,Soledad,7609211.0,10182264,8456115.0,26247590.0,8749196.666666666
412,Solvang,7930828.0,8256819,8035596.0,24223243.0,8074414.333333333
413,Sonoma,13676878.0,15064073,14090856.0,42831807.0,14277269.0
414,Sonora,6958136.0,6786497,6705894.0,20450527.0,6816842.333333333
415,South El Monte,13144641.0,13951589,12096825.0,39193055.0,13064351.666666666
416,South Gate,38961702.0,42785430,40104868.0,121852000.0,40617333.333333336
417,South Lake Tahoe,40318979.0,44804113,43769982.0,128893074.0,42964358.0
418,South Pasadena,21944546.0,24396503,22881513.0,69222562.0,23074187.333333332
419,South San Francisco,83409373.0,112442864,98691385.0,294543622.0,98181207.33333333
420,St. Helena,10887635.0,19848603,14562658.0,45298896.0,15099632.0
421,Stanton,18051681.0,19522484,19029225.0,56603390.0,18867796.666666668
422,Stockton,210464602.0,246780107,245074865.0,702319574.0,234106524.66666666
423,Suisun City,8406714.0,11854670,11432843.0,31694227.0,10564742.333333334
424,Sunnyvale,136875951.0,164971187,148460501.0,450307639.0,150102546.33333334
425,Susanville,5058169.0,5226699,5397288.0,15682156.0,5227385.333333333
426,Sutter Creek,1428182.0,1558652,1565742.0,4552576.0,1517525.3333333333
427,Taft,3229700.0,3825218,4996178.0,12051096.0,4017032.0
428,Tehachapi,5760508.0,8105259,6716472.0,20582239.0,6860746.333333333
429,Tehama,67730.0,71740,74597.0,214067.0,71355.66666666667
430,Temecula,69654133.0,104324119,102770431.0,276748683.0,92249561.0
431,Temple City,10136544.0,14896696,11804163.0,36837403.0,12279134.333333334
432,Thousand Oaks,72685217.0,78416495,75874594.0,226976306.0,75658768.66666667
433,Tiburon,8221869.0,9598749,9121537.0,26942155.0,8980718.333333334
434,Torrance,167769828.0,175227194,169018348.0,512015370.0,170671790.0
435,Tracy,62065144.0,77936847,86112046.0,226114037.0,75371345.66666667
436,Trinidad,565607.0,617658,629009.0,1812274.0,604091.3333333334
437,Truckee,25278342.0,30541441,26925248.0,82745031.0,27581677.0
438,Tulare,34718044.0,39925870,36815014.0,111458928.0,37152976.0
439,Tulelake,281359.0,326481,288778.0,896618.0,298872.6666666667
440,Turlock,35814061.0,40966263,37951822.0,114732146.0,38244048.666666664
441,Tustin,50565104.0,53418826,55832418.0,159816348.0,53272116.0
442,Twentynine Palms,8945463.0,10015456,9708803.0,28669722.0,9556574.0
443,Ukiah,14513118.0,18556471,17206476.0,50276065.0,16758688.333333334
444,Union City,47852355.0,53524788,53257993.0,154635136.0,51545045.333333336
445,Upland,39070192.0,36233424,33131214.0,108434830.0,36144943.333333336
446,Vacaville,77092575.0,99276178,84966165.0,261334918.0,87111639.33333333
447,Vallejo,84810855.0,91899406,86909163.0,263619424.0,87873141.33333333
448,Vernon,30280643.0,44828308,37319606.0,112428557.0,37476185.666666664
449,Victorville,52128866.0,60552022,57986946.0,170667834.0,56889278.0
450,Villa Park,2914680.0,3152697,3201056.0,9268433.0,3089477.6666666665
451,Visalia,80666486.0,97051189,91805009.0,269522684.0,89840894.66666667
452,Vista,58297018.0,70452618,60183695.0,188933331.0,62977777.0
453,Walnut,9274951.0,11798501,11193120.0,32266572.0,10755524.0
454,Walnut Creek,59467394.0,63192096,60951795.0,183611285.0,61203761.666666664
455,Wasco,5916392.0,9020292,8710367.0,23647051.0,7882350.333333333
456,Waterford,2336695.0,2821424,2666305.0,7824424.0,2608141.3333333335
457,Watsonville,35241666.0,41706279,38574812.0,115522757.0,38507585.666666664
458,Weed,2360186.0,2742727,2494854.0,7597767.0,2532589.0
459,West Covina,53384778.0,58104677,56343252.0,167832707.0,55944235.666666664
460,West Hollywood,68331900.0,78591393,74330244.0,221253537.0,73751179.0
461,West Sacramento,59183496.0,75931739,66921094.0,202036329.0,67345443.0
462,Westlake Village,12037374.0,12948966,12548959.0,37535299.0,12511766.333333334
463,Westminster,45231127.0,57645292,54200031.0,157076450.0,52358816.666666664
464,Westmorland,740239.0,559551,751022.0,2050812.0,683604.0
465,Wheatland,1610613.0,2707373,2096913.0,6414899.0,2138299.6666666665
466,Whittier,40229175.0,46079022,43109330.0,129417527.0,43139175.666666664
467,Wildomar,6895872.0,12762785,9578296.0,29236953.0,9745651.0
468,Williams,3856107.0,4379011,3550099.0,11785217.0,3928405.6666666665
469,Willits,3932088.0,4400378,4286156.0,12618622.0,4206207.333333333
470,Willows,3438340.0,3961260,3563424.0,10963024.0,3654341.3333333335
471,Windsor,15591869.0,17651384,16895556.0,50138809.0,16712936.333333334
472,Winters,4249999.0,4074731,3795894.0,12120624.0,4040208.0
473,Woodlake,3492962.0,4132847,2331289.0,9957098.0,3319032.6666666665
474,Woodland,45922319.0,46467219,41989030.0,134378568.0,44792856.0
475,Woodside,6673996.0,7153354,7545643.0,21372993.0,7124331.0
476,Yorba Linda,35671110.0,36910862,35609065.0,108191037.0,36063679.0
477,Yountville,10555864.0,11706852,9950055.0,32212771.0,10737590.333333334
478,Yreka,5368860.0,6591958,6339593.0,18300411.0,6100137.0
479,Yuba City,30307319.0,33789592,31195141.0,95292052.0,31764017.333333332
480,Yucaipa,17882849.0,20493724,18863739.0,57240312.0,19080104.0
481,Yucca Valley,10721959.0,16203448,15285162.0,42210569.0,14070189.666666666
