city,dac_proportion,ces_score_median,ces_percentile_median
Fresno,0.664,46.1699524896131,84.4494892167991
Ontario,0.941176470588235,49.8149236527724,88.6555681674865
Stockton,0.63013698630137,42.2460575974187,79.1398663135326
Los Angeles,0.607594936708861,44.8703462641411,82.6396771345693
Modesto,0.685185185185185,45.8211324744937,83.9197881195611
Bakersfield,0.494505494505495,38.5997402779683,73.9185269264724
Gardena,0.8,56.2954421370201,94.2048177575987
San Bernardino,0.725490196078431,46.9106176140632,85.3575482406357
Riverside,0.517241379310345,40.4002048106698,76.6048682053223
Selma,1,50.5026028487435,89.3744482280237
Compton,1,58.6394080311904,95.7750031529827
Lathrop,1,55.7089023499701,93.6688106949174
San Diego,0.0957854406130268,17.1951481992017,30.8235590868962
Glendale,0.605263157894737,42.3745861296982,79.3416572077185
Colton,0.833333333333333,46.9367279724902,85.5025854458318
Pomona,0.774193548387097,52.2649198829169,90.9950813469542
Long Beach,0.52212389380531,42.9152766079835,80.0542313028125
Bell,1,57.7873084604887,95.188548366755
March Air Reserve Base,1,69.1503473747241,99.1550006305965
Fontana,0.620689655172414,41.5943234739368,78.3453146676756
Parlier,1,68.9784920912014,99.1171648379367
Sacramento,0.238636363636364,29.2166478961183,58.0653298019927
Van Nuys,0.666666666666667,45.3252591075853,83.3396392987766
Sun Valley,0.8,55.9067137852058,93.8706015891033
North Hollywood,0.707317073170732,50.5235387281507,89.3555303316938
Torrance,0.162162162162162,25.3269619481233,50.4792533736915
El Monte,1,53.5752122517222,92.0797074032034
South Gate,0.761904761904762,52.1543068661316,90.9067978307479
Reedley,0.857142857142857,47.7934049812589,86.5430697439778
Huntington Park,0.954545454545455,51.9755871776414,90.7302307983352
Moreno Valley,0.511627906976744,39.3783449852808,75.0283768444949
Paramount,0.909090909090909,56.3346331205682,94.2363475848152
Inglewood,0.65625,44.5906029730189,82.3496027241771
Baldwin Park,0.941176470588235,53.1490538252542,91.663513683945
Bloomington,0.714285714285714,46.88939090724,85.3323243788624
Hawthorne,0.75,45.9489073336936,84.1026611174171
Merced,0.761904761904762,46.7636411369364,85.1557573464497
Turlock,0.571428571428571,44.2910868519657,81.9018791777021
South El Monte,1,55.1230783697532,93.2652289065456
Riverbank,1,48.9052594530959,87.5772480766806
Rancho Cucamonga,0.178571428571429,21.7037516096521,42.3634758481524
San Pedro,0.478260869565217,32.1333935387978,63.3118930508261
Pacoima,0.708333333333333,47.4596723979489,86.1016521629462
Carson,0.777777777777778,46.6039863434772,84.8467650397276
Hanford,0.384615384615385,38.9533035547973,74.3473325766175
Wilmington,1,52.6941012652479,91.2410139992433
Oakland,0.231481481481482,26.6557826668719,53.2854079959642
Norwalk,0.857142857142857,44.7481211660299,82.4946399293732
Lynwood,1,52.074628837898,90.8311262454282
Corona,0.175,27.6001340349135,55.1141379745239
MC Farland,1,41.9618032652417,78.6858368016143
Pico Rivera,0.769230769230769,45.7810823390748,84.0206835666541
Los Banos,0.8,50.5343925987854,89.3681422625804
Oxnard,0.153846153846154,23.7359697208613,46.9668306217682
Redlands,0.2,29.6401451155796,58.6707024845504
Whittier,0.4,36.5148097345115,70.8601336864674
El Centro,0.454545454545455,39.0269858934719,74.4860638163703
Anaheim,0.366666666666667,34.963111826092,68.3566654054736
Manteca,0.666666666666667,42.370855231013,79.392104931265
La Puente,0.708333333333333,44.960022313971,82.7784083743221
Porterville,0.461538461538462,39.6883785480068,75.5643839071762
Ceres,0.75,46.6882966263278,84.8909067978308
Delano,0.428571428571429,45.6558294109637,83.7936688106949
Santa Fe Springs,0.8,52.7143718021222,91.3671333081095
Montclair,0.875,50.4006861534687,89.2357169882709
Madera,0.615384615384615,41.8354678211335,78.5597174927481
Mendota,1,55.876892673003,93.7760121074537
Panorama City,0.666666666666667,42.0788149024953,78.8750157649136
Montebello,0.8,42.1351376757519,78.9632992811199
Perris,0.615384615384615,42.7709636752701,79.8839702358431
Richmond,0.5,38.4867668812896,73.3446840711313
Tulare,0.428571428571429,39.0457303578442,74.5049817127002
Pittsburg,0.571428571428571,41.250752617335,77.7651658468912
Upland,0.444444444444444,29.0570273022943,57.5230167738681
French Camp,1,56.1462200216064,94.0850044141758
Buena Park,0.307692307692308,26.6679153477097,53.3106318577374
Hacienda Heights,0.428571428571429,34.040032623694,66.6036070122336
Del Rey,1,55.8080258387082,93.7444822802371
Burbank,0.32,30.600463594069,60.638163702863
Fullerton,0.2,27.1114975849318,54.1241013999244
Sanger,0.375,33.8149916150878,66.1243536385421
Ballico,1,55.1368083122297,93.3787362845252
West Sacramento,0.375,29.4599925041301,57.8698448732501
Grand Terrace,0.5,39.4319696655605,74.0761760625552
Barstow,0.666666666666667,46.0529617693803,84.1278849791903
Garden Grove,0.142857142857143,29.69137359229,58.8598814478497
Dinuba,0.8,48.3034282156898,87.0349350485559
Maywood,1,53.1604118560972,91.6761256148316
San Jose,0.0707070707070707,19.2547818766575,36.4358683314416
Adelanto,0.5,35.9087986728929,68.4512548871233
Dos Palos,1,51.8401629472341,90.5095220078194
Downey,0.272727272727273,34.4554172522091,67.4359944507504
Calexico,0.8,47.950086139874,86.6565771219574
Wasco,0.5,48.1169237359895,86.8457560852567
Pixley,1,52.6579306703247,91.2473199646866
Kingsburg,0.666666666666667,43.1772773846103,80.350611678648
La Habra,0.384615384615385,36.4733213500283,70.7403203430445
Santa Ana,0.283333333333333,34.3043086431297,67.2215916256779
Gustine,1,52.1336533982758,90.8941858998613
Indio,0.166666666666667,25.2254255389655,50.2396266868458
McClellan,1,52.068349925805,90.8059023836549
San Francisco,0.0612244897959184,14.7613390638241,24.5365115399168
Bellflower,0.777777777777778,43.7010551879948,81.1577752553916
Fowler,1,51.3261088602299,90.2005297010972
Highland,0.125,27.717325511031,55.3033169378232
Atwater,0.5,40.4898417245263,76.5733383781057
Rosemead,0.5,39.6414039865453,75.4634884600833
Loma Linda,0.666666666666667,44.4991967733144,82.2550132425274
Visalia,0.333333333333333,33.8925608413596,66.4459578761509
Shafter,1,46.8733750178413,85.2881826207592
Chowchilla,0.666666666666667,45.6300006258988,83.7810568798083
Gilroy,0.2,27.4546912384708,54.5970488081726
Earlimart,0.5,43.7642979274457,80.5587085382772
Rialto,0.631578947368421,41.4865769924517,78.1435237734897
Kettleman City,1,50.2414806333629,89.0402320595283
Tracy,0.25,33.5751184082983,65.8468911590365
San Pablo,0.454545454545455,37.9116171404785,73.0356917644091
Orosi,1,49.5640310812124,88.4348593769706
Chula Vista,0.1,23.9768367322633,47.553285407996
Kerman,1,46.0438331534453,84.3107579770463
Lodi,0.2,29.5655779313659,58.5067473830244
San Fernando,0.428571428571429,38.0681355732225,73.237482658595
Stanton,0.333333333333333,35.1609490065858,68.1422625804011
Corcoran,0.4,38.0419805357329,73.1176693151722
El Cajon,0.0625,22.2728584017316,43.5805271787111
National City,0.428571428571429,35.9126033437654,69.8070374574348
Lost Hills,1,48.6345588799614,87.4132929751545
Brawley,0.8,40.807800678283,77.2354647496532
Mira Loma,0.285714285714286,36.4275382469048,70.689872619498
Cantua Creek,1,48.1788985782029,86.9214276705764
Vallejo,0.161290322580645,24.2948173438712,48.4550384663892
Palo Alto,0.105263157894737,8.70025459485765,10.2408878799344
La Mirada,0.2,20.9298338512424,40.6167234203557
Caruthers,1,47.8971132505558,86.6187413292975
Lawndale,0.5,40.447061662589,76.5481145163325
Olivehurst,0.25,32.7576238046827,64.2451759364359
Harbor City,0.375,35.8740022052089,69.8574851809812
Alhambra,0.15,33.7021514496415,66.143271534872
West Covina,0.166666666666667,31.516248474518,62.2714087526801
Strathmore,1,47.4011935226312,85.9881447849666
Monterey Park,0.0666666666666667,31.1431129872599,61.5209988649262
Patterson,1,46.0287042642887,84.2729221843864
Coachella,0.375,31.2020016378981,61.7290957245555
Azusa,0.307692307692308,34.5535797850558,67.54950182873
Duarte,0.166666666666667,35.7190945242305,69.6241644595788
Chico,0.0434782608695652,19.4966822723267,37.0412410139992
Emeryville,0.4,35.6832388829894,69.5863286669189
Clovis,0.142857142857143,20.9470676226666,40.5662756968092
Hemet,0.12,31.2189814667793,61.659730104679
Reseda,0.375,38.0452445284536,73.237482658595
Antioch,0.0555555555555556,27.3541733760503,54.3574221213268
Orange Cove,1,45.71140713246,83.7747509143649
Westminster,0.176470588235294,30.1993888927042,59.8310001261193
Westmorland,1,46.1461073211682,84.4242653550259
Santa Monica,0.0526315789473684,21.4684091721075,41.9977298524404
Lakewood,0.111111111111111,21.4432562138325,41.7139614074915
Placentia,0.166666666666667,21.4392045959508,41.5626182368521
Buttonwillow,1,45.8523115807531,84.0963551519738
Rancho Cordova,0.125,29.3143832808474,58.2355908689621
Mecca,1,45.6588286370156,83.8062807415815
Firebaugh,1,41.5319312953489,78.2191953588094
San Leandro,0.136363636363636,30.2697555592203,59.9697313658722
Sylmar,0.272727272727273,33.8878706781717,66.5279354269139
Livingston,1,44.4721415961496,82.2171774498676
Watsonville,0.133333333333333,22.8393202942374,44.7471307857233
Tipton,1,44.8716688205111,82.633371169126
Moss Landing,0.5,40.0723956254229,75.8166225249086
Chino,0.266666666666667,37.073581391991,71.850170261067
Beaumont,0.111111111111111,26.8838180309754,53.6385420607895
Wofford Heights,0.5,38.7849985518581,73.6410644469669
Alviso,1,44.5241671921009,82.2802371043007
Calipatria,0.5,44.3510352216366,82.0784462101148
Riverdale,1,44.3408674294614,82.0658342792281
Yuba City,0.0625,25.7338726660834,51.2359692268886
Marysville,0.25,33.6095592077413,66.0675999495523
Winton,1,42.8365181548642,79.9785597174927
Northridge,0.214285714285714,32.1939546617404,63.513683945012
Newman,0.5,41.7451845882975,78.3705385294489
Tarzana,0.125,32.3721219876486,63.7280867700845
Lemoore,0.333333333333333,35.1270223670186,68.5647622651028
Snelling,1,43.9487273111046,81.5361331819902
Huron,0.5,40.0165841774917,75.8418463866818
Victorville,0.1875,33.1444064662898,65.165846891159
Hawaiian Gardens,0.5,37.4823655426676,71.3961407491487
North Hills,0.333333333333333,36.6904253972625,71.2700214402825
California Hot Springs,1,43.6636636630582,81.0947156009585
Canoga Park,0.25,32.6823961106571,64.308235590869
Salinas,0.05,26.3347002734365,52.5539160045403
South San Francisco,0.181818181818182,18.2830425015593,33.9765418085509
Rodeo,1,43.4550238719702,80.8424769832261
Delhi,0.5,40.490757088899,76.6931517215286
Oroville,0.0714285714285714,23.9251786237035,47.4145541682432
Costa Mesa,0.0869565217391304,20.6829529544319,40.0681044267877
Hayward,0.0555555555555556,29.5292983802132,58.601336864674
Pasadena,0.027027027027027,22.9578354279127,45.087652919662
Signal Hill,0.333333333333333,38.9397810981153,74.3221087148442
Lake Elsinore,0.181818181818182,26.7506173386107,53.4493630974902
Redwood City,0.0416666666666667,14.0036553606928,22.6636398032539
Arvin,0.5,40.3105529051333,76.3778534493631
Taft,0.666666666666667,39.726412437606,75.621137596166
Morgan Hill,0.0909090909090909,18.0534046281367,33.3333333333333
Winnetka,0.5,38.8644483043798,74.397780300164
California City,0.333333333333333,22.2267951334265,43.5111615588347
Martinez,0.0769230769230769,21.2269924104003,41.4680287552024
Lindsay,0.25,37.9134111527363,73.0167738680792
Union City,0.125,23.3998838236634,46.0903014251482
Newark,0.111111111111111,22.8409143189324,44.7597427166099
San Jacinto,0.1,28.1814868560867,56.2870475469795
Blythe,0.166666666666667,32.6340786777761,64.226258040106
Ventura,0.08,19.7821103948556,37.810568798083
MC Kittrick,1,41.5842215504105,78.3200908059024
Oakdale,0.25,37.3263606398509,72.0204313280363
Covina,0.0555555555555556,28.0101386704953,55.9969731365872
Nuevo,0.333333333333333,34.9382732559411,68.3818892672468
Hesperia,0.0666666666666667,27.6335654581229,55.1393618362971
Stevinson,1,41.1747309331318,77.6516584689116
Cutler,1,40.9337946224201,77.3615840585194
Escalon,0.5,35.9794065205563,69.3719258418464
Hughson,1,40.8416988975396,77.2985244040863
Baker,1,40.7848670727529,77.2228528187666
Santa Clara,0.0454545454545455,18.5741959078344,34.6891159036448
Orange,0.0384615384615385,25.629923612118,51.0404842981461
San Ysidro,0.2,36.6618046535295,71.2069617858494
Laton,1,40.4218557224456,76.6553159288687
Artesia,0.333333333333333,35.6076651535796,69.4917391852693
Huntington Beach,0.0238095238095238,12.4796790466399,18.9052843990415
Lancaster,0.0263157894736842,22.2693496911858,43.6120570059277
San Gabriel,0.153846153846154,25.3299701217892,50.4351116155883
Monrovia,0.111111111111111,20.8435002759352,40.3960146298398
Berkeley,0.027027027027027,13.7550997581221,21.8375583301804
Lamont,0.333333333333333,31.8177436918935,62.7695800227015
Oakley,0.166666666666667,31.8704388944821,62.8641695043511
Santa Rosa,0.0256410256410256,17.3348271546992,31.2019170134948
Farmersville,1,39.8990521326372,75.8355404212385
Avenal,0.5,39.6326508283584,75.4571824946399
San Bruno,0.111111111111111,15.9775457844555,27.6705763652415
Marina,0.25,25.6253402106302,51.141379745239
Le Grand,1,39.483477140944,75.2049438769076
Alameda,0,20.5969282920388,39.7969479127255
Lemon Grove,0,24.0871498187186,47.8748896456048
Palmdale,0,18.7788303654971,35.162063311893
Cerritos,0,25.3530313670432,50.4855593391348
Chatsworth,0,23.3071981901833,45.8569807037457
Concord,0,17.4930250806522,31.6874763526296
Rio Vista,0,38.6644469315739,74.0068104426788
Winterhaven,0,26.5036418394941,48.7072770841216
Fairfield,0,24.5249730141164,48.8397023584311
Banning,0,27.9213774565682,55.7825703115147
Santa Maria,0,20.8167814377736,40.35817883718
Canyon Country,0,23.8494007138509,47.2821288939337
Escondido,0,19.6614611620391,37.4700466641443
Woodlake,0,35.5479061662209,69.1386051204439
North Highlands,0,31.8195442461947,62.7821919535881
Napa,0,16.7693194841422,29.7893807541935
Hollister,0,31.8790873258475,62.9209231933409
Midway City,0,37.2046759402566,72.0015134317064
Apple Valley,0,19.9265316182275,38.1132551393618
Coalinga,0,31.8377071428722,62.8326396771346
Tehachapi,0,20.0353068037861,38.3717997225376
La Mesa,0,19.1201725053913,36.0701223357296
Mather,0,37.3831897440486,72.3420355656451
Imperial,0,37.089149438197,71.9132299155001
Holtville,0,36.7225982354957,71.2447975785093
Yucaipa,0,20.9040755787458,40.35817883718
Corning,0,31.2063257674056,61.6345062429058
Encino,0,19.2559123698782,36.4863160549881
Thermal,0,35.1375387823351,68.608904023206
Brentwood,0,23.6443928414587,46.6956741077059
Oceanside,0,19.4092535040023,36.8457560852567
Brisbane,0,36.7666527696717,71.3835288182621
Claremont,0,26.769188101757,53.3863034430571
Newbury Park,0,9.89918894299836,13.0155126749905
Daly City,0,21.2351902172235,41.3229915500064
Tustin,0,22.6283403086644,44.393996720898
Rosamond,0,30.4749195527912,60.4426787741204
Port Hueneme,0,28.7165969013849,57.2707781561357
Culver City,0,30.8320393251707,61.0165216294615
Grass Valley,0,11.8711295215193,17.467524277967
Sherman Oaks,0,24.465509147816,48.8712321856476
La Verne,0,24.9674665711207,49.8297389330306
Rowland Heights,0,17.7873758703677,32.6270652036827
Temecula,0,15.2136998831456,25.6715853197125
Sun City,0,23.0403390114244,45.2642199520747
San Rafael,0,10.7267688441787,14.6676756211376
Elk Grove,0,16.7623791486838,29.7515449615336
Hilmar,0,35.31124864641,68.9998738806911
Essex,0,35.2629947294765,68.9620380880313
Norco,0,27.4305471230605,54.6853323243789
Willows,0,35.1167246985587,68.6341278849792
Santee,0,12.7248074717707,19.4160675999496
Chino Hills,0,19.1387336923834,36.1457939210493
Irvine,0.0294117647058824,15.572820325088,26.6742338251986
Temple City,0,30.3766799367008,60.2219699836045
Hinkley,0,33.0735071912399,64.9451381006432
Meridian,0,34.459142756957,67.448606381637
Rio Linda,0,22.0190841074355,43.0066843233699
Santa Barbara,0,10.4288198925479,14.0749148694665
Waterford,0,34.0318515023823,66.7801740446462
Castaic,0,14.4985825759281,23.7545718249464
San Juan Capistrano,0,11.7721443127987,16.9504351116156
Lucerne Valley,0,30.2449684467703,59.8562239878925
Moorpark,0,16.4404349292281,28.9380754193467
San Marcos,0,17.2740074913208,31.0253499810821
Lomita,0,25.3610921360184,50.5107832009081
Brea,0,23.8095858896062,47.1307857232943
Fillmore,0,30.0251996412576,59.5724555429437
Ukiah,0,24.6806319321324,49.3126497666793
Sunland,0,26.0673894391547,51.4251481901879
Mission Hills,0,29.6714456688255,58.7589860007567
Castroville,0,31.3286997389234,61.8362971370917
Fremont,0,16.557274788702,29.2092319334091
Newhall,0,24.3894876179662,48.6063816370286
Live Oak,0,27.4553170463271,54.7357800479253
Roseville,0,13.0373816085614,20.17908941859
Mojave,0,32.7547837391074,64.4343548997351
Valley Village,0,30.4473901520214,60.3354773615841
Needles,0,32.565335511644,64.1064446966831
Desert Center,0,32.4937072556063,63.942489595157
Red Bluff,0,25.6831351730616,51.0846260562492
Weed,0,32.2986965763612,63.6271913229915
Arcadia,0,17.1042038452571,30.6911338125868
Denair,0,31.3049805258845,61.8552150334217
San Lorenzo,0,23.8327356509117,47.1686215159541
Granada Hills,0,26.8456810910315,53.5628704754698
Pinole,0,24.2442084818419,48.2784714339765
Homeland,0,31.6226018616943,62.4290578887628
Colusa,0,31.1581098544072,61.6282002774625
San Mateo,0,12.2101789358877,18.1737924076176
Seal Beach,0,17.3844201097106,31.3784840459074
Castro Valley,0,12.2798828645537,18.3188296128138
Walnut,0,20.8142271267512,40.3518728717367
Isleton,0,31.0173162136422,61.3065960398537
Woodland,0,19.0314106667702,35.8683314415437
Vacaville,0,17.0370004840817,30.5082608147308
Murrieta,0,19.8981073043946,38.0628074158154
Lake Forest,0,20.1976605006106,38.8195232690125
Redding,0,13.8437985568086,22.0330432589229
Imperial Beach,0,23.6553655585216,46.7398158658091
Big Bear Lake,0,30.3159740909936,60.0706268129651
Crestline,0,30.3508593523054,60.1967461218313
Point Mugu Nawc,0,30.3026889263236,60.0580148820784
Venice,0,21.6839998278468,42.4265355025854
Ripon,0,29.0702082744426,57.8761508386934
Santa Clarita,0,11.4578919349102,16.0297641568924
Gridley,0,22.3395056636715,43.7507882456804
Camarillo,0,14.9299716550551,24.9463992937319
Sunnyvale,0,15.6736272288374,26.926472442931
Zamora,0,29.9492063809991,59.3391348215412
Gerber,0,29.9017830108499,59.213015512675
Diamond Bar,0,20.0709279475342,38.4159414806407
Altadena,0,17.0076498779497,30.3695295749779
Cottonwood,0,21.1821174899645,39.0717618867449
Milpitas,0,20.6656722559134,40.011350737798
Capistrano Beach,0,29.6253834202532,58.6328666918905
Marina del Rey,0,21.8866975437217,42.7103039475344
Sonora,0,19.8869936180701,37.3439273552781
Dixon,0,23.1419144534122,45.4660108462606
Fountain Valley,0,23.4596708930373,46.4371295245302
Death Valley,0,29.3132108218705,58.2418968344054
Paicines,0,29.2843350680819,58.2040610417455
Big Bear City,0,14.6202158629484,24.1455416824316
Suisun City,0,20.6679994091479,40.0176567032413
Caliente,0,28.9865842832624,57.7878673224871
Ione,0,27.9260258441342,55.7258166225249
Ridgecrest,0,18.9562716198603,35.6539286164712
Tujunga,0,24.6457834739706,48.8081725312146
Galt,0,23.0776676215007,45.4092571572708
Weldon,0,28.8160489989369,57.459957119435
Benicia,0,14.4078617151123,23.5086391726573
Glendora,0,20.4756769897012,39.5257913986631
Carmichael,0,23.0437643678445,45.2768318829613
Acampo,0,21.5314631005038,40.2825072518603
San Dimas,0,26.5281947814563,52.9322739311389
Citrus Heights,0,17.6434101876588,32.1982595535376
Exeter,0,24.4479249126449,48.8207844621011
Maricopa,0,28.3247336999631,56.6780174044646
West Hills,0,15.077699845203,25.2995333585572
Wildomar,0,22.9192632811561,45.0245932652289
Santa Paula,0,23.0231978327547,45.2137722285282
San Martin,0,27.367486979451,54.6916382898222
Fortuna,0,23.5242697857525,45.9200403581789
Discovery Bay,0,16.9366727118517,30.1929625425653
Campo,0,27.747527888218,55.4042123849161
Studio City,0,20.8547767159263,39.9987388069114
Spring Valley,0,20.6370775393812,39.9293731870349
Farmington,0,27.6467071580291,55.1645856980704
Oakhurst,0,14.890008968244,24.8581157775255
Anderson,0,19.653112693507,37.4259049060411
Idyllwild,0,27.5946995661729,55.0006305965443
Loleta,0,27.5470879018417,54.912347080338
Walnut Grove,0,27.5318573009543,54.8745112876781
Seaside,0,16.8242578444118,29.921806028503
Arbuckle,0,27.4689006062817,54.748391978812
Soledad,0,26.2481293677047,52.3773489721276
Biggs,0,27.2550782419762,54.3321982595535
San Juan Bautista,0,27.235030816833,54.3069743977803
Woodland Hills,0,19.1158625866361,36.1016521629462
Newport Beach,0,11.3283348883845,15.7649136082734
Long Barn,0,22.3822579518575,43.252616975659
San Luis Obispo,0,11.850253691707,17.2405095220078
Mentone,0,26.8616342113874,53.6133181990163
Windsor,0,16.0893072530271,28.2381132551394
Yorba Linda,0,14.3793023387005,23.4329675873377
Lompoc,0,19.9301634804184,38.1510909320217
Clearlake,0,25.692695686017,51.1287678143524
Sutter Creek,0,26.5406465553834,52.9574977929121
King City,0,26.3243427824692,52.5160802118805
Davis,0,12.5623419259485,19.1322991550006
Cypress,0,22.044063117069,43.0823559086896
Eureka,0,15.2940963169763,25.9175179720016
Livermore,0,15.9835966777203,27.6831882961281
Gonzales,0,26.192328294311,52.2260058014882
Camp Pendleton,0,26.0366600807909,51.935931391096
Somis,0,22.2021174157036,43.4102661117417
Nicolaus,0,25.9823906139911,51.7845882204565
Mountain View,0,17.2260795988731,30.8929247067726
El Cerrito,0,11.3661559174352,15.9036448480262
Petaluma,0,17.0824822947681,30.5587085382772
Williams,0,25.8183142640998,51.406230293858
Boron,0,25.7626319440662,51.2801109849918
Wheatland,0,25.7519471623153,51.2422751923319
Burney,0,25.7224829105509,51.1792155378988
Lakeside,0,17.2333799400262,30.8866187413293
Fallbrook,0,22.0687943344373,43.2336990793291
Los Alamitos,0,19.1496639367576,36.1962416445958
Laguna Woods,0,19.8667973474219,37.9871358304957
La Crescenta,0,16.1618200115608,28.2002774624795
Plymouth,0,25.3113881242406,50.4098877538151
Menifee,0,20.641485646287,39.9041493252617
Simi Valley,0,17.5967687122599,32.0090805902384
Cathedral City,0,17.8502159030462,32.7910203052087
Millbrae,0,12.9878275745449,20.0908059023837
Thousand Oaks,0,11.3398892701235,16.1369655694287
Jamestown,0,23.5008742902949,46.5254130407366
Greenfield,0,22.1961777574797,43.3976541808551
Arcata,0,24.236442091366,48.2280237104301
Redondo Beach,0,12.3021064742044,18.3945011981334
Frazier Park,0,17.1618874079227,30.8361710177828
Mountain Center,0,19.9519821145515,37.6150838693404
Agoura Hills,0,8.96739616523767,10.8273426661622
Mission Viejo,0,9.20789897053019,11.2624542817505
El Sobrante,0,15.6979045402081,27.1850170261067
Lakeport,0,21.6795353309705,42.4139235716988
West Hollywood,0,19.0764812371888,35.9818388195233
Valencia,0,13.6879637262731,21.6925211249842
Edwards,0,24.1585536049363,47.9757850926977
Orland,0,23.6141438597266,46.6389204187161
Landers,0,22.9606645113406,45.2894438138479
Vista,0,17.2255420596739,31.063185773742
Littlerock,0,22.9902450120275,45.2831378484046
Angelus Oaks,0,23.9337691382687,47.4839197881196
Chualar,0,23.8948188858669,47.3830243410266
Borrego Springs,0,23.8727648543996,47.3325766174801
Cloverdale,0,19.3375665209529,35.9881447849666
Twentynine Palms,0,15.8415276572751,27.5192331946021
Fort Bragg,0,21.1912669703202,41.3040736536764
Cotati,0,17.4897505767036,31.655946525413
Palm Springs,0,15.604166841451,26.7499054105183
Elk Creek,0,23.7283720614015,46.9163828982217
Carmel Valley,0,14.3613677602096,24.990541051835
Paso Robles,0,14.7759088333257,24.5554294362467
Yucca Valley,0,18.1965987439157,33.7116912599319
Healdsburg,0,19.0824289678434,35.9944507504099
Morongo Valley,0,21.4293769139373,41.5247824441922
Jackson,0,23.2575490868853,45.7560852566528
Bonita,0,15.441074101665,26.2580401059402
Menlo Park,0,5.86198893095817,4.46462353386303
Lockeford,0,23.0756934054601,45.352503468281
Three Rivers,0,23.0637264519697,45.3146676756211
Paradise,0,18.1287927422731,33.5351242275192
Running Springs,0,22.9091469856169,44.9615336107958
Valley Springs,0,20.8397285185382,40.0491865304578
Beverly Hills,0,15.7137565328316,27.0525917517972
Fort Irwin,0,22.4907873458859,44.1922058267121
Willits,0,19.9264286671577,37.7412031782066
Springville,0,22.3829425216996,43.8264598310001
Linden,0,22.2607971311336,43.5868331441544
Morro Bay,0,11.8406507042864,17.2152856602346
Alturas,0,22.2173376015659,43.4481019044016
Yreka,0,20.9464326606063,40.623029385799
Calimesa,0,16.394662701404,28.7678143523773
Phelan,0,14.9799263037297,25.0599066717114
Bradley,0,22.0029293165294,42.9814604615967
Half Moon Bay,0,16.1789372600633,28.5092697692017
Copperopolis,0,21.7929001313842,42.640938327658
Scotia,0,21.7724905408547,42.5904906041115
El Segundo,0.166666666666667,15.5661225556753,26.5670324126624
Antelope,0,16.7602479619564,29.8082986505234
Thousand Palms,0,16.4981927142248,29.0957245554295
Lincoln,0,8.71910500089739,10.3039475343675
Redwood Valley,0,15.2828917431994,26.5291966200026
Stonyford,0,21.4332291956187,41.9094463362341
Wilton,0,18.0026785957142,32.9865052339514
Montrose,0,21.2545861160009,41.581536133182
Laguna Hills,0,13.0031126652112,20.0403581788372
Berry Creek,0,21.2292654504762,41.480640686089
Carpinteria,0,21.0853788096845,41.0266111741708
Calabasas,0,11.0091334409718,15.430697439778
Walnut Creek,0,9.0488538661934,10.9471560095851
Auburn,0,13.2841830733288,20.8286038592509
Rohnert Park,0,12.9358932572683,19.8637911464245
Cupertino,0,10.7546115653419,14.6992054483542
Porter Ranch,0,18.7358953054234,35.0548618993568
Nevada City,0,17.619386775473,32.0343044520116
Fair Oaks,0,16.6816230069276,29.5623659982343
Igo,0,20.6101805169587,39.828477739942
Litchfield,0,20.5183657632201,39.6392987766427
Winchester,0,18.8264206125849,35.2755706898726
Novato,0,9.7709424037632,12.5740950939589
Playa del Rey,0,18.1275083731452,33.5225122966326
Saint Helena,0,15.801064353328,27.3174423004162
Nipomo,0,15.2756256788588,25.7661748013621
Yosemite NTL Park,0,20.1476909671346,38.7438516836928
Dublin,0,12.9805967838845,19.9772985244041
White Water,0,20.1037121712213,38.5420607895069
Sausalito,0,9.61691598221667,12.3344684071131
Clearlake Oaks,0,18.5706027870014,34.487325009459
San Carlos,0,7.88044423878189,8.17253121452895
Portola,0,20.007909809827,38.2519863791146
Davis Creek,0,19.9854380607723,38.2267625173414
Calpine,0,19.9654826601361,38.2015386555682
Hercules,0,18.3525723903719,34.1531088409636
Fiddletown,0,19.8241631160776,37.9114642451759
Pescadero,0,19.8232443814599,37.8988523142893
Pine Grove,0,19.7237844722459,37.6592256274436
San Clemente,0,9.60071466595349,12.3092445453399
Bishop,0,11.680303891974,16.67297263211
Stevenson Ranch,0,13.8480848545227,22.9347963173162
Kelseyville,0,15.4990509095312,26.5985622398789
Mariposa,0,13.4660049796646,21.1880438895195
Westlake Village,0,11.5990600163124,16.4459578761509
Pleasanton,0,14.350048635967,23.2816244166982
Placerville,0,15.3003345300504,25.9238239374449
Kings Canyon National PK,0,19.1398729755441,36.1584058519359
Lower Lake,0,17.7809443963952,32.4820279984866
Korbel,0,18.947222278023,35.6287047546979
Desert Hot Springs,0,15.0691409706667,25.274309496784
Dana Point,0,8.04084113995141,8.89141127506619
Malibu,0,9.40351203161274,11.8047673098751
Oceano,0,18.7680113924437,35.1368394501198
Encinitas,0,10.1769143530339,13.5199899104553
Carlsbad,0,8.93690857972665,10.7201412536259
La Palma,0,17.2886617666329,31.0505738428553
Hornbrook,0,18.7110769558495,35.0233320721402
Pinon Hills,0,18.6534867461569,34.8593769706142
Winters,0,18.637395688495,34.8089292470677
Lytle Creek,0,18.6074398646636,34.7458695926346
American Canyon,0,14.5839985533791,24.0131164081221
Shandon,0,18.4512407509419,34.3675116660361
Pioneer,0,15.4751640826707,26.6742338251987
Santa Cruz,0,12.7098800346199,19.4223735653929
Catheys Valley,0,18.2073485019549,33.7495270525918
Independence,0,18.131410700287,33.5603480892925
Crescent City,0,15.4365325080623,26.232816244167
Ojai,0,11.6688184811578,16.9189052843991
Cassel,0,18.0050976905062,33.1567663009207
Alpine,0,11.3271969830945,15.8973388825829
South Lake Tahoe,0,14.432813093051,23.6473704124102
Durham,0,17.6688896707395,32.3369907932905
Mendocino NTL Forest,0,17.599033098411,31.9964686593517
Sonoma,0,13.3818762050311,21.0303947534368
Los Padres NTL Forest,0,17.5414512257382,31.7946777651658
Shasta Lake,0,11.4025100358369,15.9162567789129
Lake Arrowhead,0,17.4515765349545,31.5802749400933
Soda Springs,0,17.0918482583685,30.5839324000504
South Pasadena,0,10.4622880087923,14.125362593013
Avalon,0,17.048965503077,30.5082608147307
McArthur,0,15.0442038189893,25.356287047547
Belmont,0,8.60471433916458,10.0012611930887
Sebastopol,0,11.8194029068233,17.1396140749149
Palm Desert,0,8.38399079207447,9.38327657964434
Klamath,0,16.8448507855909,29.9785597174927
Susanville,0,15.433119678947,26.2580401059402
Quincy,0,16.8163341161032,29.9281119939463
Campbell,0,13.654276887697,21.6357674359945
Elverta,0,15.6199605993079,26.7814352377349
Chester,0,15.6101637120335,26.7309875141885
Acton,0,14.5132218907107,24.0635641316686
Potter Valley,0,16.4279115548473,28.8560978685837
Llano,0,16.3793903680306,28.7299785597175
Travis AFB,0,15.313930964995,25.8733762138984
Angels Camp,0,16.31131716697,28.5660234581914
La Canada Flintridge,0,7.11482780690287,6.77260688611426
Anza,0,16.2523706339659,28.4272922184386
Poway,0,8.37468969335136,9.38958254508765
Magalia,0,15.4562665321908,26.3715474839198
Leggett,0,16.1775621012888,28.2759490477992
Montague,0,16.1770806315468,28.2633371169126
Macdoel,0,15.5443101567604,26.579644343549
Lebec,0,16.168782801761,28.2255013242527
Orangevale,0,11.9166570408592,17.2972632109976
Port Hueneme CBC Base,0,16.1168002806027,28.0237104300668
Grover Beach,0,14.6836227336982,24.397780300164
Santa Margarita,0,16.0628671826038,27.8723672594274
Ferndale,0,16.0357508135913,27.8345314667676
Shingletown,0,14.1099927003907,23.0104679026359
Albany,0,8.12860585201837,8.74006810442679
Pleasant Hill,0,8.91492355921504,10.6696935300795
Termo,0,15.8205255951178,27.3552780930761
Joshua Tree,0,14.1354017461743,23.073527557069
Oak View,0,14.5118324026632,23.9374448228023
Ramona,0,10.1613096287414,13.3560348089293
Nice,0,15.5542181438209,26.5733383781057
Geyserville,0,15.5125335950955,26.4219952074663
Blocksburg,0,15.3883455217972,26.0562492117543
Rocklin,0,7.61690350567392,7.57977046285786
Mountain Ranch,0,15.1808524828282,25.5517719762896
Hoopa,0,12.0464521789092,18.1107327531846
Valyermo,0,15.1320197594313,25.43826459831
Coulterville,0,15.1202457965456,25.3752049438769
Strawberry Valley,0,15.060347486656,25.2490856350107
Bonsall,0,15.0464012906977,25.2112498423509
Goleta,0,7.72947084494689,7.78156135704376
Monterey,0,5.96895263856852,4.61596670450246
Wrightwood,0,14.7438286582814,24.5049817127002
Julian,0,14.7393547843975,24.4923697818136
Descanso,0,14.6780874983104,24.3536385420608
Valley Center,0,12.2841798671468,18.325135578257
Pacific Palisades,0,9.1331800024079,11.1615588346576
La Jolla,0,6.36728909160343,5.39790641947282
Fort Jones,0,14.4855999256017,23.7104300668432
MI Wuk Village,0,14.4686831011679,23.6347584815235
Folsom,0,5.69767680957582,4.08626560726447
Sloughhouse,0,14.3841489797019,23.420355656451
Truckee,0,6.40704028123351,5.52402572833901
Philo,0,14.2266878108219,23.0041619371926
Shaver Lake,0,14.1558789056307,22.8149829738933
Dunnigan,0,14.1388156412628,22.7519233194602
Coarsegold,0,12.0945997602358,18.0855088914113
Georgetown,0,14.0868211617028,22.6762517341405
Covelo,0,14.0438335287697,22.5879682179342
Point Arena,0,13.9090233685661,22.2096102913356
Warner Springs,0,13.879383082676,22.1717744986757
Mammoth Lakes,0,13.8763929314831,22.1591625677891
La Quinta,0,9.53924443137863,12.2209610291336
Jamul,0,12.9985036774188,20.0277462479506
Bridgeport,0,13.7990245749186,21.9573716736032
Blue Lake,0,13.785485884885,21.9069239500568
Laguna Niguel,0,7.05805502898501,6.67801740446463
Forestville,0,10.3775451077883,14.1947282128894
Coronado,0,5.69994307324056,4.09887753815109
Forest Ranch,0,13.4546082358919,21.137596165973
Rancho Santa Margarita,0,9.39980813783459,11.760625551772
Glenn,0,13.334131437999,20.9105814100139
Lakehead,0,13.1427189258934,20.4817757598688
Pacifica,0,9.97150864082282,13.2109976037331
Pauma Valley,0,13.0437636834104,20.2169252112498
Trinidad,0,13.0274848000897,20.1286416950435
Dunsmuir,0,12.9738567909583,19.9646865935175
Atascadero,0,8.13702566310242,9.25085130533483
Raymond,0,12.8493818899991,19.7124479757851
Lewiston,0,10.6892108946537,14.7181233446841
Davenport,0,12.8064005226053,19.6115525286921
Burlingame,0,8.76631742804852,10.3670071888006
Templeton,0,10.6595058444796,14.7685710682306
Kings Beach,0,9.41152194178514,12.1200655820406
Bridgeville,0,12.5224876286191,19.0314037079077
Silverado,0,12.5224388317824,19.0187917770211
Penn Valley,0,12.4885283263041,18.9305082608147
San Ramon,0,6.17798924603575,5.03216042376088
Arnold,0,10.5176587939106,14.3839071761887
Solana Beach,0,6.78249303367045,6.20506999621642
Middletown,0,12.3180649654559,18.4386429562366
Los Osos,0,6.53661211701511,5.72581662252491
Wilseyville,0,12.2722669065939,18.2746878547106
Mount Shasta,0,12.2076991198966,18.0981208222979
Somes Bar,0,12.1512970815109,17.9467776516585
Comptche,0,12.1177419541089,17.896329928112
Sierra Madre,0,9.88327604338099,12.719132299155
Herlong,0,12.0184001865546,17.6062555177198
Bayside,0,12.0138150115219,17.5936435868331
Stanford,0,8.87448272317353,10.8651784588221
Calistoga,0,10.9897781729756,15.3865556816749
Capitola,0,11.7538378250281,16.937823180729
Indian Wells,0,7.92950902108071,9.5535376466137
Shingle Springs,0,9.49610814473972,11.9750283768445
Laguna Beach,0,6.75036199749655,6.15462227266995
Alta,0,11.7696208617841,16.937823180729
Guerneville,0,11.4953874178683,16.244166981965
Modoc Shasta Klamath for,0,11.6227818579042,16.5468533232438
Loomis,0,9.42844474718948,11.6975658973389
Foresthill,0,11.5830352804143,16.3828982217177
Pollock Pines,0,8.76327289399016,10.4300668432337
Somerset,0,11.4773255523196,16.1054357422121
Solvang,0,11.3613743232722,15.878420986253
Markleeville,0,11.3433567732659,15.8531971244798
Forks of Salmon,0,11.2845178159183,15.714465884727
Angwin,0,11.2127246079821,15.5252869214277
Manhattan Beach,0,5.22204174556419,3.50611678648001
Aliso Viejo,0,8.23165766323697,9.09320216925211
Camino,0,10.9108246712798,14.9829738933031
Yountville,0,10.8484877878289,14.9073023079834
Aptos,0,5.82002171629617,4.30066843233699
Montgomery Creek,0,10.6880893628987,14.6172278975911
Rancho Mirage,0,8.91900946985048,10.7075293227393
Los Gatos,0,4.91010588949814,3.06469920544835
McKinleyville,0,9.41536727437729,11.8678269643082
Moss Beach,0,10.3945152506039,13.9487955606003
Crescent Mills,0,10.2731378903562,13.7848404590743
Greenbrae,0,5.58814025306237,3.93492243662505
Cedarville,0,10.1092876350494,13.5704376340018
Eldorado NTL Forest,0,10.0857860311111,13.4947660486821
Garberville,0,10.0760366999651,13.4569302560222
Rancho Palos Verdes,0,5.61813931143604,3.9727582292849
Murphys,0,10.0160012439521,13.3181990162694
Foothill Ranch,0,10.0010362901563,13.2425274309497
San Marino,0,8.69305242935441,10.1652162946147
Orinda,0,2.7015024949497,0.731491991423887
Penngrove,0,9.62834441938952,12.3975280615462
Hopland,0,9.56794489374656,12.2083490982469
Elk,0,9.34748652268622,11.6408122083491
Blairsden-Graeagle,0,9.26761809178999,11.41379745239
Ben Lomond,0,7.47665332147582,7.71219573716737
Los Olivos,0,9.15616622161136,11.1867826964308
Arroyo Grande,0,6.81427145097733,6.17984613444319
Challenge,0,9.05758212580062,10.9723798713583
Hayfork,0,9.02440049353383,10.8967082860386
Corte Madera,0,8.21100984033994,9.04906041114893
Los Altos,0,3.85707560192716,1.72783453146677
Newcastle,0,8.68146201364846,10.1904401563879
Colfax,0,8.65961703894754,10.1399924328415
Palos Verdes Peninsula,0,5.3681238457529,3.64484802623282
Cardiff By the Sea,0,8.58184024960449,9.90036574599571
Southeast Trinity County,0,8.5697412742921,9.83730609156262
Atherton,0,5.57791830012685,5.22133938706016
Boulder Creek,0,8.4018745080666,9.46525413040736
Meadow Vista,0,8.48504008015461,9.68596292092319
Trabuco Canyon,0,4.51023622126388,2.45932652289065
Cambria,0,3.42598351416407,1.32425274309497
Occidental,0,8.15280718245015,8.84096355151974
Topanga,0,8.15241123263671,8.82835162063312
Pismo Beach,0,7.93937397060391,8.27342666162189
Saratoga,0,6.43364329095487,5.53033169378232
Big Bar,0,8.09155514927329,8.57611300290074
Earp,0,7.98891073525969,8.39954597048808
Granite Bay,0,5.23101065857789,3.44305713204692
Hermosa Beach,0,5.84004235859885,4.36372808677008
Del Mar,0,3.28944048287444,1.19813343422878
Fairfax,0,3.84907286602061,1.71522260058015
Danville,0,3.23930770598711,1.16660360701223
El Dorado,0,7.49115746125743,7.35275570689873
Glen Ellen,0,7.46426591697388,7.32753184512549
Janesville,0,7.4244415187267,7.28969605246563
Belvedere Tiburon,0,4.9491834328571,3.08992306722159
Newport Coast,0,6.70726048574046,5.99697313658721
Rescue,0,4.99804518689714,3.91600454029512
Cayucos,0,7.28555497728492,7.0626812965065
Scotts Valley,0,6.99732760497797,6.58342792281498
El Dorado Hills,0,4.26299321308504,2.25122966326145
Portola Valley,0,6.97881137729636,6.55820406104175
Herald,0,6.94958889827764,6.52036826838189
Pilot Hill,0,6.83965511024115,6.29335351242275
Mill Valley,0,4.63707525111145,2.66111741707656
Tahoma,0,6.73809076866522,6.14201034178333
Cazadero,0,3.98585298019843,3.07731113633497
Rough and Ready,0,6.66399170738226,5.97805524025728
Tahoe City,0,6.48570999608995,5.59339134821541
Applegate,0,6.58577756338306,5.81410013873124
Lafayette,0,3.73649516974859,1.6143271534872
Palo Cedro,0,4.59758573852378,3.17190061798461
Felton,0,6.36814857267937,5.41051835035944
Soquel,0,6.35626083219944,5.37268255769958
Pebble Beach,0,6.16134640946511,4.9817127002144
Ladera Ranch,0,3.84178489965413,1.70261066969353
Clayton,0,4.60002085555633,2.94488586202548
Rancho Santa Fe,0,5.98097450180367,4.65380249716232
Sunset Beach,0,5.86513478190712,4.41417581031656
Lake Hughes,0,5.8336122675701,4.35111615588347
Oak Park,0,5.24102395592414,3.48719889015009
Villa Park,0,5.40079882637543,3.63223609534619
Larkspur,0,5.40625456558443,3.70790768066591
Corona del Mar,0,4.85320655215645,2.98902762012864
Norden,0,5.07023301618449,3.19081851431454
Point Reyes Station,0,4.83312672405332,2.9638037583554
San Anselmo,0,3.97313225053233,1.87917770210619
Carmel,0,1.93228901434379,0.340522133938706
Stinson Beach,0,4.19682713861334,2.1566401816118
Pacific Grove,0,3.21202504631524,1.13507377979569
Penryn,0,3.36204285608392,1.28641695043511
Alamo,0,2.17508791607944,0.416193719258419
Moraga,0,1.72691622885039,0.2017908941859
San Geronimo,0,1.84828906709922,0.290074410392231
Carnelian Bay,0,1.71642145140719,0.176567032412662
Universal City,1,,
Yosemite National Park,0,,
San Quentin,0,,
Kyburz,0,,
Channel Islands,0,,
Channel Is Air Guard Station,0,,
