,SiteCity,TotalFirstYearGrosskWh,TotalFirstYearGrossTherm,TotalLifecycleGrosskWh,TotalLifecycleGrossTherm,Budget,Total Claims,Total Programs,% OBF Budget,% Resource Budget
0,ACAMPO,48664.72674,-148.89033,583976.72088,-1786.6839599999998,17684.56850862034,6,1,0.0,100.0
1,ADELANTO,13576.844232000001,-30.037266,67884.22116,-150.18633000000003,27320.063231079836,4,1,0.0,100.0
2,ALAMO,73049.39259999999,118.64523999999994,684999.97629,-1279.097025,48785.5426833944,15,1,88.04489588116499,100.0
3,ALBANY,153765.92200000002,-785.07633444,842200.6074000001,-4288.070280100001,60926.19352823323,35,2,0.0,100.0
4,ALHAMBRA,21630.949392000002,-32.172462416,120233.35022400001,-178.879938,48465.44760118646,7,1,0.0,100.0
5,ALTA,185.0,0.0,2220.0,0.0,12.8399316662954,1,1,0.0,100.0
6,ALTADENA,21139.6,0.0,253675.2,0.0,14367.503893547711,15,1,0.0,100.0
7,AMERICAN CANYON,246321.56896000003,-390.57183000000003,2569735.0669508,-3193.5306357,113629.61569686409,737,2,0.0,100.0
8,ANAHEIM,2843.648112,-1.6353152910000002,14302.668959999999,-8.226646164000002,4105.06843057128,3,1,0.0,100.0
9,ANDERSON,153146.06399999998,-137.86500238399998,1627538.6715000002,-1050.015401858,162295.57250721753,18,2,14.336812236543494,100.0
10,ANGELS CAMP,34384.047026,-285.90726,367388.0150384,-3469.583328,18687.83465337712,8,2,0.0,100.0
11,ANGWIN,12649.271999999999,-112.63211,123444.92880000001,-1114.6920417000001,5444.597849844852,3,1,0.0,100.0
12,ANTIOCH,1090279.8541159998,-1526.2517004300012,12105645.502705997,-16843.510686299982,755185.7000740556,401,2,75.68995325730575,100.0
13,APPLE VALLEY,212224.59000000003,-220.07699999999997,2514589.7183999997,-2640.924,206693.35003398097,20,1,100.0,100.0
14,APTOS,344026.4910000001,-3084.893000000001,2726986.2614299995,-24017.0951,193663.26518843794,40,2,22.02401216445574,100.0
15,ARBUCKLE,47268.9,0.0,224039.088,0.0,45369.20434260137,2,1,0.0,100.0
16,ARCADIA,72342.81,0.0,868113.72,0.0,40843.1973017146,2,1,0.0,100.0
17,ARCATA,582409.920379,-1503.7109731700004,5108532.130400919,-13099.61364446201,587876.0012114533,451,2,2.8295588362770614,100.0
18,ARMONA,1900.193904,-6.590762640000001,9500.969519999999,-32.9538132,7837.695728930872,2,1,0.0,100.0
19,ARNOLD,1858.7199999999998,-12.782340000000001,16991.487999999998,-119.529936,1547.710453935579,4,1,0.0,100.0
20,AROMAS,61619.141,-311.125,622569.0721100002,-3174.62926,40748.69540591155,7,1,0.0,100.0
21,ARROYO GRANDE,282692.1174599999,-1218.98604706,3238651.5253675007,-15423.245369839995,141893.20786205024,94,2,0.0,100.0
22,ARVIN,235985.14137,-1118.2189301050003,2525115.5240569995,-12564.761510772998,99105.11401967792,69,1,29.56813824972973,100.0
23,ATASCADERO,487560.548833,-2199.8578935620008,5412426.591695801,-26667.468217822006,254199.32869633767,328,2,2.286541693391403,100.0
24,ATHERTON,1010.0,0.0,12120.0,0.0,721.490514949886,4,1,0.0,100.0
25,ATWATER,388888.98519999994,-143.42904103,4587367.5444,-1095.3018051,519211.63380537485,1443,3,85.5628584103576,100.0
26,AUBURN,215833.16163999998,-1196.4284196370004,2183727.1615903997,-12870.442290489998,222860.33270627292,152,3,9.11339028204591,100.0
27,AVILA BEACH,15711.72032,-13.54369,149714.36966040003,-133.4039943,7001.948021230503,34,2,0.0,100.0
28,BAKERSFIELD,15071711.350453647,-47685.54878544011,154592563.85288602,-501341.3494702535,5958405.849216859,18480,2,7.438344234748517,100.0
29,BAKERSIFELD,4681.399999999995,0.0,56176.800000000054,0.0,1062.96861515541,75,1,97.81078818728484,100.0
30,BALBOA,7175.0,0.0,86100.0,0.0,4081.858160108138,3,1,100.0,100.0
31,BALDWIN PARK,681793.8559400002,-23.228871876,8072173.979699999,-116.14435938,422768.92262032133,10,1,4.412623840531839,100.0
32,BANTA,51475.5,0.0,368614.8,0.0,14839.8038306952,1,1,0.0,100.0
33,BARSTOW,193153.72319999998,-61.421850000000006,889673.238,-307.10925000000003,172943.96164696192,12,1,11.943600025162125,100.0
34,BAY POINT,49620.718547000004,-622.20315,574754.9838999999,-7096.680200000003,45875.80975605724,65,1,0.0,100.0
35,BAYSIDE,6071.04315,-122.33528600000004,78559.3503,-1647.1424600000005,7783.8875199740705,41,1,0.0,100.0
36,BELMONT,151204.07599999997,0.0,1625603.909,0.0,116113.24914964261,10,2,0.0,100.0
37,BELVEDERE,7369.280000000001,-44.849,51787.840000000004,-333.2452,5473.690049386841,7,1,0.0,100.0
38,BEN LOMOND,17841.033,-166.905,124730.48601000001,-851.2806599999999,8335.549908928033,3,1,0.0,100.0
39,BENICIA,429169.77662000014,-2066.559693155,4106471.2344716,-18644.267501649996,241293.68808353832,117,3,40.43137769282824,100.0
40,BENTON,3726.9,-12.231,43936.83,-146.77200000000005,6794.866514691903,3,1,100.0,100.0
41,BERKELEY,836491.7124962995,-5193.810612137001,8176895.297505199,-58562.811005535994,557889.922936303,387,3,2.462323582619803,100.0
42,BETHEL ISLAND,6215.408316,-75.43593,64640.2464864,-784.533672,5797.642936258272,2,1,0.0,100.0
43,BEVERLY HILLS,415702.04736,-0.7483069440000001,4735782.556799999,-3.7415347199999998,408832.0557123836,35,1,0.0,100.0
44,BISHOP,4205.905568,-30.413515983999996,58325.54956800001,-421.760689872,59918.969655676025,6,1,68.74180269903589,100.0
45,BLUE LAKE,26643.868300000002,-86.91884847,286190.87613999995,-627.3821124,13781.319390154538,118,2,0.0,100.0
46,BLYTHE,370829.52,0.0,5387171.49,0.0,91649.45262033332,13,1,86.41792655524989,100.0
47,BODEGA BAY,10132.733844,-79.20504,121592.80613,-950.46048,5087.608584548454,3,1,0.0,100.0
48,BOONVILLE,35829.170794,-492.05043,469451.0791336,-6443.110872,21367.7704630503,3,1,0.0,100.0
49,BOULDER CREEK,110122.70037600001,-725.8075600000002,873304.8980147,-6480.776145199999,61971.34270607802,29,1,50.579019881492535,100.0
50,BRADLEY,1465.0,0.0,17580.0,0.0,72.48918860066381,5,1,0.0,100.0
51,BREA,56907.36,0.0,187794.288,0.0,27135.703524635097,1,1,0.0,100.0
52,BRENTWOOD,213533.7070000013,-158.95487156000004,2044249.3418979875,-3062.027382200001,171549.1583232353,955,2,53.00995739849722,100.0
53,BRIDGEPORT,51932.95000000001,-320.4469,612469.906,-3822.4133,111743.8737534378,29,1,100.0,100.0
54,BRIDGEVILLE,7859.1214,28.4714,85884.23856000003,283.97328,7382.012315859684,4,1,0.0,100.0
55,BRISBANE,309040.37299999996,-785.4254000000001,2611663.19781,-6367.17147,127604.29497247463,58,1,30.840349408413132,100.0
56,BROOKDALE,41170.0,0.0,205850.0,0.0,21714.0032833565,1,1,0.0,100.0
57,BROWNS VALLEY,370.0,0.0,4440.0,0.0,25.6798633325908,2,1,0.0,100.0
58,BUELLTON,136577.42273000002,-252.91886063,1450306.5181038,-2577.8225109400005,36601.08766141772,274,3,19.13001678152003,100.0
59,BUENA PARK,208320.370016,1260.8109563990001,2631190.7088,20191.30179935,125532.61640266159,34,1,49.39361944977595,100.0
60,BURLINGAME,1331067.259,-4042.5826175319994,11938748.372990001,-39096.95757766,537631.7989973895,920,3,33.9720378518941,100.0
61,BURNEY,8857.665,-14.597999666,98025.876,-72.989998323,10321.75528831893,5,1,100.0,100.0
62,BUTTONWILLOW,164338.92449000003,-703.07328,1892584.9869216003,-7872.726093200001,78305.35565433776,19,1,0.0,100.0
63,CALISTOGA,212789.11454102004,-701.44185876,2431401.3556199004,-8366.324570259998,88825.42096924083,271,2,0.0,100.0
64,CAMARILLO,26280.541157630003,-16.471986111,140118.1598314,-86.308003288,49969.76757503522,9,1,0.0,100.0
65,CAMBRIA,50718.60659000001,-396.96617,626969.6569373001,-4970.221779900002,19600.02680502434,80,2,0.0,100.0
66,CAMERON PARK,50365.50622,-305.68307000000004,587798.3828639999,-3573.2214959999997,38962.8684860421,13,1,0.0,100.0
67,CAMINO,4154.83416,-36.13185,49858.00992,-433.5822,3354.113980844292,2,1,0.0,100.0
68,CAMP MEEKER,409.744,-9.6526,3628.76,-85.828,462.6536733978288,3,1,0.0,100.0
69,CAMPBELL,473185.0184,-1565.7446906899997,4870550.9937499985,-14969.167363499999,338893.255701452,565,2,6.191652892387836,100.0
70,CANYON COUNTRY,31891.44,0.0,382697.27999999997,0.0,23534.47675638563,3,2,0.0,100.0
71,CANYON LAKE,9708.614323200001,-8.531205835,61673.5525824,-54.634713566,14467.730932512792,8,1,0.0,100.0
72,CAPITOLA,351178.62996000005,-1655.8058099999998,2633696.493171,-11135.280680700002,154072.8939078952,26,1,28.9946660408684,100.0
73,CARLOTTA,16778.387,850.2356000000001,184030.4368,18583.260000000002,34203.47338296772,6,1,0.0,100.0
74,CARMEL,157141.538,-1449.5060000000003,1619132.1759,-14712.376500000002,90717.01788277357,38,1,32.55874153605679,100.0
75,CARMEL VALLEY,30851.149000000005,-188.4,356436.24139,-2182.96947,19611.902000471644,7,1,0.0,100.0
76,CARPINTERIA,4805.7264,-2.867965041,28580.596703999996,-14.906479262000001,10809.526021990996,4,1,0.0,100.0
77,CARSON,931403.692288,6040.052618724,9843807.82844,18058.363093622,472207.04795762186,109,2,35.83050645037119,100.0
78,CARUTHERS,23185.278,-114.822,292627.77119999996,-1194.1488,10472.48039643377,2,1,0.0,100.0
79,CASTAIC,90940.26,0.0,1091283.12,0.0,52234.36400125722,20,1,0.0,100.0
80,CASTRO VALLEY,324351.01943822013,-3565.4259600000005,3354823.8070586002,-36932.236714,224983.16434695545,91,2,0.0,100.0
81,CASTROVILLE,206877.143,-1592.6589999999999,1643394.8892299999,-9269.295150000004,122974.92419905923,24,2,0.0,100.0
82,CAYUCOS,18655.46744,-52.85779,101876.11261680002,-310.0363113,13042.578515109506,11,2,0.0,100.0
83,CAZADERO,352.74800000000005,-8.2834,2716.824,-63.9208,377.10451098764725,4,1,0.0,100.0
84,CERRITOS,8785.8,0.0,105429.6,0.0,2267.635220201866,3,1,100.0,100.0
85,CHALFANT VALLEY,1276.6599999999999,-12.573,15319.920000000002,-150.876,2948.2540146492443,4,1,100.0,100.0
86,CHATSWORTH,1377.6,0.0,16531.2,0.0,842.5557075702161,1,1,0.0,100.0
87,CHICO,1541790.9815999994,-1720.531373624,17508478.976800002,-17025.708316165998,1293355.7239177502,4523,5,16.253040242747648,100.0
88,CHOWCHILLA,461350.78199999983,-390.20399911999993,5196954.479600001,-3879.26719558,198932.87688557472,336,2,7.861166601112742,100.0
89,CHUALAR,98910.981,-622.6740000000001,1064718.972,-7472.088,62023.26814244574,3,1,0.0,100.0
90,CLAREMONT,118775.87750000002,0.0,1425310.5299999998,0.0,49810.31779085281,10,1,66.61051497856921,100.0
91,CLAYTON,56473.20302,-245.09834161,481983.41606,-1585.2397081,33937.22711075336,74,2,0.0,100.0
92,CLEARLAKE,381931.6878,-1718.9025320299997,4219673.747156402,-18988.68160469,224622.9935736608,57,2,6.0614888185795985,100.0
93,CLEARLAKE OAKS,48434.09215800001,-680.44902,506520.17999860004,-7023.218399400001,32304.51729680145,8,1,0.0,100.0
94,CLOVERDALE,255002.11828,-713.0857492700001,2911958.5448801997,-7591.8432716,115774.55701605757,26,1,0.0,100.0
95,CLOVIS,1719822.479,-1690.4583059650001,17801171.812479995,-17907.764639724,886236.7007018812,7733,3,11.05423328977326,100.0
96,COALINGA,210288.77699999997,-170.79300278899998,1913133.2023800001,-1189.738453947,54218.71551400743,591,2,0.0,100.0
97,COARSEGOLD,49681.44299999999,-234.084,642819.8712,-3477.4176,20641.20544102424,7,1,0.0,100.0
98,COLFAX,7543.0,-20.869999999999997,86808.5,-194.809,2838.1853823024408,30,2,0.0,100.0
99,COLMA,236375.16999999995,-659.0699999999999,1745255.74683,-5004.846450000001,38771.9931071736,16,1,74.24719736891332,100.0
100,COLUSA,1902.15,-20.637,19782.36,-214.6248,1631.9097854204301,2,1,0.0,100.0
101,CONCORD,1030959.0213670023,-4054.885650539998,8820023.588520791,-38254.91861090006,594691.2615064015,712,1,15.166827780701572,100.0
102,COPPEROPOLIS,1300.02534,-5.23692,13520.263536000002,-54.46396800000001,1478.38055773354,1,1,0.0,100.0
103,CORCORAN,66692.0,0.0,800304.0,0.0,4473.787690208487,345,1,0.0,100.0
104,CORNING,115242.68,0.0,1382912.16,0.0,15793.386300896884,443,2,0.0,100.0
105,CORONA,2495850.0806399994,-7.18221504,29892458.803200006,-35.9110752,1071545.1166154004,413,1,0.0,100.0
106,CORONA DEL MAR,21522.047376,-2.367336861,246423.38688,-20.466284304000002,19366.071896163226,16,1,31.75633495241025,100.0
107,CORTE MADERA,61005.82086,-327.50112974300004,686255.3857440002,-3516.4873107100016,39199.555826151234,59,3,50.51509619142619,100.0
108,COSTA MESA,275678.973804,-33.002750531,3041041.3227840015,-217.660613114,148945.5584379258,80,1,52.664219958091685,100.0
109,COTATI,271937.380978,-1462.2161777099996,2973171.6603983,-14905.4858342,109152.81199084352,403,2,0.0,100.0
110,COULTERVILLE,6691.725804,-73.33265,67879.94836159999,-720.57556,5142.6919003354615,3,1,0.0,100.0
111,CRESSEY,3937.909,-15.075999999999999,58429.2496,-219.7864,3363.5319924639653,3,1,0.0,100.0
112,CROWLEY LAKE,1129.5,0.0,13554.0,0.0,2745.62922767516,1,1,100.0,100.0
113,CULVER CITY,432360.58080000005,-220.476172024,3299000.6214000005,-1243.737262998,740226.907092189,38,1,42.58739522775478,100.0
114,CUPERTINO,484013.77999999997,-925.5338477759997,3682651.9929200006,-6865.912138829999,247370.60908834502,372,2,3.7524068392470404,100.0
115,CUTTEN,84789.0,0.0,1017468.0,0.0,5631.594411100092,433,1,0.0,100.0
116,DALY CITY,716892.7037999956,-3760.39246,7729328.142960036,-38558.514709999996,524365.790129288,1368,2,66.72300116468092,100.0
117,DANVILLE,222325.986202,-287.87186,2063115.2232439998,-2698.4601905,113364.03216243899,509,3,0.0,100.0
118,DAVIS,351784.38740000007,-353.21354,4043706.6552,-3887.77068,189874.14323203132,54,3,10.688532435063085,100.0
119,DEL REY,37284.880999999994,0.0,243368.5022,0.0,19428.716648255202,9,1,0.0,100.0
120,DELHI,12495.0,0.0,149940.0,0.0,44447.83480405271,130,1,95.55306461920956,100.0
121,DIAMOND SPRINGS,21732.776820000003,-156.53430142,176302.03899600002,-1185.5404511,17294.148918036135,5,1,0.0,100.0
122,DILLON BEACH,559.472,-13.2788,7487.980000000001,-178.154,855.0595343054033,5,1,0.0,100.0
123,DINUBA,190540.0,0.0,2286480.0,0.0,127050.24356852336,1203,1,18.83783575655345,100.0
124,DISCOVERY BAY,4923.4,-46.903999999999996,59080.8,-562.848,6226.449271865447,4,1,0.0,100.0
125,DIXON,587500.8374800005,-1336.4785181000004,6423303.007947996,-8843.383649300004,333415.9586610701,1093,4,0.0,100.0
126,DOS PALOS,121536.86,-294.87030000000004,1543559.52,-4717.924800000001,231156.53943895333,630,3,88.6407485663963,100.0
127,DOWNEY,1639051.6406319996,-31.918327987,12896970.629160002,-159.59163994199997,748363.9731352172,95,1,34.93263970702405,100.0
128,DOWNIEVILLE,18.5,-0.106,162.8,-0.9328,903.9732104590882,2,1,0.0,100.0
129,DUBLIN,282452.39300000004,-438.0994000000002,3127916.0000000005,-5831.805200000002,208330.78619214724,299,2,12.646947173708096,100.0
130,DURHAM,185.0,0.0,2220.0,0.0,13.932213076409099,1,1,0.0,100.0
131,EAST PALO ALTO,0.0,0.0,0.0,0.0,1763.1599855999998,1,1,0.0,100.0
132,EL CERRITO,401832.24984499987,-700.49489,4427479.63409,-9872.382056000004,183162.57684395934,1346,1,0.0,100.0
133,EL DORADO HILLS,13795.699999999999,-24.6,165548.4,-295.2,6773.0870623650135,36,2,37.92175978195998,100.0
134,EL MONTE,119920.022953,-178.22174522100005,696330.716456,-1035.6375139600002,121529.54519670701,40,1,0.0,100.0
135,EL PORTAL,0.0,0.0,0.0,0.0,39560.91981562809,6,1,0.0,100.0
136,EL SEGUNDO,17577.903168,-11.789317814,87889.51584000001,-58.946589071999995,48444.04814812829,4,1,0.0,100.0
137,EL SOBRANTE,251044.48888121996,-2394.44569,3049690.9665709985,-30108.768084299994,192640.95672882572,121,2,22.081819588733307,100.0
138,EL TORO,3214.4,0.0,38572.8,0.0,1124.84360827542,1,1,0.0,100.0
139,ELMIRA,133.78600000000003,-3.1351,677.004,-15.8548,87.2698175576482,2,1,0.0,100.0
140,EMERYVILLE,349156.8491978999,-843.3710799999999,3993190.0817548004,-11097.9661276,230760.68839503225,799,2,3.638275215918195,100.0
141,ESCALON,24555.36,-46.56,308104.32,-744.96,13850.468435570849,3,1,0.0,100.0
142,ESPARTO,0.0,0.0,0.0,0.0,1264.46001339,1,1,0.0,100.0
143,EUREKA,1900805.269083002,-20811.014527417,16315822.289294396,-171177.84297163002,1633526.7412309188,2795,3,3.5040656159415677,100.0
144,FAIRFAX,193260.2195362002,-1062.44523408,2300939.8439839976,-12233.149690400001,156145.02988116708,791,2,77.05296065526406,100.0
145,FAIRFIELD,3668954.3507218664,-17040.581383859022,34711597.86580853,-161494.15039467963,1821874.7267320284,924,4,3.531775801805682,100.0
146,FARMERSVILLE,12855.747828,-44.58975598,64278.739140000005,-222.94877989999998,47170.41483419004,2,1,0.0,100.0
147,FELTON,241666.69300000003,-1283.7525999999998,2228896.90912,-6371.264229999999,125644.75256846608,18,1,26.581149990232838,100.0
148,FERNBRIDGE,0.0,0.0,0.0,0.0,625.1500107662999,1,1,0.0,100.0
149,FERNDALE,74572.786656,-806.17697286,708050.67632,-6298.541723619999,55313.63737724995,164,2,0.0,100.0
150,FIELDBROOK,339.94820000000004,-3.646,4686.882,-58.336,199.8077175733696,4,2,0.0,100.0
151,FIELDS LANDING,7844.906800000001,-91.56239808000001,42759.534,-457.81199047,4440.887857359978,4,2,0.0,100.0
152,FILLMORE,15749.35488,-23.418605951999997,78746.7744,-117.09302976,35027.8519853025,1,1,0.0,100.0
153,FINLEY,71527.33727999999,-413.76546,389262.1304014,-2168.8631262,62804.63843049744,6,1,0.0,100.0
154,FIREBAUGH,119501.4072,-13.814536,1431579.5520000001,-148.999632,51464.87899765704,212,2,0.0,100.0
155,FIVE POINTS,40568.02,-4.74,482599.04,-32.232,31324.02422745806,10,1,12.456459667841452,100.0
156,FOLSOM,43074.0,0.0,516888.0,0.0,20014.58191837048,191,2,0.0,100.0
157,FOREST KNOLLS,811.044,-19.2176,10049.56,-238.868,1216.6641823931702,4,1,0.0,100.0
158,FOREST RANCH,279.0,0.0,3348.0,0.0,14.2829239724131,1,1,0.0,100.0
159,FORESTHILL,878.0,0.0,10536.0,0.0,43.4781621784183,3,1,0.0,100.0
160,FORESTVILLE,15331.78218458,-206.02420999999998,176145.86964380002,-2354.924264,6898.796940918337,11,1,0.0,100.0
161,FORT BRAGG,69661.431522,-447.83261678299993,550452.0507501,-4077.28539462,53340.16676728752,15,1,0.0,100.0
162,FORTUNA,289304.91093679995,1005.1139555810001,3099440.7980690002,47008.906930920006,358065.1024402415,158,1,10.264150644068632,100.0
163,FOSTER CITY,464174.99799999996,-184.0318143,3023608.8288899995,-916.6469116000001,96139.0496629666,13,2,86.18078395872821,100.0
164,FOUNTAIN VALLEY,26201.562500000004,0.0,314418.75,0.0,9423.693049150785,7,1,0.0,100.0
165,FOWLER,84149.101227,-193.25200010900002,848921.2216499998,-1729.784910542,51443.67221006344,19,1,70.70799133980516,100.0
166,FREEDOM,25565.913,-237.726,306790.956,-2852.712000000001,16735.670594193412,3,1,7.2871429550205455,100.0
167,FREMONT,4189145.550687909,-6263.748833706012,48321489.989239186,-64324.2396542246,2351006.555350034,14231,3,59.063291471273004,100.0
168,FRENCH CAMP,112990.17200000006,-96.26430000000003,925086.284,-1505.9220000000005,60798.155469514684,151,1,0.0,100.0
169,FRESNO,5874454.691619996,-8106.654178723003,60333431.43987596,-90623.34044642096,3002237.4604069605,684,5,7.372681682370569,100.0
170,FRIANT,16263.42,-186.3,257391.30000000002,-2980.7400000000002,8564.24084206962,3,1,0.0,100.0
171,FULLERTON,1050721.5500000007,0.0,11475321.449999994,0.0,530717.7887895927,90,1,19.27491449805957,100.0
172,FULTON,5679.283590000001,-82.67481000000001,59970.754872000005,-873.3803760000001,2988.48903163274,3,1,0.0,100.0
173,GARBERVILLE,20410.4792,-122.267800178,188149.11599999998,-709.83120109,6670.862372848966,62,2,0.0,100.0
174,GARDEN VALLEY,185.0,0.0,2220.0,0.0,12.8399316662954,1,1,0.0,100.0
175,GARDENA,13146.653519999998,-7.5593257729999985,65733.2676,-37.796628870000006,42208.281042329196,8,1,0.0,100.0
176,GEORGETOWN,6140.94708,-28.82142,73691.36496,-345.85704,5053.3805467616485,7,2,0.0,100.0
177,GEYSERVILLE,93111.71766674999,-645.88934,971498.9354226,-6763.021795500001,31897.266299146395,13,1,0.0,100.0
178,GILROY,2779159.0060000005,-7600.82463,24477914.342819996,-62444.04319000002,1773220.9287184274,95,3,6.82374877708098,100.0
179,GLEN ELLEN,58889.130573,-468.67346999999995,706849.6326573999,-5789.0759049,28515.955132817075,27,1,0.0,100.0
180,GOLD RUN,5783.8496,-8.480823834,61399.0212,-44.12488717,3897.281934931439,5,1,100.0,100.0
181,GOLETA,60493.622359999994,-40.576266061000005,303241.40252799995,-203.42670375700004,136099.89137071458,19,1,0.0,100.0
182,GONZALES,102710.78,-4.212,1230176.4,-37.0656,15273.977385589042,361,2,0.0,100.0
183,GRANITE BAY,3220.672,-19.367,45367.06880000001,-270.9328,5431.173093361839,5,1,0.0,100.0
184,GRASS VALLEY,735915.6256414999,-2095.3074404,8273818.6886024,-21246.03184230999,504653.9774911193,204,4,70.46580578944814,100.0
185,GRATON,469.372,-10.9602,4582.808000000001,-106.7496,1235.1912278955892,12,1,0.0,100.0
186,GREENBRAE,278.02799999999996,-6.101999999999999,2984.8759999999997,-63.3252,443.37905889412684,5,1,0.0,100.0
187,GREENFIELD,382413.85657999996,-1301.2181999999998,3632486.892463,-9818.548254,160964.86265104945,541,2,4.63971821071515,100.0
188,GREENWOOD,185.0,0.0,2220.0,0.0,12.8399316662954,1,1,0.0,100.0
189,GROVER BEACH,178879.28874400002,-1107.853237653,1576795.9967738,-9370.142260138002,101869.03307019532,126,2,0.0,100.0
190,GUADALUPE,73000.0195,-52.13927982,845903.8416,-481.7680191,29202.689652436016,270,2,0.0,100.0
191,GUALALA,4622.8,-15.925,55473.6,-191.1,3493.1428679067303,1,1,0.0,100.0
192,GUERNEVILLE,33654.989453999995,-73.02288,404951.1885254,-811.9340351999999,16502.99495993957,10,1,0.0,100.0
193,GUSTINE,149519.2052,-476.90904,1922549.3424,-7585.308480000001,88486.65877125267,285,2,0.0,100.0
194,HACIENDA HEIGHTS,45187.506,-0.81,542250.072,-9.72,20846.162768369588,2,1,0.0,100.0
195,HALF MOON BAY,55886.77600000001,-129.574,543599.9814899999,-853.30677,16365.991262640922,172,1,64.9488155814618,100.0
196,HANFORD,115711.15868000001,-400.21143930000005,751473.588939,-2454.405255,345368.00200946664,97,3,0.0,100.0
197,HAWTHORNE,114878.475504,-40.38381141400001,745323.84792,-233.49867899400002,300698.0243222397,9,1,0.0,100.0
198,HAYWARD,2427577.6014394457,-18831.45080463298,25223738.00108135,-198652.48692432084,1694410.4781724797,1665,3,9.348900499460285,100.0
199,HEALDSBURG,161079.47031999996,-1275.20623,1668600.8227899997,-13133.7680521,50696.129577311236,19,1,0.0,100.0
200,HELM,163389.20400000003,0.0,1960670.4479999994,0.0,124410.68653787642,10,1,0.0,100.0
201,HEMET,54444.5518316,-52.887405818,548428.48364,-537.08204124,25563.48474257449,25,1,0.0,100.0
202,HERCULES,257024.31270199994,-1600.4051400000003,2549406.7844080008,-16963.743755999996,165130.07047658105,51,1,0.0,100.0
203,HERMOSA BEACH,298583.434656,-21.501209985,3645690.3432799997,-107.46042192399999,539726.5328517059,48,1,80.89578060769699,100.0
204,HESPERIA,17875.581191999998,-39.547746000000004,89377.90596,-197.73873,60882.014737745405,4,1,0.0,100.0
205,HOLLISTER,1595535.8617699994,-4590.279080050998,15481088.609790003,-39634.18966025601,931755.0826700719,2295,3,32.29871492722294,100.0
206,HONEYDEW,3631.455,-66.3255,37767.13200000001,-689.7852,3295.047976561369,1,1,100.0,100.0
207,HOOPA,18054.192000000003,-129.82339327900002,98037.84000000001,-841.49596642,18058.985473256806,12,1,0.0,100.0
208,HUNTINGTON BEACH,1958349.5479040002,-117.96124688499998,22335989.939519994,-633.1012344359998,1225646.0168907207,79,1,0.0,100.0
209,HUNTINGTON PARK,51889.14,1383.84,155667.41999999998,4151.52,11283.9564144427,3,1,0.0,100.0
210,HURON,4217.2,-0.062,18516.996,-0.1674,2127.6793196056474,5,1,0.0,100.0
211,HYDESVILLE,14392.5188,-259.2297061,73257.594,-1296.1485300000004,9400.824723801266,2,2,0.0,100.0
212,INDIAN WELLS,7804.710144000002,-1.313475609,39023.55072000001,-6.567378048,100168.59540000011,7,1,0.0,100.0
213,INGLEWOOD,181450.259712,-29.116619833999998,2215377.89856,-145.58309917199998,638693.0972518277,36,1,0.0,100.0
214,INVERNESS,7071.75474,-38.55254000000001,86405.12088,-499.07528,4282.8994914635405,10,2,0.0,100.0
215,IONE,117771.43564,-895.2471500000001,1283081.7466560001,-9527.047799999998,89756.47295071633,19,1,0.0,100.0
216,IRVINE,487780.1259999991,0.0,5940373.511999994,0.0,402596.03468263854,212,2,0.0,100.0
217,IRWINDALE,26540.579520000003,-39.464687808,132702.8976,-197.32343903999998,44491.28412452368,5,1,0.0,100.0
218,ISLETON,346697.392726,-626.95233075,3919739.69764,-5757.0843637,136127.09452717204,105,2,0.0,100.0
219,JACKSON,243215.506984,-1591.2884703170005,2726310.2307854006,-17320.950145580005,210977.54830453085,49,2,0.0,100.0
220,JAMESTOWN,8894.70188,-32.070930867,66078.4594,-152.305954344,8761.571028208413,10,1,0.0,100.0
221,JUNE LAKE,4527.099999999999,-18.397,54325.2,-220.764,8815.699700486484,6,1,100.0,100.0
222,KELSEYVILLE,83140.27333000001,-712.811105821,875541.6240859001,-7135.379184549999,69937.71934102762,24,1,0.0,100.0
223,KENSINGTON,38654.34036424,-494.9348,504851.21437080007,-6321.8656,29711.904032515464,11,1,0.0,100.0
224,KENTFIELD,21736.372891999996,9.133959999999945,285273.01924000005,2231.8655199999994,21581.9574716676,20,1,0.0,100.0
225,KENWOOD,26717.129589999997,-192.69991,330786.93333599996,-2479.2664240000004,13912.7102335829,16,1,0.0,100.0
226,KERMAN,91387.226,-438.41970000000003,1126471.0704,-5776.3872,27449.454097380807,243,2,0.0,100.0
227,KING CITY,1145487.8742400005,-3188.52106,9154528.000633001,-24181.3694262,594362.9806543953,616,3,41.572108130581995,100.0
228,KINGSBURG,102094.965,-74.34,1177214.7892500001,-731.5975800000001,17583.56895869093,443,2,0.0,100.0
229,KNEELAND,3905.739,-35.298,40619.6856,-367.0992,3065.479221088,1,1,0.0,100.0
230,KNIGHTS LANDING,6851.8,-0.128,31394.565000000002,-0.3456,5260.31515977343,3,1,0.0,100.0
231,LA GRANGE,740.0,0.0,8880.0,0.0,51.3597266651816,4,1,0.0,100.0
232,LA HABRA,8207.1,57.6,131313.6,921.6,88671.79891679801,1,1,0.0,100.0
233,LA PALMA,258769.59593600003,-6.625837662000001,3024572.7796799997,-33.129188316,208343.2201070401,7,1,0.0,100.0
234,LA SELVA BEACH,1227.0330000000001,-3.303,6699.74877,-14.82939,626.7039579857061,2,1,0.0,100.0
235,LAFAYETTE,58446.03400000005,-317.8552800000004,501580.88866000023,-3377.6779321,50161.694139943706,96,1,47.7819268618716,100.0
236,LAGUNITAS,12878.2368,-165.79728,169901.77952,-2120.980872,8610.784488281673,9,1,0.0,100.0
237,LAKE ELSINORE,22505.599872000003,-19.595392992,112527.99935999999,-97.97696496,129450.92373614528,9,1,0.0,100.0
238,LAKE SHERWOOD,291.65472,-0.433677888,1458.2736,-2.16838944,648.66392565375,1,1,0.0,100.0
239,LAKEHEAD,18337.328999999998,-10.989000164,213032.709,-54.945000820000004,22228.644529648936,3,1,0.0,100.0
240,LAKEPORT,332640.5221999999,-1010.5094137589997,3588125.8331142,-9337.386038197996,276142.09419902315,60,2,7.261801700348116,100.0
241,LAKEWOOD,447427.3464559996,-20.942117571,4993115.6356,-111.68491603700002,289293.54909314704,94,1,54.19585152216298,100.0
242,LAMONT,195101.87829999998,-1216.1186959200004,1897053.9297455999,-10254.113475302,81125.132475589,50,1,0.0,100.0
243,LANCASTER,178206.47999999998,1314.0,786312.36,3942.0,59681.732913924025,4,1,0.0,100.0
244,LARKSPUR,188624.00219199999,-1839.5207093999993,1613661.0077419998,-15151.575230999995,96243.40748463594,57,2,0.0,100.0
245,LATHROP,162052.13399999996,-103.53210000000001,1210631.5550000002,-1068.4620000000002,83907.66444180504,66,2,49.710234939496964,100.0
246,LATON,9009.884999999998,-38.853,106712.82,-404.0712,3099.815518364823,6,1,100.0,100.0
247,LAWNDALE,38370.913056,-2.8670175070000004,440887.26528,-23.155087536,25762.238236692592,6,2,0.0,100.0
248,LAYTONVILLE,9436.3956,-57.15252077,47181.978,-285.7626039,5198.28486682566,1,1,0.0,100.0
249,LE GRAND,6734.21,0.0,71423.15999999999,0.0,4348.793788904362,6,2,0.0,100.0
250,LEMOORE,71359.0,0.0,856308.0,0.0,4635.430723109039,354,1,0.0,100.0
251,LINCOLN,179791.36622000003,-182.15054,2146965.7826880002,-2063.300616,125289.31353416444,612,1,90.96556213662865,100.0
252,LINDEN,4926.474999999999,-20.935080000000003,56895.045600000005,-230.05295999999998,5196.594564520541,10,1,0.0,100.0
253,LINDSAY,12880.356972000003,-44.67511202,64401.78486,-223.3755601,258237.24558294352,7,1,0.0,100.0
254,LITTLEROCK,19593.18,-76.23,235118.15999999997,-914.76,10346.952184596088,2,1,0.0,100.0
255,LIVE OAK,88710.0,0.0,1064520.0,0.0,5601.78561144359,424,1,0.0,100.0
256,LIVERMORE,311823.9396295,-1041.77409577,2643530.0930839996,-7739.035576770002,158903.01058620555,64,3,0.08450996524588293,100.0
257,LIVINGSTON,108230.7,0.0,1295301.6,0.0,106110.94304939556,355,3,73.33494019873427,100.0
258,LOCKEFORD,59742.55404,-27.682740000000006,716910.64848,-332.19288,33293.88181526942,6,1,0.0,100.0
259,LOLETA,26910.794799999996,-356.6029531899999,345419.0279200001,-4468.372615899999,19397.09666723176,33,2,0.0,100.0
260,LOMPOC,53462.990000000005,-363.06,411121.6962,-1884.1419,16381.08075116918,78,2,0.0,100.0
261,LONG BEACH,6799532.550680996,1307.6568518130014,78451118.91805999,22194.600613075992,3395863.2401656425,1029,2,90.3072331718817,100.0
262,LOOMIS,160948.9534,-966.0416900000001,1764892.1553600002,-10082.308776,140994.0351993647,69,2,94.81073960770532,100.0
263,LOS ALTOS,157297.923,-1101.5910001749999,1117584.49356,-9577.093950879998,87197.97713837052,9,1,53.53166393378975,100.0
264,LOS ALTOS HILLS,31313.8,-98.92000000000003,248682.0,-1187.0399999999997,13211.218649588063,8,1,100.0,100.0
265,LOS ANGELES,494326.19413953996,0.0,4065967.904310699,0.0,6726397.770908668,402,26,0.0,3.5289555844427327
266,LOS BANOS,429352.388708,-914.148450423,4843347.962762799,-12041.152482120002,310585.40385609935,31,2,0.0,100.0
267,LOS GATOS,691857.2319999998,-963.055,6986038.938650001,-5364.53305,456849.4593493873,1385,1,52.83257480485497,100.0
268,LOS MOLINOS,101356.92,0.0,1216283.04,0.0,45003.050413333396,1,1,0.0,100.0
269,LOS OLIVOS,370.0,0.0,4440.0,0.0,27.864426152818197,2,1,0.0,100.0
270,LOS OSOS,120177.44189999998,-1098.5551084869996,1541085.3202822004,-15014.814974050001,60800.936502088545,93,2,0.0,100.0
271,LOST HILLS,42239.3013,-95.665053648,445406.81850000005,-836.6056382400001,17663.68001376136,6,1,0.0,100.0
272,LOWER LAKE,44483.09022,-76.07214,521038.34048340004,-791.1215658,31346.017765334575,8,1,0.0,100.0
273,LUCERNE,49195.549640000005,-413.98267000000004,528245.954751,-4258.9899749,31335.55205594136,6,1,0.0,100.0
274,LYNWOOD,116518.20672499998,79.310698318,1347828.0290599996,1565.976714618,143098.65704634346,35,1,0.0,100.0
275,MADERA,867068.2990000001,-1588.3511215229994,8585429.008170005,-18685.97106762799,398457.6617424107,582,3,7.312178345892704,100.0
276,MAGALIA,17489.88,0.0,203797.44,0.0,58160.980994294245,4,1,0.0,100.0
277,MALIBU,2328.453588,-1.5675836719999998,12839.646192,-8.682385124,4738.883101147153,3,1,0.0,100.0
278,MAMMOTH LAKES,13518.315631999998,-90.997620224,109052.22816,-706.4425011200002,108541.12697592,10,1,11.124748193223976,100.0
279,MANCHESTER,37176.628104,-803.6127,389116.61228199996,-8357.57208,19873.94336018435,2,1,0.0,100.0
280,MANHATTAN BEACH,140296.28996000002,-53.98662046300001,1176459.210256,-304.68504769800006,270876.31042864255,20,1,0.0,100.0
281,MANILA,185.0,0.0,2220.0,0.0,12.8399316662954,1,1,0.0,100.0
282,MANTECA,791377.1091899984,-1285.7472399999992,8440020.026660003,-14444.98636499999,570691.2741422921,524,3,24.14685130677739,100.0
283,MARINA,734968.523,-963.2276919000001,5506521.941000001,-5298.90026,252613.00341248527,919,2,61.81792688844826,100.0
284,MARIPOSA,13174.93512,-37.07702784999999,93667.7556,-185.38513924,4706.32821633168,5,1,98.71539392657382,100.0
285,MARTELL,65718.9,0.0,788626.8,0.0,43937.84516696246,5,1,0.0,100.0
286,MARTINEZ,326540.3877999998,-1075.20854134,3543156.057519995,-10872.049562800015,173611.09901502272,2616,3,5.924126492216752,100.0
287,MARYSVILLE,258347.66915999996,-515.274288649,2921906.6324900007,-6197.88916324,145144.10503167004,500,3,0.0,100.0
288,MC FARLAND,111754.23526000004,-595.6861998099998,1142244.478452,-5297.636810599999,46431.09556574388,28,1,0.0,100.0
289,MCKINLEYVILLE,334823.82706,-1688.4301045459997,2496336.2989640012,-8067.95749445,286758.9330532124,146,2,1.3451744167859219,100.0
290,MEADOW VISTA,4263.3,-23.935,37255.26,-192.4694,4073.680758784605,9,2,0.0,100.0
291,MENDOCINO,44910.187318000004,-634.3955100000002,459508.56615300005,-6499.5066507,42612.130821237755,12,1,0.0,100.0
292,MENDOTA,130766.92000000001,0.0,1516805.04,0.0,51180.73243146226,516,1,94.9213098803677,100.0
293,MENIFEE,1654.8235200000001,-1.44083772,8274.1176,-7.2041886,9569.4548498487,3,1,0.0,100.0
294,MENLO PARK,195086.26400000002,-706.0690000000001,1920789.1141000001,-4786.60818,94314.98136893526,231,2,7.2038027108940295,100.0
295,MERCED,1331550.7351199996,-1871.7614172770006,15257277.964040002,-20820.235796450008,1552912.3524985886,4345,3,60.498230524851074,100.0
296,MIDDLETOWN,75623.11248,-98.88954073000002,866139.2086519998,-923.6612739499999,92595.6136693636,9,1,0.0,100.0
297,MILL VALLEY,351116.7571499999,-2175.2325800000003,3482772.443812799,-22285.332963400007,201556.05299972117,167,2,0.0,100.0
298,MILLBRAE,8982.12,-11.2896,105890.4,-124.608,26742.927123461443,7,1,0.0,100.0
299,MILPITAS,2343139.4620000003,-6695.181843,15066546.4665,-49402.207493999995,1064828.8868078883,83,2,47.45336156583549,100.0
300,MIRANDA,32788.08,-674.07299524,163940.4,-3370.36497569,19305.921591657167,2,1,0.0,100.0
301,MONTE RIO,5586.88202,-124.95541999999999,57259.945408,-1292.2545280000002,3554.5788804410154,8,1,0.0,100.0
302,MONTEBELLO,53804.32345599999,-80.02007719200002,329090.99651200004,-489.6076405199999,335482.7282089339,56,1,74.23650551345735,100.0
303,MONTEREY,973838.9200000002,-2409.5287,7086204.65486,-21508.6178,549308.5617654469,220,2,18.282081083800673,100.0
304,MONTEREY PARK,32555.958120000003,-48.409294248,162779.7906,-242.04647124000002,73514.00613022865,7,1,0.0,100.0
305,MONTROSE,6707.6,0.0,80491.2,0.0,4274.0950523359315,3,1,0.0,100.0
306,MOORPARK,4046.70924,-6.017280696,20233.5462,-30.08640348,9000.21196844578,1,1,0.0,100.0
307,MORAGA,22382.7997683,-289.7629,307075.00522,-3888.352,17839.43470580403,12,1,0.0,100.0
308,MORENO VALLEY,47477.531232,-31.522327452000003,332092.85615999997,-157.61163726,68558.59846520155,13,2,0.0,100.0
309,MORGAN HILL,1445791.2876399995,-1764.2363914300001,13295818.6422708,-13876.659300100002,971916.5407712746,52,1,13.651130809509365,100.0
310,MORRO BAY,465176.92527859996,-1659.9491870209995,4830809.923242599,-17178.070264259997,231818.58585454666,530,2,0.0,100.0
311,MOSS LANDING,201024.49199999997,-249.651,1326416.8742999998,-1142.96229,67647.97368792314,8,2,0.0,100.0
312,MOUNTAIN VIEW,811027.5319999997,-1709.8438699999997,7155714.889799999,-16030.682569999999,443197.0992644925,468,2,9.43216193591067,100.0
313,MURPHYS,1480.0,0.0,17760.0,0.0,2311.2393844479,1,1,0.0,100.0
314,MURRIETA,221668.11696000004,-35.14043106,2377502.2547999998,-175.7021553,327685.525295775,92,1,27.634528013036235,100.0
315,MYERS FLAT,5971.5,-41.744,31959.06,-223.40910000000002,2135.140743766493,8,1,0.0,100.0
316,NAPA,972141.708349,-3016.6406797100003,10111662.984491296,-27128.9963839,541770.2780674326,522,4,9.113311684892384,100.0
317,NEVADA CITY,34217.662399999994,-185.72928000000002,257741.27875700002,-1346.6347351,38106.14483772545,22,1,0.0,100.0
318,NEWARK,164866.04627499988,-621.5324500000004,1559238.2794299996,-9861.468675700004,133699.78299810822,203,1,18.007977067257887,100.0
319,NEWBURY PARK,38111.84065600001,195.67699221499998,379797.70328,3285.084961076,107260.03255646935,4,1,0.0,100.0
320,NEWCASTLE,10047.831,-49.230160056,113052.93299999999,-538.7185202799999,11806.319865700822,12,1,18.369912423202248,100.0
321,NEWMAN,90273.05,0.0,1078940.4,0.0,22324.456080883647,152,2,0.0,100.0
322,NEWPORT BEACH,1053221.131616001,-2.121090653,12616515.718080001,-10.605453264,531492.1605142234,233,1,97.31939456588839,100.0
323,NEWPORT COAST,213.2,0.0,2558.4,0.0,4322.460379614582,3,1,3.08922159805866,100.0
324,NICE,171415.32539999997,-1678.04613,1989659.7722,-19730.429353800002,130869.35418964889,7,1,0.0,100.0
325,NIPOMO,126985.92691000001,-521.13995932,1183866.4543412,-4744.3717983100005,53811.22122470147,181,2,0.0,100.0
326,NORTH FORK,30283.227000000003,-280.196999967,309023.28261,-2488.33628983,14573.82412697631,5,1,0.0,100.0
327,NORWALK,90084.23020800002,-11.025099202,973410.4598399999,-70.431016392,126855.28761582766,14,1,68.13909341658028,100.0
328,NOVATO,570361.8468001992,-4369.239403499997,4316945.221262396,-31276.506483999954,373166.0310075516,787,3,5.539881043572759,100.0
329,OAK PARK,1367.1315,-2.0328651,6835.6575,-10.1643255,3040.61215150195,1,1,0.0,100.0
330,OAKDALE,166623.9060000011,-797.7112999999999,2062230.1510999913,-11261.884999999998,224515.8979603127,232,2,47.76355354661747,100.0
331,OAKHURST,279136.10400000005,-887.4230037190001,2895084.01064,-7318.590928589999,105917.59578644781,23,1,48.136764876283245,100.0
332,OAKLAND,2084728.9839315987,-11437.703049970025,18818659.841899604,-107070.13627232963,1364188.9258368672,1316,3,5.288435814254723,100.0
333,OAKLEY,75274.12800000001,-32.258399999999995,307389.764,-275.9868,24443.48136112575,24,1,87.5422444424823,100.0
334,OCCIDENTAL,40319.78047,-562.0955332999998,312792.2764096,-2942.5246922,15807.493279014083,5,1,0.0,100.0
335,OCEANO,119861.46984599999,-1037.624959579,1277799.268655,-10063.95661889,43327.98666301115,228,2,0.0,100.0
336,OJAI,2260.32408,-3.361003632,11301.6204,-16.80501816,5027.145423816562,2,1,0.0,100.0
337,OLIVEHURST,143918.059,-265.9833,1664840.0136000002,-3896.0280000000002,55128.4628558843,396,2,0.0,100.0
338,ORANGE,924385.7700000001,-14.304086346000004,10948084.261519995,-87.92010708200002,525621.016353828,330,1,91.73783676640153,100.0
339,ORANGE COVE,81400.53169999999,-4.8158110910000005,826659.1184999999,-24.079055459000003,17670.797324121257,282,2,0.0,100.0
340,ORANGEVALE,2035.0,0.0,24420.0,0.0,141.2392483292494,11,1,0.0,100.0
341,ORCUTT,26141.82848,-109.72308000000001,231679.95959539997,-931.5988675999997,7853.584084076963,28,2,0.0,100.0
342,ORICK,15342.4656,-97.52309382,76712.328,-487.6154691,12688.24332882043,4,1,0.0,100.0
343,ORINDA,81063.05800000002,-443.8593599999999,540442.1574,-2805.2222331999997,44397.59025175038,60,1,71.70677214460908,100.0
344,ORLAND,116257.37256000002,-17.2809,1395088.4707199999,-207.3708,51290.59580894845,7,2,0.0,100.0
345,ORLEANS,1526.247,-5.975099802000001,7631.235,-29.87549901,988.033590816736,1,1,0.0,100.0
346,OROVILLE,166775.5130000014,-441.69653000000005,1962276.6455999832,-6483.279960000001,252423.55590709773,374,4,21.98726941508821,100.0
347,OXNARD,78918.137088,-52.929578150999994,394590.68544000003,-264.647890752,381382.8707039146,16,1,0.0,100.0
348,PACHECO,49161.732240000005,-139.90896999999998,365392.88988279994,-1036.8086593000003,26635.786310860207,21,1,0.0,100.0
349,PACIFIC GROVE,385017.36048000003,-3034.8031399999995,3121277.9762899997,-23499.187699999995,226263.20701722565,76,2,38.46174573161079,100.0
350,PACIFICA,557137.0684400001,-5036.417149999999,4769443.976786799,-42220.597367499984,240841.80012683867,47,2,6.237806580510964,100.0
351,PAICINES,9383.427000000001,-49.86,60269.03838,-271.68354,5802.60956969216,3,1,0.0,100.0
352,PALERMO,9961.9,-3.371,119542.8,-40.452,10351.023847156484,7,1,0.0,100.0
353,PALO CEDRO,45701.575,-308.5310000000001,499030.1400000001,-3248.5559999999996,50940.91918042496,18,1,0.0,100.0
354,PALOS VERDES ESTATES,25945.24824,-7.152514992,236692.0512,-35.76257496,41234.007446221876,3,2,0.0,100.0
355,PARADISE,59555.72100000001,-272.56799981,644014.2084800001,-2631.770529053,62029.46290826358,108,2,19.125499265671294,100.0
356,PARLIER,264534.39900000003,-704.7629989939999,2881507.50234,-6786.58004497,95709.06837331974,397,2,0.0,100.0
357,PASO ROBLES,2113505.7154007503,-6094.042969858,22085014.04535801,-64526.50108383602,938141.0339430091,2395,3,12.464209649914707,100.0
358,PEARBLOSSOM,26625.24,0.0,319502.88,0.0,12295.3494930107,1,1,0.0,100.0
359,PENN VALLEY,65478.680100000005,-188.865229603,723561.1625,-2032.47938802,56873.97793785455,38,3,35.39346430938904,100.0
360,PENNGROVE,21653.057759999996,-172.27299,237786.15915720002,-1795.3090353,10786.199085773571,5,1,0.0,100.0
361,PENRYN,3975.295,-24.071,16167.502110000001,-124.72104,4720.944976296658,6,1,0.0,100.0
362,PETALUMA,2810015.0023310008,-7295.021819010003,30969222.84676121,-75603.92864987989,1236508.120120632,3986,4,2.9420621073758717,100.0
363,PETROLIA,4555.868399999999,-47.49120021,36450.342000000004,-237.4560011,4326.554921116152,4,1,0.0,100.0
364,PHILLIPSVILLE,3275.7999999999997,-22.889,17115.24,-119.5836,2894.0446109499558,6,1,0.0,100.0
365,PHILO,0.0,0.0,0.0,0.0,1378.17998777122,1,1,0.0,100.0
366,PINE GROVE,32489.106758000005,-233.11262,360266.7129072,-2508.177264,29449.301651174377,9,1,0.0,100.0
367,PINEDALE,33818.850000000006,0.0,357617.232,0.0,10712.65026290233,3,1,0.0,100.0
368,PINOLE,218572.891472,-1089.17351,2585512.7043000003,-14385.6515579,116373.60558813273,533,3,0.0,100.0
369,PIONEER,23859.192868,-260.26095,259593.7978272,-2732.9526,22413.8678229316,9,1,0.0,100.0
370,PISMO BEACH,362797.047912,-1754.3374299999998,4040545.298697199,-16665.9515526,169250.79110407495,656,2,0.0,100.0
371,PITTSBURG,1527778.761920001,-841.8202984100003,11691561.934639998,-7013.946828000004,772467.725703293,167,1,85.6891981341551,100.0
372,PLACENTIA,12350.217247999999,-9.667683917999998,126525.64624,-95.029779588,7081.374944700933,13,1,0.0,100.0
373,PLACERVILLE,243098.75052,-1041.3577163600003,2733856.979699999,-11546.071361760001,181428.23714054472,35,1,2.421010491446288,100.0
374,PLANADA,30163.306999999997,-205.6496,453665.09199999995,-3290.1736,50732.19960788862,55,2,31.788515085676543,100.0
375,PLEASANT GROVE,1480.0,0.0,17760.0,0.0,104.90401615059059,8,1,0.0,100.0
376,PLEASANT HILL,296109.3245030002,-1240.97846,2643449.37376,-12648.153935899996,186954.17668316158,387,1,5.791244754671343,100.0
377,PLEASANTON,139288.18017999973,-296.0055378099998,1496798.517699999,-4312.693381549999,143059.01882940604,345,4,8.827637861783696,100.0
378,PLYMOUTH,67219.74896000001,-649.114239914,709873.2288959998,-6790.459943571,60011.400581385526,8,1,0.0,100.0
379,POINT ARENA,34590.424462,-213.85213,344444.24294534,-2069.7742558,18564.468660305945,15,1,0.0,100.0
380,POINT REYES STATION,69662.47732,-474.77482999999995,818851.8078,-5599.1507599999995,30087.858559233053,8,2,0.0,100.0
381,POLLOCK PINES,5520.683520000001,-32.49909,66248.20224,-389.98908,4130.833048127221,1,1,0.0,100.0
382,POMONA,642929.2,0.0,7715150.4,0.0,437328.293470444,16,1,100.0,100.0
383,PORT HUENEME,8145.409104000001,-5.463041623,40727.04552,-27.315208116,17986.797349508,4,1,0.0,100.0
384,POTTER VALLEY,1564.92,-8.4456,18779.04,-101.3472,986.9941371379961,1,1,0.0,100.0
385,QUAIL VALLEY,220.643136,-0.19211169600000005,1103.21568,-0.96055848,1275.9273133131599,1,1,0.0,100.0
386,QUINCY,40911.14603,-405.33876983,462245.86004999996,-4602.579329149998,32652.81939015531,5,1,0.0,100.0
387,RANCHO MIRAGE,522163.032876,-7.199082971000001,5986181.849112,-39.304986783,162492.741013013,17,1,62.880554835037806,100.0
388,RANCHO PALOS VERDES,40073.523704,-41.323249223000005,354917.11852,-206.61624611599999,103230.32918467937,8,1,0.0,100.0
389,RED BLUFF,1138255.5614000002,-2187.4452856020002,13475583.830699995,-25650.925018050006,540779.8047994573,502,3,16.022493500001026,100.0
390,REDCREST,1465.0,0.0,17580.0,0.0,72.4891886006638,5,1,0.0,100.0
391,REDDING,15178.785,-62.376760000000004,99482.29425,-384.5253,15690.88624621123,4,1,0.0,100.0
392,REDONDO BEACH,128353.87771199999,-0.04932769,590457.25656,-0.246638448,82175.29284589768,10,1,0.0,100.0
393,REDWAY,33253.0771,-233.24840044999996,238904.20668,-1883.35698231,29057.535009716274,16,1,0.0,100.0
394,REDWOOD CITY,613922.9823999997,-1408.1654100000003,6058687.08122,-13959.430614000003,363160.67415549146,646,3,3.795860898620789,100.0
395,REDWOOD VALLEY,35722.380959999995,-334.60155273,368080.6853844,-3760.2920287,41437.17454598619,9,1,41.52790927832093,100.0
396,REEDLEY,316862.41778,-858.105002243,3349245.6161462,-8849.839180263001,112370.05257411423,876,2,17.326417395586247,100.0
397,RICHMOND,2209539.8329589227,-11929.83564306602,22486985.92428286,-126294.32483494743,1633195.4966760755,2597,2,11.43691966128558,100.0
398,RIO DELL,79496.18000000001,-740.625,1162598.88,-11850.0,87302.57075806629,150,2,0.0,100.0
399,RIO OSO,13562.835,-77.28659999999999,154623.85199999998,-878.8968,12948.368073095658,2,1,0.0,100.0
400,RIO VISTA,1112211.8804399997,-4065.706457669999,11231222.269578999,-36585.282218298016,555614.139332858,401,3,13.810667243567714,100.0
401,RIPON,86051.1,-263.8497,727289.04,-4221.5952,76590.1108950433,4,1,0.0,100.0
402,RIVERBANK,193445.03700000004,-476.5489999999999,2405110.8808,-5999.5055999999995,79430.71915239438,348,2,0.0,100.0
403,RIVERDALE,13549.68,0.0,144175.68,0.0,7512.07846763229,1,1,0.0,100.0
404,ROCKLIN,674270.4624600001,-480.15615250100007,7873505.584103998,-4526.936764519999,296237.19086950715,1024,4,2.5658866554066027,100.0
405,RODEO,26380.777926,-232.56352,285460.35191,-3095.346328,18751.596870332876,251,1,0.0,100.0
406,ROHNERT PARK,796559.6046479904,-3060.1282856199987,8999738.481824975,-33648.041701400034,421318.11823910393,1889,1,23.164927308606554,100.0
407,ROLLING HILLS,1949.014368,-1.307183774,9745.07184,-6.535918872000001,6250.54379374559,1,1,0.0,100.0
408,ROLLING HILLS ESTATES,9377.932175999998,-5.450709701,55646.03087999999,-27.253548504,36732.425713111945,8,2,0.0,100.0
409,ROSEMEAD,32452.244876,-78.085817868,164129.813692,-396.35534514799997,3965875.057911299,58,25,0.0,40.41842836108658
410,ROSEVILLE,2610.0,0.0,31320.0,0.0,130.06606296773552,9,1,0.0,100.0
411,RUTHERFORD,99945.52284300001,-560.9875299999999,1016836.8173055999,-5643.124679100001,41871.404995742094,12,1,0.0,100.0
412,SACRAMENTO,29903.0,0.0,358836.0,0.0,16421.66872826938,162,2,0.9071779838500847,100.0
413,SAINT HELENA,95324.37965500001,-369.0733598279999,888594.7396294,-3824.0978339200005,43824.567398455336,31,1,0.0,100.0
414,SALINAS,5466769.433152999,-30800.980081100985,48946286.9383606,-249406.93855186985,3053607.51532291,726,3,19.258314659625274,100.0
415,SAMOA,46813.5023,-580.00140324,409526.00124,-5063.630416,30994.776273385818,4,2,25.18660664191698,100.0
416,SAN ANSELMO,263893.88115,-861.9945089000003,2758645.631758,-5929.989570900002,229761.95310605643,140,1,0.0,100.0
417,SAN ARDO,320.0,0.0,3840.0,0.0,14.9123142335921,1,1,0.0,100.0
418,SAN BERNARDINO,223875.53999999998,0.0,1740303.4500000002,0.0,90805.97866653228,2,2,0.0,100.0
419,SAN BRUNO,132328.86812,-79.70582000000002,1181047.5289564,-635.7174854,119661.54054166627,232,1,0.0,100.0
420,SAN CARLOS,863095.4913999998,-1899.4545000000003,6116929.74947,-12843.391500000003,402278.19411848247,43,2,16.26497369451931,100.0
421,SAN DIEGO,0.0,0.0,0.0,0.0,20892804.109584592,104,8,0.0,0.0
422,SAN FRANCISCO,13683306.827450613,-49845.39894826199,126340607.21199933,-502719.1500263918,33332781.09518979,2566,10,1.7252794002956262,41.96348639720402
423,SAN GABRIEL,19004.4,0.0,62714.52,0.0,4752.8967985419,1,1,0.0,100.0
424,SAN GERONIMO,7242.578,-39.1026,42349.488000000005,-207.1854,3574.0553532295135,7,1,0.0,100.0
425,SAN JACINTO,9691.655944,-8.460604384,52094.99975060001,-45.62073142199999,121099.35904368311,8,1,0.0,100.0
426,SAN JOAQUIN,48075.04,0.0,572295.36,0.0,7945.808504222377,202,2,0.0,100.0
427,SAN JOSE,8691236.961088164,-28823.86169413202,76496064.36596544,-240695.72368785884,4926402.336657596,4821,4,46.85272528283606,100.0
428,SAN JUAN BAUTISTA,148144.247,-771.2099999999999,1103996.7629399998,-4608.93303,83644.50286185447,91,3,0.0,100.0
429,SAN LEANDRO,1444334.551050001,-4319.624039311001,15780609.469235163,-48941.90848964971,966954.5271850313,3751,3,1.9876792658533124,100.0
430,SAN LORENZO,59093.48569900001,-344.34625059999996,486636.66343,-2684.5058151000003,38864.77771334931,39,1,0.0,100.0
431,SAN LUIS OBISPO,622925.4062000001,-2636.9394086789994,6183510.19953596,-27275.680562465008,277676.4409353425,626,3,5.467203328097341,100.0
432,SAN MARINO,32779.5,0.0,393354.00000000006,0.0,21210.96697030916,18,1,0.0,100.0
433,SAN MARTIN,610856.5,-305.36859999999996,6108565.0,-3053.686,463943.7159084452,11,1,0.0,100.0
434,SAN MATEO,1578122.9502499998,-1849.1347536600006,16625625.621630004,-18640.430938359998,739052.3031228535,3753,3,6.673942036616776,100.0
435,SAN MIGUEL,33526.18364,-69.34697874,358216.32983959996,-457.9125522,8273.530273407305,106,2,0.0,100.0
436,SAN PABLO,321706.5062860002,-2595.9494999999984,3577423.4927655924,-32363.615166600026,200685.92062150178,328,2,0.0,100.0
437,SAN RAFAEL,1119960.678705097,-5323.611967196987,11473788.435534416,-49703.23499487962,875477.2002786511,3558,2,26.310029776915467,100.0
438,SAN RAMON,517024.39000000065,-562.051305,5855840.390000008,-6601.285380000004,149317.13506832457,2142,2,1.70485719625653,100.0
439,SAN SIMEON,98975.51735,-649.3605899999999,1092222.9464244999,-8973.042420400003,50719.77561306434,47,2,0.0,100.0
440,SAND CITY,158906.548,-428.7434,1713906.4552699998,-4009.65712,103964.80781237638,14,1,13.235919202422203,100.0
441,SANGER,337088.14699999994,-506.6696,3664679.4388,-7893.622799999999,100033.94019508037,785,2,0.0,100.0
442,SANTA ANA,1236913.9005221,-1392.642,11305834.871021999,-11209.464,660939.0923205796,33,1,96.4702478755687,100.0
443,SANTA BARBARA,411744.33265600004,-203.66835695900002,3338520.0561148003,-1643.537550522,747495.3978034545,137,3,28.910336175666306,100.0
444,SANTA CLARITA,11225.8,0.0,134709.6,0.0,6543.937514692394,5,1,0.0,100.0
445,SANTA CRUZ,2629816.7594100004,8547.487365927002,18865260.793312795,23259.57596032999,1463472.8303189732,263,4,53.462821325451046,100.0
446,SANTA MARGARITA,4618.12752,-18.558090018,54261.66672,-218.052090092,3114.482086142869,2,1,0.0,100.0
447,SANTA MARIA,4346289.789880022,-11881.492329602004,46065883.160184905,-116113.368258189,1681966.2980591848,2646,3,3.487358422532373,100.0
448,SANTA MONICA,1048313.9622769996,-78.38151497700002,11700812.50063599,-417.58128069400004,1017249.8691822542,212,2,60.74468547201079,100.0
449,SANTA NELLA,185.0,0.0,2220.0,0.0,117.287420280135,1,1,0.0,100.0
450,SANTA PAULA,33680.044780000004,-26.231068411999996,281006.36389999994,-131.65131806,53051.10027704887,18,1,27.40905088658704,100.0
451,SANTA ROSA,7937848.786347591,-23056.09923691599,88833306.89594042,-235916.4788407902,3415741.143693363,11014,5,3.089814525356159,100.0
452,SANTA YNEZ,1850.0,0.0,22200.0,0.0,128.399316662954,10,1,0.0,100.0
453,SARATOGA,231117.26257999998,-432.24199999999996,1887732.6215400002,-3501.3187,103323.8452606286,207,2,58.727212557678456,100.0
454,SAUSALITO,101756.122684,-649.9714700000002,997912.33621,-6207.646640000001,92215.04445757381,75,1,0.0,100.0
455,SCOTIA,40224.4329,-656.1536999499999,319022.91789999994,-5119.1092997,28432.24261353651,8,1,0.0,100.0
456,SCOTTS VALLEY,462066.2069999998,-1969.5531954999997,3436024.481659999,-12961.167576999997,220525.37630080638,54,1,51.51340077293787,100.0
457,SEASIDE,1117590.3995800007,-3232.71804,10719622.6815526,-27912.133943599998,542886.48705851,1254,2,65.81169469218558,100.0
458,SEBASTOPOL,348052.300178,-1982.3819500000004,3797213.7401878997,-21170.978443399996,186586.0433395456,167,1,0.0,100.0
459,SELMA,180001.96200000003,-39.26700000000001,2024077.5342,-408.3768,100866.21721045785,1036,1,0.0,100.0
460,SHAFTER,1043188.8588100002,-5034.048770694,9858536.075505098,-47979.05647745899,428008.1033833564,104,1,5.313099097596255,100.0
461,SHINGLE SPRINGS,158718.38035999998,-474.5546100000001,1803195.3843600003,-4985.26072,113514.30186987034,19,1,0.0,100.0
462,SIMI VALLEY,2309.5536480000005,-3.4347276,12402.770976,-18.44864208,5119.148930501509,3,1,0.0,100.0
463,SODA SPRINGS,320.0,0.0,3840.0,0.0,14.9123142335921,1,1,0.0,100.0
464,SOLEDAD,997892.5187299999,-5371.96743008,7882316.093770001,-35206.89916621,444892.4499790295,637,2,44.997261701276635,100.0
465,SOLVANG,28023.0,0.0,336276.0,0.0,1920.1805680248372,149,1,0.0,100.0
466,SOMES BAR,1880.0811,-31.1382,19552.84344,-323.83728,1493.1929866811,1,1,0.0,100.0
467,SOMIS,82127.99682,-0.569202228,698822.5041,-2.84601114,56464.99996653625,2,1,0.0,100.0
468,SONOMA,515944.82515799993,-2699.2473599999994,5884407.4930927,-30165.976573399996,251138.44994534377,337,2,7.125122579635507,100.0
469,SONORA,217479.329636,-369.86286089999993,2582756.8706783997,-4520.5228525,158242.83703767625,18,1,10.97791303284267,100.0
470,SOQUEL,246206.24399999995,-716.965,2955749.39649,-6552.9508000000005,148153.77271486435,26,1,0.0,100.0
471,SOUTH EL MONTE,38319.187404,-57.001459995999994,227633.18526799997,-338.77921642000007,76799.5076463861,23,1,0.0,100.0
472,SOUTH PASADENA,28545.70572,-42.446223288,142728.52860000002,-212.23111644,47852.576194370944,6,1,0.0,100.0
473,SOUTH SAN FRANCISCO,628629.760138,-2870.0279119,3798535.45798,-21033.733555000003,263871.33391015924,55,1,12.687549667277539,100.0
474,SPRECKELS,3835.0,0.0,46020.0,0.0,258.8710158932047,20,1,0.0,100.0
475,SQUAW VALLEY,31045.977,-397.584,393496.03260000004,-5240.68299,15655.010527592505,5,1,0.0,100.0
476,STANFORD,10360.0,0.0,124320.0,0.0,7983.035466980047,56,1,0.0,100.0
477,STEVENSON RANCH,20073.6,0.0,240883.2,0.0,9165.0047596509,1,1,0.0,100.0
478,STOCKTON,5587206.632580078,-14710.989645867026,60556813.893689476,-158973.51910153407,3763514.385509596,8264,5,7.430532516539758,100.0
479,SUISUN CITY,912587.275084,-1929.6642693600004,10712781.903664296,-19883.811408800007,439094.86353815324,559,2,6.4104507123084815,100.0
480,SUN CITY,22106.681984,-19.257218623999997,106844.44592,-93.07266112,110512.17459575762,5,1,0.0,100.0
481,SUNNYVALE,2615312.5217000004,-2814.10070273,26403001.752775002,-22329.779047239997,1043242.8438581619,6810,4,25.41822870057401,100.0
482,SUTTER,185.0,0.0,2220.0,0.0,12.8399316662954,1,1,0.0,100.0
483,SUTTER CREEK,145804.84168200003,-816.02113064,1630460.7836928002,-8656.35351922,135809.83838382317,35,1,0.0,100.0
484,TAFT,396875.1472077002,-1794.4958406359997,3671881.8874294,-15860.018223872,276790.1178080203,484,2,2.7252941291989554,100.0
485,TECOPA,0.0,0.0,0.0,0.0,40906.4399,1,1,0.0,100.0
486,TEMECULA,37.2,-0.0339,446.4,-0.4068,95.67492916655969,1,1,0.0,100.0
487,TEMPLETON,267609.5149515,-1198.5092200000004,2669110.995038699,-14026.0167329,148648.72382093835,164,3,11.937216360385658,100.0
488,THOUSAND OAKS,47700.0818,-70.92794772,238500.40899999999,-354.6397386,290420.49715785385,6,1,0.0,100.0
489,TIBURON,79436.78999999969,-279.6278,579321.1140000027,-1825.6398000000002,39140.96877491924,180,1,0.0,100.0
490,TOMALES,130320.26211000001,-1303.67193,1521147.0253,-15353.72896,77193.2471487415,16,2,0.0,100.0
491,TORRANCE,189239.05935999998,-118.23371111899996,1710864.4883279998,-984.7293764240001,414119.04958079115,39,2,0.0,100.0
492,TRACY,2017663.0310700017,-3200.3604518789957,19662874.308779977,-32364.52831489701,1200237.6765080276,1725,4,12.81817607518438,100.0
493,TRINIDAD,26761.858999999997,-451.06814029999987,295044.9896,-4947.903961499998,24406.3522802463,28,2,0.0,100.0
494,TRUCKEE,1478.52,-8.5988,15432.64,-86.8652,1633.5295791745934,3,1,0.0,100.0
495,TULARE,71650.62,0.0,573204.96,0.0,17927.502016994298,1,1,0.0,100.0
496,TUOLUMNE,13080.14168,-161.45472999999998,129254.67347200001,-1580.786192,13533.584917287875,3,1,0.0,100.0
497,TUSTIN,5827.094000000001,0.0,69925.12800000001,0.0,2353.142921375498,4,2,0.0,100.0
498,TWAIN HARTE,54775.906839999996,-591.1639200000001,504813.879136,-5279.577888,57310.94810498435,13,1,0.0,100.0
499,UKIAH,231261.23709,-972.2012783729999,2468965.3916700003,-10629.748951790003,170084.46518007756,28,2,0.0,100.0
500,UNION CITY,365581.3462800002,-1184.9752000000012,3738122.758749992,-12236.764834999969,249485.94535524733,977,2,36.66554944904581,100.0
501,UPPER LAKE,43171.265980000004,-190.42339045199998,442094.71298499993,-1831.118667312,25062.183740034397,8,1,0.0,100.0
502,VACAVILLE,4863504.318328016,-10956.180420222001,49640437.81024088,-104143.81932298942,2187779.376577306,3044,4,24.2613700796733,100.0
503,VALENCIA,16728.0,0.0,200736.0,0.0,9729.72396638174,4,1,0.0,100.0
504,VALLEJO,1609408.4617811285,-8678.15114213005,16584409.789386136,-84310.18348769903,894711.6524824974,1327,3,8.04126100835583,100.0
505,VALLEY ACRES,134882.92,-673.896,1397412.91166,-6996.13647,52416.683173103615,2,1,0.0,100.0
506,VALLEY FORD,10135.18057,-147.4812895,50675.90283,-737.4064473,5333.82954968792,2,2,0.0,100.0
507,VALLEY SPRINGS,18282.88626,-103.95414,202166.53992,-1146.6815040000001,19284.465292106437,4,1,7.307332600500513,100.0
508,VENTURA,906599.3611679999,36753.986211284,13021453.00584,588244.331056428,823356.7688475284,9,1,0.0,100.0
509,VERNALIS,20922.3,0.0,303730.56,0.0,16541.046923938,1,1,0.0,100.0
510,VICTORVILLE,94067.20521199993,-139.93424326599998,821031.2200168001,-1134.9866891719994,301762.674255316,36,2,0.0,100.0
511,VISALIA,6415752.218220002,-156.6540549,95919140.93526,-1215.5852205,948406.2337315418,21,1,0.0,100.0
512,WALNUT CREEK,204788.53301999994,-666.5102750000003,1825942.5373949981,-6322.20507170001,149316.04802600382,545,1,12.360451696082066,100.0
513,WASCO,220766.30008,-1312.78346478,2062786.2519104998,-10935.751658109999,89943.98630122775,50,1,0.0,100.0
514,WATSONVILLE,2835102.8418400013,-13809.312024260002,24891487.446569994,-120979.26673539999,1534907.8345899845,289,2,54.13464208357679,100.0
515,WEITCHPEC,15176.474100000001,-84.7062036,75882.37049999999,-423.53101804000005,9106.357239055002,5,1,0.0,100.0
516,WEOTT,7155.2384999999995,-107.05680000000001,78508.1124,-1150.35264,7059.0321360282305,2,1,0.0,100.0
517,WEST COVINA,0.0,0.0,0.0,0.0,134816.995876469,1,1,0.0,100.0
518,WEST HOLLYWOOD,19595.5515,-29.137733099999995,97977.7575,-145.6886655,48607.49522473937,8,1,0.0,100.0
519,WEST SACRAMENTO,413489.92819999997,-1424.5980799999998,4150214.5390899987,-15760.231549999997,258486.19086547405,64,2,46.964692308889674,100.0
520,WESTLAKE VILLAGE,1275.9894,-1.89734076,6379.946999999999,-9.4867038,2837.904674735151,1,1,0.0,100.0
521,WESTLEY,50884.020000000004,-139.68,650928.24,-2234.88,33596.997500871104,3,1,0.0,100.0
522,WHEATLAND,39460.0,0.0,473520.0,0.0,2665.7497489298103,206,1,0.0,100.0
523,WHITTIER,46504.62,-8.91,580959.81,-103.95,27780.549579271843,4,1,0.0,100.0
524,WILDOMAR,5019.631343999999,-4.370541084,25098.156720000003,-21.85270542,12383.84426616229,11,1,0.0,100.0
525,WILLIAMS,146558.79486,-457.49780703,1705506.6448800003,-5271.708945099998,68066.72809850724,7,1,31.933874632391557,100.0
526,WILLITS,188872.042003,-1473.3999065899998,1970209.1685274001,-14627.942888069996,148690.59382727928,20,1,0.0,100.0
527,WILLOW CREEK,15709.891800000001,-133.4654982,120488.7266,-1106.991571,20594.447160213338,7,1,0.0,100.0
528,WILLOWS,21903.578999999994,-109.889999982,210352.94459999996,-1016.69039996,24265.410870494234,7,1,54.44533798676389,100.0
529,WINDSOR,436177.6797560004,-893.1963382500002,5060097.443062698,-9490.148611200004,112789.16863639407,1386,2,0.0,100.0
530,WINTON,2775.0,0.0,33300.0,0.0,9236.816893850879,29,2,99.86099181337195,100.0
531,WOODACRE,4116.907125,-66.04919,40166.5957,-643.335576,3656.9679313188253,8,1,0.0,100.0
532,WOODLAND,526910.0579199999,-288.68218862000003,5986636.61774,-3137.0432031000005,278715.82626769267,358,2,9.537818638722793,100.0
533,YORBA LINDA,100589.028,-23.217678,1207068.3360000001,-278.612136,230594.6335050032,12,1,100.0,100.0
534,YOSEMITE NATIONAL PARK,8894.0,-51.06,78267.2,-449.32800000000003,18234.382541165127,4,1,0.0,100.0
535,YOUNTVILLE,16598.67248,-37.547000000000004,158077.8507456,-258.09656,4901.835174227876,57,2,0.0,100.0
536,YUBA CITY,898299.6067600001,-1693.655181013,9530011.210439999,-20746.770355010005,637530.085903786,450,3,25.822801416713137,100.0
