Entity Name,2016-2017,2017-2018,Entity Name,2018-2019,,total tax revenue 2016-2019
Adelanto,6407577,8379208,Adelanto,8842082,,23628867
Agoura Hills,19346497,20776976,Agoura Hills,18491359,,58614832
Alameda,82392105,104149055,Alameda,95816394,,282357554
Albany,18946529,19815521,Albany,18580640,,57342690
Alhambra,48888081,54145658,Alhambra,51948185,,154981924
Aliso Viejo,16869086,19013189,Aliso Viejo,18681521,,54563796
Alturas,1534805,1472951,Alturas,1409116,,4416872
Amador,82711,102684,Amador,83985,,269380
American Canyon,16937372,30838963,American Canyon,20560644,,68336979
Anaheim,325443357,348255926,Anaheim,330526199,,1004225482
Anderson,6949930,7908419,Anderson,7709568,,22567917
Angels,2809048,3151255,Angels,2870915,,8831218
Antioch,46733208,56914435,Antioch,52357193,,156004836
Apple Valley,26315541,26767977,Apple Valley,28755697,,81839215
Arcadia,49170035,52953359,Arcadia,50426132,,152549526
Arcata,10919206,11935315,Arcata,11339036,,34193557
Arroyo Grande,14552411,14383619,Arroyo Grande,14946433,,43882463
Artesia,8206270,8573738,Artesia,7394113,,24174121
Arvin,4990479,5525217,Arvin,5244275,,15759971
Atascadero,19101715,20851518,Atascadero,20996122,,60949355
Atherton,14333116,16512613,Atherton,15276181,,46121910
Atwater,10925131,12229862,Atwater,12149222,,35304215
Auburn,10781872,12617851,Auburn,11041824,,34441547
Avalon,9938943,12649099,Avalon,9477892,,32065934
Avenal,3310752,3618672,Avenal,3336041,,10265465
Azusa,30384048,33818155,Azusa,31758282,,95960485
Bakersfield,167312217,202998974,Bakersfield,177062601,,547373792
Baldwin Park,26736389,31308266,Baldwin Park,29842593,,87887248
Banning,10362297,11841315,Banning,10978780,,33182392
Barstow,17369119,25584577,Barstow,25043006,,67996702
Beaumont,15720734,19131849,Beaumont,17306312,,52158895
Bell,16560969,16663994,Bell,18542778,,51767741
Bell Gardens,24829027,28072190,Bell Gardens,25791442,,78692659
Bellflower,28146832,30592810,Bellflower,29220082,,87959724
Belmont,17869497,34338437,Belmont,31757606,,83965540
Belvedere,5620632,6295299,Belvedere,6658760,,18574691
Benicia,35930024,40290362,Benicia,40600963,,116821349
Berkeley,184922053,194538633,Berkeley,200290932,,579751618
Beverly Hills,194096411,218115167,Beverly Hills,211905933,,624117511
Big Bear Lake,13024399,21093573,Big Bear Lake,18780564,,52898536
Biggs,477957,535849,Biggs,475245,,1489051
Bishop,6134252,6723638,Bishop,6301812,,19159702
Blue Lake,541713,497205,Blue Lake,453504,,1492422
Blythe,6282289,6254624,Blythe,6450479,,18987392
Bradbury,950240,904760,Bradbury,1032360,,2887360
Brawley,10341531,11185716,Brawley,10859128,,32386375
Brea,43955647,50434867,Brea,44566862,,138957376
Brentwood,40232319,44713555,Brentwood,45750480,,130696354
Brisbane,14613302,19219601,Brisbane,14929038,,48761941
Buellton,6784801,8475840,Buellton,7711654,,22972295
Buena Park,53030630,60583750,Buena Park,54755059,,168369439
Burbank,124611488,136843569,Burbank,131019749,,392474806
Burlingame,65917535,73639921,Burlingame,65093241,,204650697
Calabasas,23519568,24290541,Calabasas,27475186,,75285295
Calexico,13922224,16492528,Calexico,14477657,,44892409
California City,9507883,11017282,California City,9941217,,30466382
Calimesa,4154895,5064576,Calimesa,4623157,,13842628
Calipatria,851109,1070230,Calipatria,927584,,2848923
Calistoga,10421116,11545128,Calistoga,14473908,,36440152
Camarillo,37491583,41720831,Camarillo,39454801,,118667215
Campbell,37855239,42363924,Campbell,40552761,,120771924
Canyon Lake,4392397,5052819,Canyon Lake,4728093,,14173309
Capitola,12529934,15594108,Capitola,13509654,,41633696
Carlsbad,132080967,152410210,Carlsbad,138502647,,422993824
Carmel-By-The-Sea,19130201,20829241,Carmel-By-The-Sea,19623999,,59583441
Carpinteria,9448635,10917083,Carpinteria,10231891,,30597609
Carson,63991006,78021632,Carson,66772081,,208784719
Cathedral City,31134801,51648035,Cathedral City,45733061,,128515897
Ceres,15552448,19915379,Ceres,18246152,,53713979
Cerritos,52271882,53699084,Cerritos,52057738,,158028704
Chico,48188508,60456150,Chico,53695460,,162340118
Chino,52370361,63593296,Chino,57199194,,173162851
Chino Hills,27585557,28934723,Chino Hills,30044563,,86564843
Chowchilla,6512626,6608278,Chowchilla,5934161,,19055065
Chula Vista,130149849,162899046,Chula Vista,141339936,,434388831
Citrus Heights,35182262,31359779,Citrus Heights,36073151,,102615192
Claremont,22494565,25285133,Claremont,24189881,,71969579
Clayton,4804978,5032296,Clayton,5057593,,14894867
Clearlake,5619956,7017319,Clearlake,7846720,,20483995
Cloverdale,5555664,6315863,Cloverdale,6308246,,18179773
Clovis,52756559,62152987,Clovis,57888721,,172798267
Coachella,17659275,19920776,Coachella,17512893,,55092944
Coalinga,4546088,4372966,Coalinga,4227805,,13146859
Colfax,1816463,2198347,Colfax,2110033,,6124843
Colma,16253095,17419225,Colma,16531915,,50204235
Colton,22476647,27668304,Colton,24360431,,74505382
Colusa,3062159,3596526,Colusa,3196953,,9855638
Commerce,62634016,73867877,Commerce,68207739,,204709632
Compton,41460630,76502736,Compton,73854851,,191818217
Concord,89362033,105769889,Concord,94852078,,289984000
Corcoran,4118180,6007838,Corcoran,4775043,,14901061
Corning,5051121,6549952,Corning,5875968,,17477041
Corona,98520413,109101408,Corona,96252439,,303874260
Coronado,47053783,52117931,Coronado,49799920,,148971634
Corte Madera,19431000,23584048,Corte Madera,19229880,,62244928
Costa Mesa,114238502,128761666,Costa Mesa,112838244,,355838412
Cotati,6329469,7857470,Cotati,6473254,,20660193
Covina,30416048,36449120,Covina,32226807,,99091975
Crescent City,3765167,4043465,Crescent City,3953470,,11762102
Cudahy,7299834,7853178,Cudahy,7740862,,22893874
Culver City,84292234,95366840,Culver City,91895403,,271554477
Cupertino,62924867,69533770,Cupertino,63988969,,196447606
Cypress,26795085,36030183,Cypress,34086309,,96911577
Daly City,62248596,74518434,Daly City,63981541,,200748571
Dana Point,33460846,36759936,Dana Point,35271763,,105492545
Danville,23028191,25268211,Danville,24268923,,72565325
Davis,49974973,56269654,Davis,52617031,,158861658
Del Mar,12489871,15395012,Del Mar,15021223,,42906106
Del Rey Oaks,2451848,3473750,Del Rey Oaks,2982952,,8908550
Delano,20075351,23667186,Delano,23582729,,67325266
Desert Hot Springs,11080534,16364018,Desert Hot Springs,13092287,,40536839
Diamond Bar,20322730,23546671,Diamond Bar,21943614,,65813015
Dinuba,18015819,17500962,Dinuba,15204257,,50721038
Dixon,17092491,21201443,Dixon,17432917,,55726851
Dorris,228361,217553,Dorris,227755,,673669
Dos Palos,1310516,1577804,Dos Palos,1648437,,4536757
Downey,60282940,84345016,Downey,76207980,,220835936
Duarte,11250076,12511227,Duarte,11647201,,35408504
Dublin,89917716,98379619,Dublin,95420691,,283718026
Dunsmuir,927563,1018569,Dunsmuir,977733,,2923865
East Palo Alto,23391271,29216213,East Palo Alto,27842021,,80449505
Eastvale,19008981,26786941,Eastvale,25260349,,71056271
El Cajon,62110222,68145967,El Cajon,65513857,,195770046
El Centro,22815432,33651858,El Centro,31482328,,87949618
El Cerrito,20609659,27255464,El Cerrito,20665101,,68530224
El Monte,68737249,76999412,El Monte,73393625,,219130286
El Paso De Robles,36112754,40024186,El Paso De Robles,38389904,,114526844
El Segundo,61690325,67932407,El Segundo,65155349,,194778081
Elk Grove,65505597,72576109,Elk Grove,68969125,,207050831
Emeryville,41130640,47275831,Emeryville,46504421,,134910892
Encinitas,60545460,68018099,Encinitas,64453977,,193017536
Escalon,3172079,3941791,Escalon,3166106,,10279976
Escondido,78150933,82912137,Escondido,82328217,,243391287
Etna,288536,290482,Etna,280813,,859831
Eureka,26018636,26251629,Eureka,26218187,,78488452
Exeter,3778531,4561902,Exeter,4344483,,12684916
Fairfax,8862831,9510276,Fairfax,9516555,,27889662
Fairfield,97558098,104521152,Fairfield,102143181,,304222431
Farmersville,4916070,3601696,Farmersville,5689894,,14207660
Ferndale,757136,758917,Ferndale,778425,,2294478
Fillmore,6125987,6175434,Fillmore,6296286,,18597707
Firebaugh,3140548,3587049,Firebaugh,3533461,,10261058
Folsom,66471554,81244989,Folsom,76136635,,223853178
Fontana,74511600,129382610,Fontana,108743388,,312637598
Fort Bragg,6154585,7112406,Fort Bragg,7122629,,20389620
Fort Jones,287981,316233,Fort Jones,286492,,890706
Fortuna,4957470,6318662,Fortuna,6295584,,17571716
Foster City,14410408,49452291,Foster City,15073587,,78936286
Fountain Valley,37624182,52008609,Fountain Valley,48088953,,137721744
Fowler,4212731,4169524,Fowler,5097557,,13479812
Fremont,224542423,249598398,Fremont,231548339,,705689160
Fresno,284553215,292642541,Fresno,272431676,,849627432
Fullerton,74480925,81104582,Fullerton,74623124,,230208631
Galt,12593724,12981942,Galt,12389052,,37964718
Garden Grove,97455867,113583734,Garden Grove,102517554,,313557155
Gardena,46067303,49835716,Gardena,46768214,,142671233
Gilroy,41720225,46833902,Gilroy,44140042,,132694169
Glendale,157057226,180715817,Glendale,176910053,,514683096
Glendora,27952442,29327816,Glendora,27896002,,85176260
Goleta,23983561,29044336,Goleta,26694247,,79722144
Gonzales,3846103,4763183,Gonzales,5105216,,13714502
Grand Terrace,4074436,5071469,Grand Terrace,4332487,,13478392
Grass Valley,13062910,16471908,Grass Valley,13672560,,43207378
Greenfield,5674500,8592038,Greenfield,6859257,,21125795
Gridley,2485696,2931269,Gridley,2501800,,7918765
Grover Beach,7841531,10701873,Grover Beach,8217549,,26760953
Guadalupe,2307573,2751176,Guadalupe,2501006,,7559755
Gustine,1960712,2341654,Gustine,2278625,,6580991
Half Moon Bay,13781583,17552590,Half Moon Bay,15014689,,46348862
Hanford,27343390,27496525,Hanford,28576329,,83416244
Hawaiian Gardens,3916368,18023611,Hawaiian Gardens,4338350,,26278329
Hawthorne,58965139,74980425,Hawthorne,63063818,,197009382
Hayward,150474631,163714602,Hayward,153035303,,467224536
Healdsburg,14589506,17307292,Healdsburg,15734037,,47630835
Hemet,34136030,47211054,Hemet,44587789,,125934873
Hercules,10309049,13085539,Hercules,12224679,,35619267
Hermosa Beach,26976962,29835529,Hermosa Beach,28862884,,85675375
Hesperia,29040392,29434465,Hesperia,35984078,,94458935
Hidden Hills,1565272,2274080,Hidden Hills,3468109,,7307461
Highland,20815455,20607788,Highland,22092410,,63515653
Hillsborough,22252161,25062258,Hillsborough,23596866,,70911285
Hollister,19591726,27763684,Hollister,22332993,,69688403
Holtville,1640440,1841983,Holtville,1923225,,5405648
Hughson,2042853,2626628,Hughson,2419648,,7089129
Huntington Beach,163049084,177448493,Huntington Beach,144484650,,484982227
Huntington Park,27315132,34308379,Huntington Park,27766022,,89389533
Huron,1597519,1765310,Huron,1916477,,5279306
Imperial,6362386,7015827,Imperial,7085032,,20463245
Imperial Beach,11595941,13080139,Imperial Beach,11206204,,35882284
Indian Wells,19377663,21924649,Indian Wells,20135476,,61437788
Indio,49632397,64106979,Indio,60326978,,174066354
Industry,101274293,116020635,Industry,107482198,,324777126
Inglewood,110411315,116776435,Inglewood,121823560,,349011310
Ione,2071634,2496466,Ione,2410694,,6978794
Irvine,213700195,204138639,Irvine,212719735,,630558569
Irwindale,18734004,20451445,Irwindale,20620986,,59806435
Isleton,663457,760249,Isleton,1008894,,2432600
Jackson,2855213,3191937,Jackson,2842325,,8889475
Jurupa Valley,24781115,33362767,Jurupa Valley,30675375,,88819257
Kerman,4816312,5935461,Kerman,5013119,,15764892
King City,5644623,7639041,King City,6586256,,19869920
Kingsburg,5783417,6742118,Kingsburg,5127556,,17653091
La Canada Flintridge,12962328,13897565,La Canada Flintridge,13195841,,40055734
La Habra,35373359,38807785,La Habra,36128592,,110309736
La Habra Heights,2569494,2916010,La Habra Heights,2625737,,8111241
La Mesa,40726776,45163144,La Mesa,42124054,,128013974
La Mirada,34480935,32273936,La Mirada,34421629,,101176500
La Palma,9287708,10498293,La Palma,10566409,,30352410
La Puente,12199888,14273735,La Puente,12790104,,39263727
La Quinta,34543093,50358283,La Quinta,46539689,,131441065
La Verne,20335778,24766454,La Verne,21901628,,67003860
Lafayette,14919626,16239761,Lafayette,15463883,,46623270
Laguna Beach,56098829,61637999,Laguna Beach,58884445,,176621273
Laguna Hills,19272140,20265675,Laguna Hills,19562797,,59100612
Laguna Niguel,36774657,38806129,Laguna Niguel,37462300,,113043086
Laguna Woods,4819851,5329907,Laguna Woods,5621183,,15770941
Lake Elsinore,25619723,27955076,Lake Elsinore,26495483,,80070282
Lake Forest,74017476,48487216,Lake Forest,55197369,,177702061
Lakeport,3993240,5233001,Lakeport,4837728,,14063969
Lakewood,36561384,37814539,Lakewood,36541737,,110917660
Lancaster,65701462,87956770,Lancaster,75939103,,229597335
Larkspur,17273812,20139152,Larkspur,17954082,,55367046
Lathrop,22379365,35106293,Lathrop,22273207,,79758865
Lawndale,13122943,14723854,Lawndale,13350453,,41197250
Lemon Grove,12876287,14674642,Lemon Grove,12105922,,39656851
Lemoore,7158866,8374705,Lemoore,7446400,,22979971
Lincoln,17102411,18558154,Lincoln,18557137,,54217702
Lindsay,4946728,6414873,Lindsay,5425560,,16787161
Live Oak,2415301,3156767,Live Oak,2479534,,8051602
Livermore,85990749,99785007,Livermore,92409589,,278185345
Livingston,4927777,5033602,Livingston,5681613,,15642992
Lodi,39730727,44575559,Lodi,41013030,,125319316
Loma Linda,12056658,16920662,Loma Linda,13410471,,42387791
Lomita,5261708,9908962,Lomita,7230108,,22400778
Lompoc,17214362,19134437,Lompoc,18290992,,54639791
Long Beach,423023000,483509040,Long Beach,464544000,,1371076040
Loomis,3744548,4765666,Loomis,4750643,,13260857
Los Alamitos,10276131,10921495,Los Alamitos,10526370,,31723996
Los Altos,31789460,36664749,Los Altos,34775197,,103229406
Los Altos Hills,6429570,7305331,Los Altos Hills,6922444,,20657345
Los Angeles,4559125444,5152048284,Los Angeles,4834137829,,14545311557
Los Banos,17564984,20876906,Los Banos,19454867,,57896757
Los Gatos,29960237,32207414,Los Gatos,30360001,,92527652
Loyalton,163165,212315,Loyalton,158102,,533582
Lynwood,27271103,38245855,Lynwood,32933038,,98449996
Madera,22821456,30197963,Madera,27046313,,80065732
Malibu,24161701,27343986,Malibu,26124000,,77629687
Mammoth Lakes,34328363,36804023,Mammoth Lakes,32925267,,104057653
Manhattan Beach,48084176,55023306,Manhattan Beach,51536668,,154644150
Manteca,40753408,53939071,Manteca,48716752,,143409231
Maricopa,263236,302076,Maricopa,307963,,873275
Marina,15387521,22225218,Marina,19152695,,56765434
Martinez,24355452,31208066,Martinez,29572016,,85135534
Marysville,5714115,8320212,Marysville,7276812,,21311139
Maywood,8152018,11177858,Maywood,9387373,,28717249
McFarland,4291915,4210304,McFarland,3402570,,11904789
Mendota,2616201,3023903,Mendota,3502186,,9142290
Menifee,26427456,47344502,Menifee,42542507,,116314465
Menlo Park,45136079,60305770,Menlo Park,51905862,,157347711
Merced,37403635,43129409,Merced,40046668,,120579712
Mill Valley,30577587,26894523,Mill Valley,30751089,,88223199
Millbrae,23645561,26390109,Millbrae,25015078,,75050748
Milpitas,98898870,124011226,Milpitas,106037394,,328947490
Mission Viejo,55278240,61202996,Mission Viejo,56487868,,172969104
Modesto,102262549,122437100,Modesto,124084767,,348784416
Monrovia,34722124,39785260,Monrovia,37708803,,112216187
Montague,384494,434316,Montague,394086,,1212896
Montclair,27102370,28523956,Montclair,27631882,,83258208
Monte Sereno,2058309,2404343,Monte Sereno,2200379,,6663031
Montebello,44372782,49099479,Montebello,47001507,,140473768
Monterey,64858789,72513994,Monterey,68396274,,205769057
Monterey Park,38365443,43423851,Monterey Park,41487903,,123277197
Moorpark,14445867,17754509,Moorpark,16928101,,49128477
Moraga,8021255,9089979,Moraga,8404035,,25515269
Moreno Valley,80536580,101566789,Moreno Valley,96422328,,278525697
Morgan Hill,32711622,39949020,Morgan Hill,38320823,,110981465
Morro Bay,11893469,12960047,Morro Bay,12275815,,37129331
Mountain View,95780968,152202602,Mountain View,141785049,,389768619
Mt. Shasta,3132137,3467412,Mt. Shasta,3212749,,9812298
Murrieta,43209419,64617980,Murrieta,55126076,,162953475
Napa,72562607,84597921,Napa,77396647,,234557175
National City,45634944,49389142,National City,46505026,,141529112
Needles,3850871,4334691,Needles,3515111,,11700673
Nevada City,4399289,4765454,Nevada City,4813148,,13977891
Newark,46067224,57972195,Newark,55208109,,159247528
Newman,2385689,3302378,Newman,3177385,,8865452
Newport Beach,163304341,184520562,Newport Beach,174374347,,522199250
Norco,14462353,19333804,Norco,14710502,,48506659
Norwalk,42536348,49560918,Norwalk,44819840,,136917106
Novato,33106983,35597488,Novato,34443246,,103147717
Oakdale,11244046,13208577,Oakdale,12962220,,37414843
Oakland,700175708,820803392,Oakland,743384802,,2264363902
Oakley,16771735,15038778,Oakley,18566754,,50377267
Oceanside,100605137,115691264,Oceanside,108112741,,324409142
Ojai,8080715,8850866,Ojai,7939592,,24871173
Ontario,212997025,257098271,Ontario,223880702,,693975998
Orange,96039612,110633219,Orange,97514082,,304186913
Orange Cove,2376496,1828470,Orange Cove,2234442,,6439408
Orinda,13728278,16470452,Orinda,14664482,,44863212
Orland,3429141,5087710,Orland,4662125,,13178976
Oroville,11845905,15647571,Oroville,12156005,,39649481
Oxnard,119850919,134962984,Oxnard,126648408,,381462311
Pacific Grove,19760684,22583371,Pacific Grove,20834385,,63178440
Pacifica,25225108,28366839,Pacifica,26391082,,79983029
Palm Desert,53687483,61065909,Palm Desert,56284025,,171037417
Palm Springs,104470368,128038204,Palm Springs,111447309,,343955881
Palmdale,77972274,91218556,Palmdale,83610620,,252801450
Palo Alto,119039091,137156473,Palo Alto,127802724,,383998288
Palos Verdes Estates,10948640,12048279,Palos Verdes Estates,11492242,,34489161
Paradise,11574543,12449147,Paradise,15437966,,39461656
Paramount,23879107,28247815,Paramount,25785263,,77912185
Parlier,3399077,3094202,Parlier,4042360,,10535639
Pasadena,189721955,207409181,Pasadena,189718545,,586849681
Patterson,10767277,13060761,Patterson,11782289,,35610327
Perris,41839937,68681887,Perris,73848994,,184370818
Petaluma,37702390,41392795,Petaluma,39340261,,118435446
Pico Rivera,36400805,42666829,Pico Rivera,40018750,,119086384
Piedmont,21418119,24052837,Piedmont,23180316,,68651272
Pinole,16345222,18407035,Pinole,18734429,,53486686
Pismo Beach,19832335,22097529,Pismo Beach,21106779,,63036643
Pittsburg,29459992,32929317,Pittsburg,30599485,,92988794
Placentia,27568571,30292245,Placentia,28161206,,86022022
Placerville,8263145,10405337,Placerville,9811821,,28480303
Pleasant Hill,22851253,27463983,Pleasant Hill,26519181,,76834417
Pleasanton,109684546,113356911,Pleasanton,108424263,,331465720
Plymouth,882962,1299257,Plymouth,1117269,,3299488
Point Arena,330315,393130,Point Arena,403500,,1126945
Pomona,81537880,90806094,Pomona,86571769,,258915743
Port Hueneme,8582516,11595330,Port Hueneme,8756628,,28934474
Porterville,23371422,29472718,Porterville,24014528,,76858668
Portola,717278,779015,Portola,800014,,2296307
Portola Valley,4502877,4915729,Portola Valley,4867411,,14286017
Poway,40314928,43199520,Poway,42769362,,126283810
Rancho Cordova,63831411,67596171,Rancho Cordova,60834269,,192261851
Rancho Cucamonga,79014557,136674625,Rancho Cucamonga,127548784,,343237966
Rancho Mirage,21856841,27767115,Rancho Mirage,25636586,,75260542
Rancho Palos Verdes,28548415,30796208,Rancho Palos Verdes,30232750,,89577373
Rancho Santa Margarita,16001607,16989901,Rancho Santa Margarita,16275984,,49267492
Red Bluff,8969117,10774570,Red Bluff,9203642,,28947329
Redding,49922292,58647255,Redding,51924553,,160494100
Redlands,52274955,57514634,Redlands,55102155,,164891744
Redondo Beach,62005456,68212426,Redondo Beach,66979594,,197197476
Redwood City,101090910,126150248,Redwood City,107591308,,334832466
Reedley,7503621,8301903,Reedley,7530057,,23335581
Rialto,55841826,72415985,Rialto,63338151,,191595962
Richmond,164222912,182125094,Richmond,171896177,,518244183
Ridgecrest,11510201,13200593,Ridgecrest,13152083,,37862877
Rio Dell,1036504,1291810,Rio Dell,1254286,,3582600
Rio Vista,5012987,5647870,Rio Vista,4891957,,15552814
Ripon,7385705,8212975,Ripon,7771339,,23370019
Riverbank,7171200,7767690,Riverbank,7284135,,22223025
Riverside,188253118,255375386,Riverside,237739102,,681367606
Rocklin,38055691,44453724,Rocklin,41338356,,123847771
Rohnert Park,26275964,31941616,Rohnert Park,29932970,,88150550
Rolling Hills,1327319,1598766,Rolling Hills,1469245,,4395330
Rolling Hills Estates,5878145,6148454,Rolling Hills Estates,5716573,,17743172
Rosemead,18327865,20615769,Rosemead,20113517,,59057151
Roseville,99774482,116768294,Roseville,102909309,,319452085
Ross,5737769,5896595,Ross,5578222,,17212586
Sacramento,396019000,453532000,Sacramento,413850000,,1263401000
Salinas,120500957,138418506,Salinas,130166581,,389086044
San Anselmo,17253108,18332729,San Anselmo,16625270,,52211107
San Bernardino,106127809,117185683,San Bernardino,112622195,,335935687
San Bruno,31174466,34906241,San Bruno,32287262,,98367969
San Buenaventura,82469150,99691627,San Buenaventura,96628875,,278789652
San Carlos,35152952,40848586,San Carlos,38220371,,114221909
San Clemente,48977475,52729383,San Clemente,50976522,,152683380
San Diego,1317100008,1466538588,San Diego,1355794206,,4139432802
San Dimas,20082087,22677628,San Dimas,21625750,,64385465
San Fernando,20501074,22349260,San Fernando,21477996,,64328330
San Francisco,3863646460,5050681385,San Francisco,4286571991,,13200899836
San Gabriel,27832613,34416236,San Gabriel,30187769,,92436618
San Jacinto,15828223,13212213,San Jacinto,11883776,,40924212
San Joaquin,912781,1007564,San Joaquin,897091,,2817436
San Jose,895560019,1009198340,San Jose,1010698611,,2915456970
San Juan Bautista,1274133,1471578,San Juan Bautista,1286526,,4032237
San Juan Capistrano,24737376,26325720,San Juan Capistrano,25610526,,76673622
San Leandro,91580232,101253490,San Leandro,96788083,,289621805
San Luis Obispo,56766911,60882786,San Luis Obispo,58819689,,176469386
San Marcos,47820127,47392396,San Marcos,44782264,,139994787
San Marino,19272829,21661711,San Marino,20352711,,61287251
San Mateo,107773519,122865912,San Mateo,112739864,,343379295
San Pablo,38717077,42963767,San Pablo,41016744,,122697588
San Rafael,65593281,74607160,San Rafael,70121442,,210321883
San Ramon,38944300,44390604,San Ramon,40980934,,124315838
Sand City,5737526,6445583,Sand City,5995572,,18178681
Sanger,10696426,10716665,Sanger,10310133,,31723224
Santa Ana,192928637,214882201,Santa Ana,191341579,,599152417
Santa Barbara,102005714,132804301,Santa Barbara,108250406,,343060421
Santa Clara,137422002,155833485,Santa Clara,140521139,,433776626
Santa Clarita,92346302,119019388,Santa Clarita,119677719,,331043409
Santa Cruz,69218468,82655404,Santa Cruz,75470006,,227343878
Santa Fe Springs,41445869,50393523,Santa Fe Springs,44048585,,135887977
Santa Maria,57197703,63612422,Santa Maria,55257038,,176067163
Santa Monica,258398736,294690084,Santa Monica,280646701,,833735521
Santa Paula,10102385,10953246,Santa Paula,13576959,,34632590
Santa Rosa,127714560,147506785,Santa Rosa,133504065,,408725410
Santee,32848691,37827386,Santee,35423131,,106099208
Saratoga,17593098,19845218,Saratoga,18616870,,56055186
Sausalito,12376895,14095983,Sausalito,12892734,,39365612
Scotts Valley,9811777,11944099,Scotts Valley,9807334,,31563210
Seal Beach,22385384,25094751,Seal Beach,23723189,,71203324
Seaside,25210327,31999121,Seaside,28958336,,86167784
Sebastopol,8012877,8682973,Sebastopol,8140852,,24836702
Selma,12931989,15102169,Selma,14410918,,42445076
Shafter,19522769,23681829,Shafter,20465039,,63669637
Shasta Lake,3373498,4407589,Shasta Lake,3883028,,11664115
Sierra Madre,9292648,10256303,Sierra Madre,9737063,,29286014
Signal Hill,18610793,21484062,Signal Hill,19381615,,59476470
Simi Valley,61622701,67894626,Simi Valley,63874199,,193391526
Solana Beach,14799571,16661890,Solana Beach,15694967,,47156428
Soledad,7609211,10182264,Soledad,8456115,,26247590
Solvang,7930828,8256819,Solvang,8035596,,24223243
Sonoma,13676878,15064073,Sonoma,14090856,,42831807
Sonora,6958136,6786497,Sonora,6705894,,20450527
South El Monte,13144641,13951589,South El Monte,12096825,,39193055
South Gate,38961702,42785430,South Gate,40104868,,121852000
South Lake Tahoe,40318979,44804113,South Lake Tahoe,43769982,,128893074
South Pasadena,21944546,24396503,South Pasadena,22881513,,69222562
South San Francisco,83409373,112442864,South San Francisco,98691385,,294543622
St. Helena,10887635,19848603,St. Helena,14562658,,45298896
Stanton,18051681,19522484,Stanton,19029225,,56603390
Stockton,210464602,246780107,Stockton,245074865,,702319574
Suisun City,8406714,11854670,Suisun City,11432843,,31694227
Sunnyvale,136875951,164971187,Sunnyvale,148460501,,450307639
Susanville,5058169,5226699,Susanville,5397288,,15682156
Sutter Creek,1428182,1558652,Sutter Creek,1565742,,4552576
Taft,3229700,3825218,Taft,4996178,,12051096
Tehachapi,5760508,8105259,Tehachapi,6716472,,20582239
Tehama,67730,71740,Tehama,74597,,214067
Temecula,69654133,104324119,Temecula,102770431,,276748683
Temple City,10136544,14896696,Temple City,11804163,,36837403
Thousand Oaks,72685217,78416495,Thousand Oaks,75874594,,226976306
Tiburon,8221869,9598749,Tiburon,9121537,,26942155
Torrance,167769828,175227194,Torrance,169018348,,512015370
Tracy,62065144,77936847,Tracy,86112046,,226114037
Trinidad,565607,617658,Trinidad,629009,,1812274
Truckee,25278342,30541441,Truckee,26925248,,82745031
Tulare,34718044,39925870,Tulare,36815014,,111458928
Tulelake,281359,326481,Tulelake,288778,,896618
Turlock,35814061,40966263,Turlock,37951822,,114732146
Tustin,50565104,53418826,Tustin,55832418,,159816348
Twentynine Palms,8945463,10015456,Twentynine Palms,9708803,,28669722
Ukiah,14513118,18556471,Ukiah,17206476,,50276065
Union City,47852355,53524788,Union City,53257993,,154635136
Upland,39070192,36233424,Upland,33131214,,108434830
Vacaville,77092575,99276178,Vacaville,84966165,,261334918
Vallejo,84810855,91899406,Vallejo,86909163,,263619424
Vernon,30280643,44828308,Vernon,37319606,,112428557
Victorville,52128866,60552022,Victorville,57986946,,170667834
Villa Park,2914680,3152697,Villa Park,3201056,,9268433
Visalia,80666486,97051189,Visalia,91805009,,269522684
Vista,58297018,70452618,Vista,60183695,,188933331
Walnut,9274951,11798501,Walnut,11193120,,32266572
Walnut Creek,59467394,63192096,Walnut Creek,60951795,,183611285
Wasco,5916392,9020292,Wasco,8710367,,23647051
Waterford,2336695,2821424,Waterford,2666305,,7824424
Watsonville,35241666,41706279,Watsonville,38574812,,115522757
Weed,2360186,2742727,Weed,2494854,,7597767
West Covina,53384778,58104677,West Covina,56343252,,167832707
West Hollywood,68331900,78591393,West Hollywood,74330244,,221253537
West Sacramento,59183496,75931739,West Sacramento,66921094,,202036329
Westlake Village,12037374,12948966,Westlake Village,12548959,,37535299
Westminster,45231127,57645292,Westminster,54200031,,157076450
Westmorland,740239,559551,Westmorland,751022,,2050812
Wheatland,1610613,2707373,Wheatland,2096913,,6414899
Whittier,40229175,46079022,Whittier,43109330,,129417527
Wildomar,6895872,12762785,Wildomar,9578296,,29236953
Williams,3856107,4379011,Williams,3550099,,11785217
Willits,3932088,4400378,Willits,4286156,,12618622
Willows,3438340,3961260,Willows,3563424,,10963024
Windsor,15591869,17651384,Windsor,16895556,,50138809
Winters,4249999,4074731,Winters,3795894,,12120624
Woodlake,3492962,4132847,Woodlake,2331289,,9957098
Woodland,45922319,46467219,Woodland,41989030,,134378568
Woodside,6673996,7153354,Woodside,7545643,,21372993
Yorba Linda,35671110,36910862,Yorba Linda,35609065,,108191037
Yountville,10555864,11706852,Yountville,9950055,,32212771
Yreka,5368860,6591958,Yreka,6339593,,18300411
Yuba City,30307319,33789592,Yuba City,31195141,,95292052
Yucaipa,17882849,20493724,Yucaipa,18863739,,57240312
Yucca Valley,10721959,16203448,Yucca Valley,15285162,,42210569
,,8842082,Adelanto,,,
,,18491359,Agoura Hills,,,
,,95816394,Alameda,,,
,,18580640,Albany,,,
,,51948185,Alhambra,,,
,,18681521,Aliso Viejo,,,
,,1409116,Alturas,,,
,,83985,Amador,,,
,,20560644,American Canyon,,,
,,330526199,Anaheim,,,
,,7709568,Anderson,,,
,,2870915,Angels,,,
,,52357193,Antioch,,,
,,28755697,Apple Valley,,,
,,50426132,Arcadia,,,
,,11339036,Arcata,,,
,,14946433,Arroyo Grande,,,
,,7394113,Artesia,,,
,,5244275,Arvin,,,
,,20996122,Atascadero,,,
,,15276181,Atherton,,,
,,12149222,Atwater,,,
,,11041824,Auburn,,,
,,9477892,Avalon,,,
,,3336041,Avenal,,,
,,31758282,Azusa,,,
,,177062601,Bakersfield,,,
,,29842593,Baldwin Park,,,
,,10978780,Banning,,,
,,25043006,Barstow,,,
,,17306312,Beaumont,,,
,,18542778,Bell,,,
,,25791442,Bell Gardens,,,
,,29220082,Bellflower,,,
,,31757606,Belmont,,,
,,6658760,Belvedere,,,
,,40600963,Benicia,,,
,,200290932,Berkeley,,,
,,211905933,Beverly Hills,,,
,,18780564,Big Bear Lake,,,
,,475245,Biggs,,,
,,6301812,Bishop,,,
,,453504,Blue Lake,,,
,,6450479,Blythe,,,
,,1032360,Bradbury,,,
,,10859128,Brawley,,,
,,44566862,Brea,,,
,,45750480,Brentwood,,,
,,14929038,Brisbane,,,
,,7711654,Buellton,,,
,,54755059,Buena Park,,,
,,131019749,Burbank,,,
,,65093241,Burlingame,,,
,,27475186,Calabasas,,,
,,14477657,Calexico,,,
,,9941217,California City,,,
,,4623157,Calimesa,,,
,,927584,Calipatria,,,
,,14473908,Calistoga,,,
,,39454801,Camarillo,,,
,,40552761,Campbell,,,
,,4728093,Canyon Lake,,,
,,13509654,Capitola,,,
,,138502647,Carlsbad,,,
,,19623999,Carmel-By-The-Sea,,,
,,10231891,Carpinteria,,,
,,66772081,Carson,,,
,,45733061,Cathedral City,,,
,,18246152,Ceres,,,
,,52057738,Cerritos,,,
,,53695460,Chico,,,
,,57199194,Chino,,,
,,30044563,Chino Hills,,,
,,5934161,Chowchilla,,,
,,141339936,Chula Vista,,,
,,36073151,Citrus Heights,,,
,,24189881,Claremont,,,
,,5057593,Clayton,,,
,,7846720,Clearlake,,,
,,6308246,Cloverdale,,,
,,57888721,Clovis,,,
,,17512893,Coachella,,,
,,4227805,Coalinga,,,
,,2110033,Colfax,,,
,,16531915,Colma,,,
,,24360431,Colton,,,
,,3196953,Colusa,,,
,,68207739,Commerce,,,
,,73854851,Compton,,,
,,94852078,Concord,,,
,,4775043,Corcoran,,,
,,5875968,Corning,,,
,,96252439,Corona,,,
,,49799920,Coronado,,,
,,19229880,Corte Madera,,,
,,112838244,Costa Mesa,,,
,,6473254,Cotati,,,
,,32226807,Covina,,,
,,3953470,Crescent City,,,
,,7740862,Cudahy,,,
,,91895403,Culver City,,,
,,63988969,Cupertino,,,
,,34086309,Cypress,,,
,,63981541,Daly City,,,
,,35271763,Dana Point,,,
,,24268923,Danville,,,
,,52617031,Davis,,,
,,15021223,Del Mar,,,
,,2982952,Del Rey Oaks,,,
,,23582729,Delano,,,
,,13092287,Desert Hot Springs,,,
,,21943614,Diamond Bar,,,
,,15204257,Dinuba,,,
,,17432917,Dixon,,,
,,227755,Dorris,,,
,,1648437,Dos Palos,,,
,,76207980,Downey,,,
,,11647201,Duarte,,,
,,95420691,Dublin,,,
,,977733,Dunsmuir,,,
,,27842021,East Palo Alto,,,
,,25260349,Eastvale,,,
,,65513857,El Cajon,,,
,,31482328,El Centro,,,
,,20665101,El Cerrito,,,
,,73393625,El Monte,,,
,,38389904,El Paso De Robles,,,
,,65155349,El Segundo,,,
,,68969125,Elk Grove,,,
,,46504421,Emeryville,,,
,,64453977,Encinitas,,,
,,3166106,Escalon,,,
,,82328217,Escondido,,,
,,280813,Etna,,,
,,26218187,Eureka,,,
,,4344483,Exeter,,,
,,9516555,Fairfax,,,
,,102143181,Fairfield,,,
,,5689894,Farmersville,,,
,,778425,Ferndale,,,
,,6296286,Fillmore,,,
,,3533461,Firebaugh,,,
,,76136635,Folsom,,,
,,108743388,Fontana,,,
,,7122629,Fort Bragg,,,
,,286492,Fort Jones,,,
,,6295584,Fortuna,,,
,,15073587,Foster City,,,
,,48088953,Fountain Valley,,,
,,5097557,Fowler,,,
,,231548339,Fremont,,,
,,272431676,Fresno,,,
,,74623124,Fullerton,,,
,,12389052,Galt,,,
,,102517554,Garden Grove,,,
,,46768214,Gardena,,,
,,44140042,Gilroy,,,
,,176910053,Glendale,,,
,,27896002,Glendora,,,
,,26694247,Goleta,,,
,,5105216,Gonzales,,,
,,4332487,Grand Terrace,,,
,,13672560,Grass Valley,,,
,,6859257,Greenfield,,,
,,2501800,Gridley,,,
,,8217549,Grover Beach,,,
,,2501006,Guadalupe,,,
,,2278625,Gustine,,,
,,15014689,Half Moon Bay,,,
,,28576329,Hanford,,,
,,4338350,Hawaiian Gardens,,,
,,63063818,Hawthorne,,,
,,153035303,Hayward,,,
,,15734037,Healdsburg,,,
,,44587789,Hemet,,,
,,12224679,Hercules,,,
,,28862884,Hermosa Beach,,,
,,35984078,Hesperia,,,
,,3468109,Hidden Hills,,,
,,22092410,Highland,,,
,,23596866,Hillsborough,,,
,,22332993,Hollister,,,
,,1923225,Holtville,,,
,,2419648,Hughson,,,
,,144484650,Huntington Beach,,,
,,27766022,Huntington Park,,,
,,1916477,Huron,,,
,,7085032,Imperial,,,
,,11206204,Imperial Beach,,,
,,20135476,Indian Wells,,,
,,60326978,Indio,,,
,,107482198,Industry,,,
,,121823560,Inglewood,,,
,,2410694,Ione,,,
,,212719735,Irvine,,,
,,20620986,Irwindale,,,
,,1008894,Isleton,,,
,,2842325,Jackson,,,
,,30675375,Jurupa Valley,,,
,,5013119,Kerman,,,
,,6586256,King City,,,
,,5127556,Kingsburg,,,
,,13195841,La Canada Flintridge,,,
,,36128592,La Habra,,,
,,2625737,La Habra Heights,,,
,,42124054,La Mesa,,,
,,34421629,La Mirada,,,
,,10566409,La Palma,,,
,,12790104,La Puente,,,
,,46539689,La Quinta,,,
,,21901628,La Verne,,,
,,15463883,Lafayette,,,
,,58884445,Laguna Beach,,,
,,19562797,Laguna Hills,,,
,,37462300,Laguna Niguel,,,
,,5621183,Laguna Woods,,,
,,26495483,Lake Elsinore,,,
,,55197369,Lake Forest,,,
,,4837728,Lakeport,,,
,,36541737,Lakewood,,,
,,75939103,Lancaster,,,
,,17954082,Larkspur,,,
,,22273207,Lathrop,,,
,,13350453,Lawndale,,,
,,12105922,Lemon Grove,,,
,,7446400,Lemoore,,,
,,18557137,Lincoln,,,
,,5425560,Lindsay,,,
,,2479534,Live Oak,,,
,,92409589,Livermore,,,
,,5681613,Livingston,,,
,,41013030,Lodi,,,
,,13410471,Loma Linda,,,
,,7230108,Lomita,,,
,,18290992,Lompoc,,,
,,464544000,Long Beach,,,
,,4750643,Loomis,,,
,,10526370,Los Alamitos,,,
,,34775197,Los Altos,,,
,,6922444,Los Altos Hills,,,
,,4834137829,Los Angeles,,,
,,19454867,Los Banos,,,
,,30360001,Los Gatos,,,
,,158102,Loyalton,,,
,,32933038,Lynwood,,,
,,27046313,Madera,,,
,,26124000,Malibu,,,
,,32925267,Mammoth Lakes,,,
,,51536668,Manhattan Beach,,,
,,48716752,Manteca,,,
,,307963,Maricopa,,,
,,19152695,Marina,,,
,,29572016,Martinez,,,
,,7276812,Marysville,,,
,,9387373,Maywood,,,
,,3402570,McFarland,,,
,,3502186,Mendota,,,
,,42542507,Menifee,,,
,,51905862,Menlo Park,,,
,,40046668,Merced,,,
,,30751089,Mill Valley,,,
,,25015078,Millbrae,,,
,,106037394,Milpitas,,,
,,56487868,Mission Viejo,,,
,,124084767,Modesto,,,
,,37708803,Monrovia,,,
,,394086,Montague,,,
,,27631882,Montclair,,,
,,2200379,Monte Sereno,,,
,,47001507,Montebello,,,
,,68396274,Monterey,,,
,,41487903,Monterey Park,,,
,,16928101,Moorpark,,,
,,8404035,Moraga,,,
,,96422328,Moreno Valley,,,
,,38320823,Morgan Hill,,,
,,12275815,Morro Bay,,,
,,141785049,Mountain View,,,
,,3212749,Mt. Shasta,,,
,,55126076,Murrieta,,,
,,77396647,Napa,,,
,,46505026,National City,,,
,,3515111,Needles,,,
,,4813148,Nevada City,,,
,,55208109,Newark,,,
,,3177385,Newman,,,
,,174374347,Newport Beach,,,
,,14710502,Norco,,,
,,44819840,Norwalk,,,
,,34443246,Novato,,,
,,12962220,Oakdale,,,
,,743384802,Oakland,,,
,,18566754,Oakley,,,
,,108112741,Oceanside,,,
,,7939592,Ojai,,,
,,223880702,Ontario,,,
,,97514082,Orange,,,
,,2234442,Orange Cove,,,
,,14664482,Orinda,,,
,,4662125,Orland,,,
,,12156005,Oroville,,,
,,126648408,Oxnard,,,
,,20834385,Pacific Grove,,,
,,26391082,Pacifica,,,
,,56284025,Palm Desert,,,
,,111447309,Palm Springs,,,
,,83610620,Palmdale,,,
,,127802724,Palo Alto,,,
,,11492242,Palos Verdes Estates,,,
,,15437966,Paradise,,,
,,25785263,Paramount,,,
,,4042360,Parlier,,,
,,189718545,Pasadena,,,
,,11782289,Patterson,,,
,,73848994,Perris,,,
,,39340261,Petaluma,,,
,,40018750,Pico Rivera,,,
,,23180316,Piedmont,,,
,,18734429,Pinole,,,
,,21106779,Pismo Beach,,,
,,30599485,Pittsburg,,,
,,28161206,Placentia,,,
,,9811821,Placerville,,,
,,26519181,Pleasant Hill,,,
,,108424263,Pleasanton,,,
,,1117269,Plymouth,,,
,,403500,Point Arena,,,
,,86571769,Pomona,,,
,,8756628,Port Hueneme,,,
,,24014528,Porterville,,,
,,800014,Portola,,,
,,4867411,Portola Valley,,,
,,42769362,Poway,,,
,,60834269,Rancho Cordova,,,
,,127548784,Rancho Cucamonga,,,
,,25636586,Rancho Mirage,,,
,,30232750,Rancho Palos Verdes,,,
,,16275984,Rancho Santa Margarita,,,
,,9203642,Red Bluff,,,
,,51924553,Redding,,,
,,55102155,Redlands,,,
,,66979594,Redondo Beach,,,
,,107591308,Redwood City,,,
,,7530057,Reedley,,,
,,63338151,Rialto,,,
,,171896177,Richmond,,,
,,13152083,Ridgecrest,,,
,,1254286,Rio Dell,,,
,,4891957,Rio Vista,,,
,,7771339,Ripon,,,
,,7284135,Riverbank,,,
,,237739102,Riverside,,,
,,41338356,Rocklin,,,
,,29932970,Rohnert Park,,,
,,1469245,Rolling Hills,,,
,,5716573,Rolling Hills Estates,,,
,,20113517,Rosemead,,,
,,102909309,Roseville,,,
,,5578222,Ross,,,
,,413850000,Sacramento,,,
,,130166581,Salinas,,,
,,16625270,San Anselmo,,,
,,112622195,San Bernardino,,,
,,32287262,San Bruno,,,
,,96628875,San Buenaventura,,,
,,38220371,San Carlos,,,
,,50976522,San Clemente,,,
,,1355794206,San Diego,,,
,,21625750,San Dimas,,,
,,21477996,San Fernando,,,
,,4286571991,San Francisco,,,
,,30187769,San Gabriel,,,
,,11883776,San Jacinto,,,
,,897091,San Joaquin,,,
,,1010698611,San Jose,,,
,,1286526,San Juan Bautista,,,
,,25610526,San Juan Capistrano,,,
,,96788083,San Leandro,,,
,,58819689,San Luis Obispo,,,
,,44782264,San Marcos,,,
,,20352711,San Marino,,,
,,112739864,San Mateo,,,
,,41016744,San Pablo,,,
,,70121442,San Rafael,,,
,,40980934,San Ramon,,,
,,5995572,Sand City,,,
,,10310133,Sanger,,,
,,191341579,Santa Ana,,,
,,108250406,Santa Barbara,,,
,,140521139,Santa Clara,,,
,,119677719,Santa Clarita,,,
,,75470006,Santa Cruz,,,
,,44048585,Santa Fe Springs,,,
,,55257038,Santa Maria,,,
,,280646701,Santa Monica,,,
,,13576959,Santa Paula,,,
,,133504065,Santa Rosa,,,
,,35423131,Santee,,,
,,18616870,Saratoga,,,
,,12892734,Sausalito,,,
,,9807334,Scotts Valley,,,
,,23723189,Seal Beach,,,
,,28958336,Seaside,,,
,,8140852,Sebastopol,,,
,,14410918,Selma,,,
,,20465039,Shafter,,,
,,3883028,Shasta Lake,,,
,,9737063,Sierra Madre,,,
,,19381615,Signal Hill,,,
,,63874199,Simi Valley,,,
,,15694967,Solana Beach,,,
,,8456115,Soledad,,,
,,8035596,Solvang,,,
,,14090856,Sonoma,,,
,,6705894,Sonora,,,
,,12096825,South El Monte,,,
,,40104868,South Gate,,,
,,43769982,South Lake Tahoe,,,
,,22881513,South Pasadena,,,
,,98691385,South San Francisco,,,
,,14562658,St. Helena,,,
,,19029225,Stanton,,,
,,245074865,Stockton,,,
,,11432843,Suisun City,,,
,,148460501,Sunnyvale,,,
,,5397288,Susanville,,,
,,1565742,Sutter Creek,,,
,,4996178,Taft,,,
,,6716472,Tehachapi,,,
,,74597,Tehama,,,
,,102770431,Temecula,,,
,,11804163,Temple City,,,
,,75874594,Thousand Oaks,,,
,,9121537,Tiburon,,,
,,169018348,Torrance,,,
,,86112046,Tracy,,,
,,629009,Trinidad,,,
,,26925248,Truckee,,,
,,36815014,Tulare,,,
,,288778,Tulelake,,,
,,37951822,Turlock,,,
,,55832418,Tustin,,,
,,9708803,Twentynine Palms,,,
,,17206476,Ukiah,,,
,,53257993,Union City,,,
,,33131214,Upland,,,
,,84966165,Vacaville,,,
,,86909163,Vallejo,,,
,,37319606,Vernon,,,
,,57986946,Victorville,,,
,,3201056,Villa Park,,,
,,91805009,Visalia,,,
,,60183695,Vista,,,
,,11193120,Walnut,,,
,,60951795,Walnut Creek,,,
,,8710367,Wasco,,,
,,2666305,Waterford,,,
,,38574812,Watsonville,,,
,,2494854,Weed,,,
,,56343252,West Covina,,,
,,74330244,West Hollywood,,,
,,66921094,West Sacramento,,,
,,12548959,Westlake Village,,,
,,54200031,Westminster,,,
,,751022,Westmorland,,,
,,2096913,Wheatland,,,
,,43109330,Whittier,,,
,,9578296,Wildomar,,,
,,3550099,Williams,,,
,,4286156,Willits,,,
,,3563424,Willows,,,
,,16895556,Windsor,,,
,,3795894,Winters,,,
,,2331289,Woodlake,,,
,,41989030,Woodland,,,
,,7545643,Woodside,,,
,,35609065,Yorba Linda,,,
,,9950055,Yountville,,,
,,6339593,Yreka,,,
,,31195141,Yuba City,,,
,,18863739,Yucaipa,,,
,,15285162,Yucca Valley,,,
