<?xml version="1.0" encoding="UTF-8"?>
<MD_Metadata xmlns="http://www.isotc211.org/2005/gmd" xmlns:gco="http://www.isotc211.org/2005/gco" xmlns:gts="http://www.isotc211.org/2005/gts" xmlns:srv="http://www.isotc211.org/2005/srv" xmlns:gml="http://www.opengis.net/gml" xmlns:xlink="http://www.w3.org/1999/xlink" xmlns:xsi="http://www.w3.org/2001/XMLSchema-instance">
  <fileIdentifier>
    <gco:CharacterString>edu.stanford.purl:dc841dq9031</gco:CharacterString>
  </fileIdentifier>
  <language>
    <LanguageCode codeList="http://www.loc.gov/standards/iso639-2/php/code_list.php" codeListValue="eng" codeSpace="ISO639-2">eng</LanguageCode>
  </language>
  <characterSet>
    <MD_CharacterSetCode codeList="http://www.isotc211.org/2005/resources/Codelist/gmxCodelists.xml#MD_CharacterSetCode" codeListValue="utf8" codeSpace="ISOTC211/19115">utf8</MD_CharacterSetCode>
  </characterSet>
  <parentIdentifier>
    <gco:CharacterString>http://purl.stanford.edu/qw778bk1665.mods</gco:CharacterString>
  </parentIdentifier>
  <hierarchyLevel>
    <MD_ScopeCode codeList="http://www.isotc211.org/2005/resources/Codelist/gmxCodelists.xml#MD_ScopeCode" codeListValue="dataset" codeSpace="ISOTC211/19115">dataset</MD_ScopeCode>
  </hierarchyLevel>
  <hierarchyLevelName>
    <gco:CharacterString>dataset</gco:CharacterString>
  </hierarchyLevelName>
  <contact>
    <CI_ResponsibleParty>
      <individualName>
        <gco:CharacterString>Michael O'Neill</gco:CharacterString>
      </individualName>
      <organisationName>
        <gco:CharacterString>Office Statewide Health Planning &amp; Development, Data Management Office</gco:CharacterString>
      </organisationName>
      <positionName>
        <gco:CharacterString>Senior GIS Architect</gco:CharacterString>
      </positionName>
      <contactInfo>
        <CI_Contact>
          <phone>
            <CI_Telephone>
              <voice>
                <gco:CharacterString>916-326-3982</gco:CharacterString>
              </voice>
            </CI_Telephone>
          </phone>
          <address>
            <CI_Address>
              <deliveryPoint>
                <gco:CharacterString>400 R Street, Room 380</gco:CharacterString>
              </deliveryPoint>
              <city>
                <gco:CharacterString>Sacramento</gco:CharacterString>
              </city>
              <administrativeArea>
                <gco:CharacterString>CA</gco:CharacterString>
              </administrativeArea>
              <postalCode>
                <gco:CharacterString>95811</gco:CharacterString>
              </postalCode>
              <country>
                <gco:CharacterString>United States of America</gco:CharacterString>
              </country>
              <electronicMailAddress>
                <gco:CharacterString>michael.oneill@oshpd.ca.gov</gco:CharacterString>
              </electronicMailAddress>
            </CI_Address>
          </address>
        </CI_Contact>
      </contactInfo>
      <role>
        <CI_RoleCode codeList="http://www.isotc211.org/2005/resources/Codelist/gmxCodelists.xml#CI_RoleCode" codeListValue="pointOfContact" codeSpace="ISOTC211/19115">pointOfContact</CI_RoleCode>
      </role>
    </CI_ResponsibleParty>
  </contact>
  <contact>
    <CI_ResponsibleParty>
      <organisationName>
        <gco:CharacterString>Stanford Geospatial Center</gco:CharacterString>
      </organisationName>
      <contactInfo>
        <CI_Contact>
          <phone>
            <CI_Telephone>
              <voice>
                <gco:CharacterString>650-723-2746</gco:CharacterString>
              </voice>
            </CI_Telephone>
          </phone>
          <address>
            <CI_Address>
              <deliveryPoint>
                <gco:CharacterString>Mitchell Bldg. 2nd floor</gco:CharacterString>
              </deliveryPoint>
              <deliveryPoint>
                <gco:CharacterString>397 Panama Mall</gco:CharacterString>
              </deliveryPoint>
              <city>
                <gco:CharacterString>Stanford</gco:CharacterString>
              </city>
              <administrativeArea>
                <gco:CharacterString>California</gco:CharacterString>
              </administrativeArea>
              <postalCode>
                <gco:CharacterString>94305</gco:CharacterString>
              </postalCode>
              <country>
                <gco:CharacterString>US</gco:CharacterString>
              </country>
              <electronicMailAddress>
                <gco:CharacterString>brannerlibrary@stanford.edu</gco:CharacterString>
              </electronicMailAddress>
            </CI_Address>
          </address>
        </CI_Contact>
      </contactInfo>
      <role>
        <CI_RoleCode codeList="http://www.isotc211.org/2005/resources/Codelist/gmxCodelists.xml#CI_RoleCode" codeListValue="pointOfContact" codeSpace="ISOTC211/19115">pointOfContact</CI_RoleCode>
      </role>
    </CI_ResponsibleParty>
  </contact>
  <dateStamp>
    <gco:Date>2016-07-03</gco:Date>
  </dateStamp>
  <metadataStandardName>
    <gco:CharacterString>ISO 19139 Geographic Information - Metadata - Implementation Specification</gco:CharacterString>
  </metadataStandardName>
  <metadataStandardVersion>
    <gco:CharacterString>2007</gco:CharacterString>
  </metadataStandardVersion>
  <dataSetURI>
    <gco:CharacterString>http://purl.stanford.edu/dc841dq9031</gco:CharacterString>
  </dataSetURI>
  <spatialRepresentationInfo>
    <MD_GridSpatialRepresentation>
      <numberOfDimensions gco:nilReason="missing"/>
      <cellGeometry gco:nilReason="missing"/>
      <transformationParameterAvailability>
        <gco:Boolean>false</gco:Boolean>
      </transformationParameterAvailability>
    </MD_GridSpatialRepresentation>
  </spatialRepresentationInfo>
  <spatialRepresentationInfo>
    <MD_VectorSpatialRepresentation>
      <topologyLevel>
        <MD_TopologyLevelCode codeList="http://www.isotc211.org/2005/resources/Codelist/gmxCodelists.xml#MD_TopologyLevelCode" codeListValue="geometryOnly" codeSpace="ISOTC211/19115">geometryOnly</MD_TopologyLevelCode>
      </topologyLevel>
      <geometricObjects>
        <MD_GeometricObjects>
          <geometricObjectType>
            <MD_GeometricObjectTypeCode codeList="http://www.isotc211.org/2005/resources/Codelist/gmxCodelists.xml#MD_GeometricObjectTypeCode" codeListValue="composite" codeSpace="ISOTC211/19115">composite</MD_GeometricObjectTypeCode>
          </geometricObjectType>
          <geometricObjectCount>
            <gco:Integer>1769</gco:Integer>
          </geometricObjectCount>
        </MD_GeometricObjects>
      </geometricObjects>
    </MD_VectorSpatialRepresentation>
  </spatialRepresentationInfo>
  <referenceSystemInfo>
    <MD_ReferenceSystem>
      <referenceSystemIdentifier>
        <RS_Identifier>
          <code>
            <gco:CharacterString>3310</gco:CharacterString>
          </code>
          <codeSpace>
            <gco:CharacterString>EPSG</gco:CharacterString>
          </codeSpace>
          <version>
            <gco:CharacterString>8.6.2</gco:CharacterString>
          </version>
        </RS_Identifier>
      </referenceSystemIdentifier>
    </MD_ReferenceSystem>
  </referenceSystemInfo>
  <identificationInfo>
    <MD_DataIdentification>
      <citation>
        <CI_Citation>
          <title>
            <gco:CharacterString>Census Zip Code Tabulation Areas, California, 2010</gco:CharacterString>
          </title>
          <date>
            <CI_Date>
              <date>
                <gco:Date>2012-06-18</gco:Date>
              </date>
              <dateType>
                <CI_DateTypeCode codeList="http://www.isotc211.org/2005/resources/Codelist/gmxCodelists.xml#CI_DateTypeCode" codeListValue="publication" codeSpace="ISOTC211/19115">publication</CI_DateTypeCode>
              </dateType>
            </CI_Date>
          </date>
          <identifier>
            <MD_Identifier>
              <code>
                <gco:CharacterString>http://purl.stanford.edu/dc841dq9031</gco:CharacterString>
              </code>
            </MD_Identifier>
          </identifier>
          <citedResponsibleParty>
            <CI_ResponsibleParty>
              <individualName>
                <gco:CharacterString>O'Neill, Michael</gco:CharacterString>
              </individualName>
              <positionName>
                <gco:CharacterString>Senior GIS Architect</gco:CharacterString>
              </positionName>
              <contactInfo>
                <CI_Contact>
                  <phone>
                    <CI_Telephone>
                      <voice>
                        <gco:CharacterString>916-326-3982</gco:CharacterString>
                      </voice>
                    </CI_Telephone>
                  </phone>
                  <address>
                    <CI_Address>
                      <deliveryPoint>
                        <gco:CharacterString>400 R Street, Room 380</gco:CharacterString>
                      </deliveryPoint>
                      <city>
                        <gco:CharacterString>Sacramento</gco:CharacterString>
                      </city>
                      <administrativeArea>
                        <gco:CharacterString>CA</gco:CharacterString>
                      </administrativeArea>
                      <postalCode>
                        <gco:CharacterString>95811</gco:CharacterString>
                      </postalCode>
                      <country>
                        <gco:CharacterString>United States of America</gco:CharacterString>
                      </country>
                      <electronicMailAddress>
                        <gco:CharacterString>michael.oneill@oshpd.ca.gov</gco:CharacterString>
                      </electronicMailAddress>
                    </CI_Address>
                  </address>
                </CI_Contact>
              </contactInfo>
              <role>
                <CI_RoleCode codeList="http://www.isotc211.org/2005/resources/Codelist/gmxCodelists.xml#CI_RoleCode" codeListValue="originator" codeSpace="ISOTC211/19115">originator</CI_RoleCode>
              </role>
            </CI_ResponsibleParty>
          </citedResponsibleParty>
          <citedResponsibleParty>
            <CI_ResponsibleParty>
              <organisationName>
                <gco:CharacterString>California. Office of Statewide Health Planning and Development</gco:CharacterString>
              </organisationName>
              <contactInfo>
                <CI_Contact>
                  <address>
                    <CI_Address>
                      <city>
                        <gco:CharacterString>Sacramento</gco:CharacterString>
                      </city>
                      <country>
                        <gco:CharacterString>US</gco:CharacterString>
                      </country>
                    </CI_Address>
                  </address>
                </CI_Contact>
              </contactInfo>
              <role>
                <CI_RoleCode codeList="http://www.isotc211.org/2005/resources/Codelist/gmxCodelists.xml#CI_RoleCode" codeListValue="publisher" codeSpace="ISOTC211/19115">publisher</CI_RoleCode>
              </role>
            </CI_ResponsibleParty>
          </citedResponsibleParty>
          <citedResponsibleParty>
            <CI_ResponsibleParty>
              <organisationName>
                <gco:CharacterString>California. Office of Statewide Health Planning and Development</gco:CharacterString>
              </organisationName>
              <role>
                <CI_RoleCode codeList="http://www.isotc211.org/2005/resources/Codelist/gmxCodelists.xml#CI_RoleCode" codeListValue="originator" codeSpace="ISOTC211/19115">originator</CI_RoleCode>
              </role>
            </CI_ResponsibleParty>
          </citedResponsibleParty>
          <presentationForm>
            <CI_PresentationFormCode codeList="http://www.isotc211.org/2005/resources/Codelist/gmxCodelists.xml#CI_PresentationFormCode" codeListValue="mapDigital" codeSpace="ISOTC211/19115">mapDigital</CI_PresentationFormCode>
          </presentationForm>
          <collectiveTitle>
            <gco:CharacterString>Healthcare Atlas of California</gco:CharacterString>
          </collectiveTitle>
        </CI_Citation>
      </citation>
      <abstract>
        <gco:CharacterString>This polygon shapefile represents zip code tabulation areas (ZCTAs) for the state of California. These data were gathered from the 2010 Census demographics update and contain keys for ZCTAs, centroid coordinates, demographic fields for age, gender, race and ethnicity, and housing information including living quarters, institutionalized populations, households and housing units. For the 2010 Census, there were no “XX” or “HH” ZCTAs assigned. Only five-digit ZCTAs were produced, and large unpopulated areas were excluded from the delineations. For the 2010 Census, there is no wall-to-wall national coverage for ZCTAs. Large water bodies and unpopulated land area such as national parks were excluded from the 2010 delineations, and for this reason the Census 2010 product does not have complete national coverage.</gco:CharacterString>
      </abstract>
      <purpose>
        <gco:CharacterString>This dataset is intended for researchers, students, policy makers, and the general public for reference and mapping purposes, and may be used for basic applications such as viewing, querying, and map output production, or to provide a basemap to support graphical overlays and analysis with other spatial data</gco:CharacterString>
      </purpose>
      <credit>
        <gco:CharacterString>O'Neill, M. and California Office of Statewide Health Planning and Development. (2010). Census Zip Code Tabulation Areas, California, 2010. California Office of Statewide Health Planning and Development. Available at: http://purl.stanford.edu/dc841dq9031.</gco:CharacterString>
      </credit>
      <status>
        <MD_ProgressCode codeList="http://www.isotc211.org/2005/resources/Codelist/gmxCodelists.xml#MD_ProgressCode" codeListValue="completed" codeSpace="ISOTC211/19115">completed</MD_ProgressCode>
      </status>
      <pointOfContact>
        <CI_ResponsibleParty>
          <individualName>
            <gco:CharacterString>Michael O'Neill</gco:CharacterString>
          </individualName>
          <organisationName>
            <gco:CharacterString>Office Statewide Health Planning &amp; Development, Data Management Office</gco:CharacterString>
          </organisationName>
          <positionName>
            <gco:CharacterString>Senior GIS Architect</gco:CharacterString>
          </positionName>
          <contactInfo>
            <CI_Contact>
              <phone>
                <CI_Telephone>
                  <voice>
                    <gco:CharacterString>916-326-3982</gco:CharacterString>
                  </voice>
                </CI_Telephone>
              </phone>
              <address>
                <CI_Address>
                  <deliveryPoint>
                    <gco:CharacterString>400 R Street, Room 380</gco:CharacterString>
                  </deliveryPoint>
                  <city>
                    <gco:CharacterString>Sacramento</gco:CharacterString>
                  </city>
                  <administrativeArea>
                    <gco:CharacterString>CA</gco:CharacterString>
                  </administrativeArea>
                  <postalCode>
                    <gco:CharacterString>95811</gco:CharacterString>
                  </postalCode>
                  <country>
                    <gco:CharacterString>United States of America</gco:CharacterString>
                  </country>
                  <electronicMailAddress>
                    <gco:CharacterString>michael.oneill@oshpd.ca.gov</gco:CharacterString>
                  </electronicMailAddress>
                </CI_Address>
              </address>
            </CI_Contact>
          </contactInfo>
          <role>
            <CI_RoleCode codeList="http://www.isotc211.org/2005/resources/Codelist/gmxCodelists.xml#CI_RoleCode" codeListValue="pointOfContact" codeSpace="ISOTC211/19115">pointOfContact</CI_RoleCode>
          </role>
        </CI_ResponsibleParty>
      </pointOfContact>
      <resourceMaintenance>
        <MD_MaintenanceInformation>
          <maintenanceAndUpdateFrequency>
            <MD_MaintenanceFrequencyCode codeList="http://www.isotc211.org/2005/resources/Codelist/gmxCodelists.xml#MD_MaintenanceFrequencyCode" codeListValue="asNeeded" codeSpace="ISOTC211/19115">asNeeded</MD_MaintenanceFrequencyCode>
          </maintenanceAndUpdateFrequency>
        </MD_MaintenanceInformation>
      </resourceMaintenance>
      <descriptiveKeywords>
        <MD_Keywords>
          <keyword>
            <gco:CharacterString>California</gco:CharacterString>
          </keyword>
          <type>
            <MD_KeywordTypeCode codeList="http://www.isotc211.org/2005/resources/Codelist/gmxCodelists.xml#MD_KeywordTypeCode" codeListValue="place" codeSpace="ISOTC211/19115">place</MD_KeywordTypeCode>
          </type>
          <thesaurusName>
            <CI_Citation>
              <title>
                <gco:CharacterString>geonames</gco:CharacterString>
              </title>
              <date gco:nilReason="missing"/>
            </CI_Citation>
          </thesaurusName>
        </MD_Keywords>
      </descriptiveKeywords>
      <descriptiveKeywords>
        <MD_Keywords>
          <keyword>
            <gco:CharacterString>Zip codes</gco:CharacterString>
          </keyword>
          <keyword>
            <gco:CharacterString>Census</gco:CharacterString>
          </keyword>
          <keyword>
            <gco:CharacterString>Households</gco:CharacterString>
          </keyword>
          <keyword>
            <gco:CharacterString>Population statistics</gco:CharacterString>
          </keyword>
          <type>
            <MD_KeywordTypeCode codeList="http://www.isotc211.org/2005/resources/Codelist/gmxCodelists.xml#MD_KeywordTypeCode" codeListValue="theme" codeSpace="ISOTC211/19115">theme</MD_KeywordTypeCode>
          </type>
          <thesaurusName>
            <CI_Citation>
              <title>
                <gco:CharacterString>lcsh</gco:CharacterString>
              </title>
              <date>
                <CI_Date>
                  <date>
                    <gco:Date>2011-04-26</gco:Date>
                  </date>
                  <dateType>
                    <CI_DateTypeCode codeList="http://www.isotc211.org/2005/resources/Codelist/gmxCodelists.xml#CI_DateTypeCode" codeListValue="revision" codeSpace="ISOTC211/19115">revision</CI_DateTypeCode>
                  </dateType>
                </CI_Date>
              </date>
              <identifier>
                <MD_Identifier>
                  <code>
                    <gco:CharacterString>http://id.loc.gov/authorities/subjects.html</gco:CharacterString>
                  </code>
                </MD_Identifier>
              </identifier>
            </CI_Citation>
          </thesaurusName>
        </MD_Keywords>
      </descriptiveKeywords>
      <descriptiveKeywords>
        <MD_Keywords>
          <keyword>
            <gco:CharacterString>Downloadable Data</gco:CharacterString>
          </keyword>
          <thesaurusName uuidref="723f6998-058e-11dc-8314-0800200c9a66"/>
        </MD_Keywords>
      </descriptiveKeywords>
      <resourceConstraints>
        <MD_Constraints>
          <useLimitation>
            <gco:CharacterString>The State of California, the California Health and Human Services Agency and the Office of Statewide Health Planning and Development make no representations or warranties regarding the accuracy of data or maps. The user will not seek to hold the State, the Agency or the Office liable under any circumstances for any damages with respect to any claim by the user or any third party on account of or arising from the use of data or maps. The user will cite the California Health and Human Services Agency and/or the Office as the original source of the data, but will clearly denote cases where the original data have been updated, modified, or in any way altered from the original condition. There are no restrictions on distribution of the data by users.</gco:CharacterString>
          </useLimitation>
        </MD_Constraints>
      </resourceConstraints>
      <aggregationInfo>
        <MD_AggregateInformation>
          <aggregateDataSetName>
            <CI_Citation>
              <title>
                <gco:CharacterString>Healthcare Atlas of California</gco:CharacterString>
              </title>
              <date gco:nilReason="missing"/>
              <identifier>
                <MD_Identifier>
                  <code>
                    <gco:CharacterString>http://purl.stanford.edu/qw778bk1665</gco:CharacterString>
                  </code>
                </MD_Identifier>
              </identifier>
            </CI_Citation>
          </aggregateDataSetName>
          <associationType>
            <DS_AssociationTypeCode codeList="http://www.isotc211.org/2005/resources/Codelist/gmxCodelists.xml#DS_AssociationTypeCode" codeListValue="largerWorkCitation" codeSpace="ISOTC211/19115">largerWorkCitation</DS_AssociationTypeCode>
          </associationType>
          <initiativeType>
            <DS_InitiativeTypeCode codeList="http://www.isotc211.org/2005/resources/Codelist/gmxCodelists.xml#DS_InitiativeTypeCode" codeListValue="collection" codeSpace="ISOTC211/19115">collection</DS_InitiativeTypeCode>
          </initiativeType>
        </MD_AggregateInformation>
      </aggregationInfo>
      <spatialRepresentationType>
        <MD_SpatialRepresentationTypeCode codeList="http://www.isotc211.org/2005/resources/Codelist/gmxCodelists.xml#MD_SpatialRepresentationTypeCode" codeListValue="vector" codeSpace="ISOTC211/19115">vector</MD_SpatialRepresentationTypeCode>
      </spatialRepresentationType>
      <language>
        <LanguageCode codeList="http://www.loc.gov/standards/iso639-2/php/code_list.php" codeListValue="eng" codeSpace="ISO639-2">eng</LanguageCode>
      </language>
      <characterSet>
        <MD_CharacterSetCode codeList="http://www.isotc211.org/2005/resources/Codelist/gmxCodelists.xml#MD_CharacterSetCode" codeListValue="utf8" codeSpace="ISOTC211/19115">utf8</MD_CharacterSetCode>
      </characterSet>
      <topicCategory>
        <MD_TopicCategoryCode>boundaries</MD_TopicCategoryCode>
      </topicCategory>
      <topicCategory>
        <MD_TopicCategoryCode>health</MD_TopicCategoryCode>
      </topicCategory>
      <topicCategory>
        <MD_TopicCategoryCode>location</MD_TopicCategoryCode>
      </topicCategory>
      <topicCategory>
        <MD_TopicCategoryCode>society</MD_TopicCategoryCode>
      </topicCategory>
      <environmentDescription>
        <gco:CharacterString>Microsoft Windows 7 Version 6.1 (Build 7601) Service Pack 1; Esri ArcGIS 10.3.1.4959</gco:CharacterString>
      </environmentDescription>
      <extent>
        <EX_Extent>
          <geographicElement>
            <EX_GeographicBoundingBox>
              <extentTypeCode>
                <gco:Boolean>true</gco:Boolean>
              </extentTypeCode>
              <westBoundLongitude>
                <gco:Decimal>-124.506038</gco:Decimal>
              </westBoundLongitude>
              <eastBoundLongitude>
                <gco:Decimal>-113.498395</gco:Decimal>
              </eastBoundLongitude>
              <southBoundLatitude>
                <gco:Decimal>32.423596</gco:Decimal>
              </southBoundLatitude>
              <northBoundLatitude>
                <gco:Decimal>42.068691</gco:Decimal>
              </northBoundLatitude>
            </EX_GeographicBoundingBox>
          </geographicElement>
        </EX_Extent>
      </extent>
      <extent>
        <EX_Extent>
          <description>
            <gco:CharacterString>ground condition</gco:CharacterString>
          </description>
          <temporalElement>
            <EX_TemporalExtent>
              <extent>
                <gml:TimeInstant gml:id="idp1920">
                  <gml:timePosition>2010-01-01T00:00:00</gml:timePosition>
                </gml:TimeInstant>
              </extent>
            </EX_TemporalExtent>
          </temporalElement>
        </EX_Extent>
      </extent>
    </MD_DataIdentification>
  </identificationInfo>
  <contentInfo>
    <MD_FeatureCatalogueDescription>
      <complianceCode>
        <gco:Boolean>false</gco:Boolean>
      </complianceCode>
      <language>
        <LanguageCode codeList="http://www.loc.gov/standards/iso639-2/php/code_list.php" codeListValue="eng" codeSpace="ISO639-2">eng</LanguageCode>
      </language>
      <includedWithDataset>
        <gco:Boolean>true</gco:Boolean>
      </includedWithDataset>
      <featureCatalogueCitation>
        <CI_Citation>
          <title>
            <gco:CharacterString>Feature catalog for Census Zip Code Tabulation Areas, California, 2010</gco:CharacterString>
          </title>
          <date gco:nilReason="missing"/>
          <identifier>
            <MD_Identifier>
              <code>
                <gco:CharacterString>7aa244aa-d338-41e8-9ad9-50355406a56d</gco:CharacterString>
              </code>
            </MD_Identifier>
          </identifier>
        </CI_Citation>
      </featureCatalogueCitation>
    </MD_FeatureCatalogueDescription>
  </contentInfo>
  <distributionInfo>
    <MD_Distribution>
      <distributionFormat>
        <MD_Format>
          <name>
            <gco:CharacterString>Shapefile</gco:CharacterString>
          </name>
          <version gco:nilReason="missing"/>
        </MD_Format>
      </distributionFormat>
      <distributor>
        <MD_Distributor>
          <distributorContact>
            <CI_ResponsibleParty>
              <organisationName>
                <gco:CharacterString>Stanford Geospatial Center</gco:CharacterString>
              </organisationName>
              <contactInfo>
                <CI_Contact>
                  <phone>
                    <CI_Telephone>
                      <voice>
                        <gco:CharacterString>650-723-2746</gco:CharacterString>
                      </voice>
                    </CI_Telephone>
                  </phone>
                  <address>
                    <CI_Address>
                      <deliveryPoint>
                        <gco:CharacterString>Branner Earth Sciences Library</gco:CharacterString>
                      </deliveryPoint>
                      <deliveryPoint>
                        <gco:CharacterString>Mitchell Bldg. 2nd floor</gco:CharacterString>
                      </deliveryPoint>
                      <deliveryPoint>
                        <gco:CharacterString>397 Panama Mall</gco:CharacterString>
                      </deliveryPoint>
                      <city>
                        <gco:CharacterString>Stanford</gco:CharacterString>
                      </city>
                      <administrativeArea>
                        <gco:CharacterString>California</gco:CharacterString>
                      </administrativeArea>
                      <postalCode>
                        <gco:CharacterString>94305</gco:CharacterString>
                      </postalCode>
                      <country>
                        <gco:CharacterString>US</gco:CharacterString>
                      </country>
                      <electronicMailAddress>
                        <gco:CharacterString>brannerlibrary@stanford.edu</gco:CharacterString>
                      </electronicMailAddress>
                    </CI_Address>
                  </address>
                </CI_Contact>
              </contactInfo>
              <role>
                <CI_RoleCode codeList="http://www.isotc211.org/2005/resources/Codelist/gmxCodelists.xml#CI_RoleCode" codeListValue="distributor" codeSpace="ISOTC211/19115">distributor</CI_RoleCode>
              </role>
            </CI_ResponsibleParty>
          </distributorContact>
        </MD_Distributor>
      </distributor>
      <transferOptions>
        <MD_DigitalTransferOptions>
          <transferSize>
            <gco:Real>45.521</gco:Real>
          </transferSize>
          <onLine>
            <CI_OnlineResource>
              <linkage>
                <URL>http://purl.stanford.edu/dc841dq9031</URL>
              </linkage>
              <protocol>
                <gco:CharacterString>http</gco:CharacterString>
              </protocol>
              <name>
                <gco:CharacterString>ZCTA2010.shp</gco:CharacterString>
              </name>
              <function>
                <CI_OnLineFunctionCode codeList="http://www.isotc211.org/2005/resources/Codelist/gmxCodelists.xml#CI_OnLineFunctionCode" codeListValue="download" codeSpace="ISOTC211/19115">download</CI_OnLineFunctionCode>
              </function>
            </CI_OnlineResource>
          </onLine>
        </MD_DigitalTransferOptions>
      </transferOptions>
    </MD_Distribution>
  </distributionInfo>
  <dataQualityInfo>
    <DQ_DataQuality>
      <scope gco:nilReason="missing"/>
      <lineage>
        <LI_Lineage>
          <processStep>
            <LI_ProcessStep>
              <description>
                <gco:CharacterString>• The file ‘tl_2010_06_zcta510’ was downloaded from the US Census Bureau.  It was projected to the ‘Census2010’ GDB.  It was named ‘tl_2010_06_zcta510_Projected’.
• A new feature class, ‘CensusZCTAs2010_Demographics’, was created based on a schema developed by OSHPD and VESTRA.
• Records from ‘tl_2010_06_zcta510’ were appended to CensusZCTAs2010_Demographics with field mapping for key fields.
• Two Census data files, ‘DEC_10_DP_DPDP1_with_ann.xlsx’ and ‘DEC_10_SF1_QTP13_with_ann.xlsx’, were manipulated into a file, ‘CensusZCTA2010Data’ for compatibility with Esri technology and added to the ‘Census2010’ GDB.
• Table ‘CensusZCTA2010Data’ was joined to feature class ‘CensusZCTAs2010_Demographics’ and fields in the feature class related to population; age; gender; race; ethnicity; living quarters; institutionalized population; households; and housing units table were calculated based on the join.
</gco:CharacterString>
              </description>
              <dateTime>
                <gco:DateTime>2012-07-01T00:00:00</gco:DateTime>
              </dateTime>
              <processor>
                <CI_ResponsibleParty>
                  <organisationName>
                    <gco:CharacterString>VESTRA Resources, Inc</gco:CharacterString>
                  </organisationName>
                  <positionName>
                    <gco:CharacterString>GIS</gco:CharacterString>
                  </positionName>
                  <contactInfo>
                    <CI_Contact>
                      <phone>
                        <CI_Telephone>
                          <voice>
                            <gco:CharacterString>530-223-2585</gco:CharacterString>
                          </voice>
                          <facsimile>
                            <gco:CharacterString>530-223-1145</gco:CharacterString>
                          </facsimile>
                        </CI_Telephone>
                      </phone>
                      <address>
                        <CI_Address>
                          <deliveryPoint>
                            <gco:CharacterString>5300 Aviation Drive</gco:CharacterString>
                          </deliveryPoint>
                          <city>
                            <gco:CharacterString>Redding</gco:CharacterString>
                          </city>
                          <administrativeArea>
                            <gco:CharacterString>CA</gco:CharacterString>
                          </administrativeArea>
                          <postalCode>
                            <gco:CharacterString>96002</gco:CharacterString>
                          </postalCode>
                          <country>
                            <gco:CharacterString>UNITED STATES</gco:CharacterString>
                          </country>
                        </CI_Address>
                      </address>
                    </CI_Contact>
                  </contactInfo>
                  <role>
                    <CI_RoleCode codeList="http://www.isotc211.org/2005/resources/Codelist/gmxCodelists.xml#CI_RoleCode" codeListValue="processor" codeSpace="ISOTC211/19115">processor</CI_RoleCode>
                  </role>
                </CI_ResponsibleParty>
              </processor>
            </LI_ProcessStep>
          </processStep>
          <source>
            <LI_Source>
              <description>
                <gco:CharacterString>U.S. Census 2010 Tiger/Line Zip Code Tabulation Areas (ZCTA)</gco:CharacterString>
              </description>
              <sourceCitation>
                <CI_Citation>
                  <title>
                    <gco:CharacterString>tl_2010_06_zcta510.shp</gco:CharacterString>
                  </title>
                  <alternateTitle>
                    <gco:CharacterString>TIGER/Line Shapefile, 2010, 2010 state, California, 2010 Census 5-Digit ZIP Code Tabulation Area (ZCTA5) State-based </gco:CharacterString>
                  </alternateTitle>
                  <date>
                    <CI_Date>
                      <date>
                        <gco:Date>2010-01-01</gco:Date>
                      </date>
                      <dateType>
                        <CI_DateTypeCode codeList="http://www.isotc211.org/2005/resources/Codelist/gmxCodelists.xml#CI_DateTypeCode" codeListValue="publication" codeSpace="ISOTC211/19115">publication</CI_DateTypeCode>
                      </dateType>
                    </CI_Date>
                  </date>
                  <edition>
                    <gco:CharacterString>2010</gco:CharacterString>
                  </edition>
                  <citedResponsibleParty>
                    <CI_ResponsibleParty>
                      <organisationName>
                        <gco:CharacterString>U.S. Department of Commerce, U.S. Census Bureau, Geography Division, Geographic Products Branch</gco:CharacterString>
                      </organisationName>
                      <contactInfo>
                        <CI_Contact>
                          <phone>
                            <CI_Telephone>
                              <voice>
                                <gco:CharacterString>301-763-1128</gco:CharacterString>
                              </voice>
                              <facsimile>
                                <gco:CharacterString>301-763-4710</gco:CharacterString>
                              </facsimile>
                            </CI_Telephone>
                          </phone>
                          <address>
                            <CI_Address>
                              <deliveryPoint>
                                <gco:CharacterString>4600 Silver Hill Road, Stop 7400</gco:CharacterString>
                              </deliveryPoint>
                              <city>
                                <gco:CharacterString>Washington</gco:CharacterString>
                              </city>
                              <administrativeArea>
                                <gco:CharacterString>DC</gco:CharacterString>
                              </administrativeArea>
                              <postalCode>
                                <gco:CharacterString>20233-7400</gco:CharacterString>
                              </postalCode>
                              <country>
                                <gco:CharacterString>UNITED STATES</gco:CharacterString>
                              </country>
                              <electronicMailAddress>
                                <gco:CharacterString>geo.tiger@census.gov</gco:CharacterString>
                              </electronicMailAddress>
                            </CI_Address>
                          </address>
                          <onlineResource>
                            <CI_OnlineResource>
                              <linkage>
                                <URL>http://www.census.gov/geo/www/tiger/tgrshp2010/tgrshp2010.html</URL>
                              </linkage>
                            </CI_OnlineResource>
                          </onlineResource>
                        </CI_Contact>
                      </contactInfo>
                      <role>
                        <CI_RoleCode codeList="http://www.isotc211.org/2005/resources/Codelist/gmxCodelists.xml#CI_RoleCode" codeListValue="originator" codeSpace="ISOTC211/19115">originator</CI_RoleCode>
                      </role>
                    </CI_ResponsibleParty>
                  </citedResponsibleParty>
                </CI_Citation>
              </sourceCitation>
            </LI_Source>
          </source>
          <source>
            <LI_Source>
              <description>
                <gco:CharacterString>DP-1 - Profile of General Population and Housing Characteristics: 2010</gco:CharacterString>
              </description>
              <sourceCitation>
                <CI_Citation>
                  <title>
                    <gco:CharacterString>DEC_10_DP_DPDP1_with_ann.csv</gco:CharacterString>
                  </title>
                  <date>
                    <CI_Date>
                      <date>
                        <gco:Date>2010-12-01</gco:Date>
                      </date>
                      <dateType>
                        <CI_DateTypeCode codeList="http://www.isotc211.org/2005/resources/Codelist/gmxCodelists.xml#CI_DateTypeCode" codeListValue="publication" codeSpace="ISOTC211/19115">publication</CI_DateTypeCode>
                      </dateType>
                    </CI_Date>
                  </date>
                  <edition>
                    <gco:CharacterString>2010</gco:CharacterString>
                  </edition>
                  <citedResponsibleParty>
                    <CI_ResponsibleParty>
                      <organisationName>
                        <gco:CharacterString>U.S. Census Bureau, 2010 Census, American FactFinder</gco:CharacterString>
                      </organisationName>
                      <contactInfo>
                        <CI_Contact>
                          <onlineResource>
                            <CI_OnlineResource>
                              <linkage>
                                <URL>http://factfinder2.census.gov/faces/nav/jsf/pages/index.xhtml</URL>
                              </linkage>
                            </CI_OnlineResource>
                          </onlineResource>
                        </CI_Contact>
                      </contactInfo>
                      <role>
                        <CI_RoleCode codeList="http://www.isotc211.org/2005/resources/Codelist/gmxCodelists.xml#CI_RoleCode" codeListValue="originator" codeSpace="ISOTC211/19115">originator</CI_RoleCode>
                      </role>
                    </CI_ResponsibleParty>
                  </citedResponsibleParty>
                </CI_Citation>
              </sourceCitation>
            </LI_Source>
          </source>
          <source>
            <LI_Source>
              <description>
                <gco:CharacterString>QT-P13 - Group Quarters Population by Sex, Age, and Type of Group Quarters: 2010
Summary File 1, Table P43.</gco:CharacterString>
              </description>
              <sourceCitation>
                <CI_Citation>
                  <title>
                    <gco:CharacterString>DEC_10_SF1_QTP13_with_ann.csv</gco:CharacterString>
                  </title>
                  <date>
                    <CI_Date>
                      <date>
                        <gco:Date>2010-12-01</gco:Date>
                      </date>
                      <dateType>
                        <CI_DateTypeCode codeList="http://www.isotc211.org/2005/resources/Codelist/gmxCodelists.xml#CI_DateTypeCode" codeListValue="publication" codeSpace="ISOTC211/19115">publication</CI_DateTypeCode>
                      </dateType>
                    </CI_Date>
                  </date>
                  <edition>
                    <gco:CharacterString>2010</gco:CharacterString>
                  </edition>
                  <citedResponsibleParty>
                    <CI_ResponsibleParty>
                      <organisationName>
                        <gco:CharacterString>U.S. Census Bureau, 2010 Census, American FactFinder</gco:CharacterString>
                      </organisationName>
                      <contactInfo>
                        <CI_Contact>
                          <onlineResource>
                            <CI_OnlineResource>
                              <linkage>
                                <URL>http://factfinder2.census.gov/faces/nav/jsf/pages/index.xhtml</URL>
                              </linkage>
                            </CI_OnlineResource>
                          </onlineResource>
                        </CI_Contact>
                      </contactInfo>
                      <role>
                        <CI_RoleCode codeList="http://www.isotc211.org/2005/resources/Codelist/gmxCodelists.xml#CI_RoleCode" codeListValue="originator" codeSpace="ISOTC211/19115">originator</CI_RoleCode>
                      </role>
                    </CI_ResponsibleParty>
                  </citedResponsibleParty>
                </CI_Citation>
              </sourceCitation>
            </LI_Source>
          </source>
        </LI_Lineage>
      </lineage>
    </DQ_DataQuality>
  </dataQualityInfo>
</MD_Metadata>
