<?xml version="1.0" encoding="UTF-8"?>
<metadata>
  <idinfo>
    <citation>
      <citeinfo>
        <origin/>
        <origin/>
        <pubdate>20120618</pubdate>
        <title>Census Zip Code Tabulation Areas, California, 2010</title>
        <geoform>vector digital data</geoform>
        <pubinfo>
          <pubplace/>
          <publish>California. Office of Statewide Health Planning and Development</publish>
        </pubinfo>
        <onlink>http://purl.stanford.edu/dc841dq9031</onlink>
        <lworkcit>
          <citeinfo>
            <title>Healthcare Atlas of California</title>
          </citeinfo>
        </lworkcit>
      </citeinfo>
    </citation>
    <descript>
      <abstract>This polygon shapefile represents zip code tabulation areas (ZCTAs) for the state of California. These data were gathered from the 2010 Census demographics update and contain keys for ZCTAs, centroid coordinates, demographic fields for age, gender, race and ethnicity, and housing information including living quarters, institutionalized populations, households and housing units. For the 2010 Census, there were no “XX” or “HH” ZCTAs assigned. Only five-digit ZCTAs were produced, and large unpopulated areas were excluded from the delineations. For the 2010 Census, there is no wall-to-wall national coverage for ZCTAs. Large water bodies and unpopulated land area such as national parks were excluded from the 2010 delineations, and for this reason the Census 2010 product does not have complete national coverage.</abstract>
      <purpose>This dataset is intended for researchers, students, policy makers, and the general public for reference and mapping purposes, and may be used for basic applications such as viewing, querying, and map output production, or to provide a basemap to support graphical overlays and analysis with other spatial data</purpose>
    </descript>
    <timeperd>
      <timeinfo>
        <sngdate>
          <caldate>20100101</caldate>
        </sngdate>
      </timeinfo>
      <current>ground condition</current>
    </timeperd>
    <status>
      <progress>Complete</progress>
      <update>As needed</update>
    </status>
    <spdom>
      <bounding>
        <westbc>-124.506038</westbc>
        <eastbc>-113.498395</eastbc>
        <northbc>42.068691</northbc>
        <southbc>32.423596</southbc>
      </bounding>
    </spdom>
    <keywords>
      <theme>
        <themekt>lcsh</themekt>
        <themekey>Zip codes</themekey>
        <themekey>Census</themekey>
        <themekey>Households</themekey>
        <themekey>Population statistics</themekey>
      </theme>
      <theme>
        <themekt>ISO 19115 Topic Categories</themekt>
        <themekey>boundaries</themekey>
        <themekey>health</themekey>
        <themekey>location</themekey>
        <themekey>society</themekey>
      </theme>
      <place>
        <placekt>geonames</placekt>
        <placekey>California</placekey>
      </place>
    </keywords>
    <accconst>None</accconst>
    <useconst>The State of California, the California Health and Human Services Agency and the Office of Statewide Health Planning and Development make no representations or warranties regarding the accuracy of data or maps. The user will not seek to hold the State, the Agency or the Office liable under any circumstances for any damages with respect to any claim by the user or any third party on account of or arising from the use of data or maps. The user will cite the California Health and Human Services Agency and/or the Office as the original source of the data, but will clearly denote cases where the original data have been updated, modified, or in any way altered from the original condition. There are no restrictions on distribution of the data by users.</useconst>
    <ptcontac>
      <cntinfo>
        <cntorgp>
          <cntorg>Office Statewide Health Planning &amp; Development, Data Management Office</cntorg>
          <cntper>Michael O'Neill</cntper>
        </cntorgp>
        <cntpos>Senior GIS Architect</cntpos>
        <cntaddr>
          <addrtype>unknown</addrtype>
          <address>400 R Street, Room 380</address>
          <city>Sacramento</city>
          <state>CA</state>
          <postal>95811</postal>
          <country>United States of America</country>
        </cntaddr>
        <cntvoice>916-326-3982</cntvoice>
        <cntemail>michael.oneill@oshpd.ca.gov</cntemail>
      </cntinfo>
    </ptcontac>
    <datacred>O'Neill, M. and California Office of Statewide Health Planning and Development. (2010). Census Zip Code Tabulation Areas, California, 2010. California Office of Statewide Health Planning and Development. Available at: http://purl.stanford.edu/dc841dq9031.</datacred>
    <native>Microsoft Windows 7 Version 6.1 (Build 7601) Service Pack 1; Esri ArcGIS 10.3.1.4959</native>
  </idinfo>
  <dataqual>
    <lineage>
      <srcinfo>
        <srccite>
          <citeinfo>
            <origin/>
            <pubdate>20100101</pubdate>
            <title>tl_2010_06_zcta510.shp</title>
            <edition>2010</edition>
          </citeinfo>
        </srccite>
        <typesrc>None</typesrc>
        <srccitea>TIGER/Line Shapefile, 2010, 2010 state, California, 2010 Census 5-Digit ZIP Code Tabulation Area (ZCTA5) State-based </srccitea>
        <srccontr>U.S. Census 2010 Tiger/Line Zip Code Tabulation Areas (ZCTA)</srccontr>
      </srcinfo>
      <srcinfo>
        <srccite>
          <citeinfo>
            <origin/>
            <pubdate>20101201</pubdate>
            <title>DEC_10_DP_DPDP1_with_ann.csv</title>
            <edition>2010</edition>
          </citeinfo>
        </srccite>
        <typesrc>None</typesrc>
        <srccitea>DEC_10_DP_DPDP1_with_ann.csv</srccitea>
        <srccontr>DP-1 - Profile of General Population and Housing Characteristics: 2010</srccontr>
      </srcinfo>
      <srcinfo>
        <srccite>
          <citeinfo>
            <origin/>
            <pubdate>20101201</pubdate>
            <title>DEC_10_SF1_QTP13_with_ann.csv</title>
            <edition>2010</edition>
          </citeinfo>
        </srccite>
        <typesrc>None</typesrc>
        <srccitea>DEC_10_SF1_QTP13_with_ann.csv</srccitea>
        <srccontr>QT-P13 - Group Quarters Population by Sex, Age, and Type of Group Quarters: 2010
Summary File 1, Table P43.</srccontr>
      </srcinfo>
      <procstep>
        <procdesc>• The file ‘tl_2010_06_zcta510’ was downloaded from the US Census Bureau.  It was projected to the ‘Census2010’ GDB.  It was named ‘tl_2010_06_zcta510_Projected’.
• A new feature class, ‘CensusZCTAs2010_Demographics’, was created based on a schema developed by OSHPD and VESTRA.
• Records from ‘tl_2010_06_zcta510’ were appended to CensusZCTAs2010_Demographics with field mapping for key fields.
• Two Census data files, ‘DEC_10_DP_DPDP1_with_ann.xlsx’ and ‘DEC_10_SF1_QTP13_with_ann.xlsx’, were manipulated into a file, ‘CensusZCTA2010Data’ for compatibility with Esri technology and added to the ‘Census2010’ GDB.
• Table ‘CensusZCTA2010Data’ was joined to feature class ‘CensusZCTAs2010_Demographics’ and fields in the feature class related to population; age; gender; race; ethnicity; living quarters; institutionalized population; households; and housing units table were calculated based on the join.
</procdesc>
        <procdate>20120701</procdate>
        <proccont>
          <cntinfo>
            <cntorgp>
              <cntorg>VESTRA Resources, Inc</cntorg>
            </cntorgp>
            <cntpos>GIS</cntpos>
            <cntaddr>
              <addrtype>mailing and physical</addrtype>
              <address>5300 Aviation Drive</address>
              <city>Redding</city>
              <state>CA</state>
              <postal>96002</postal>
              <country>UNITED STATES</country>
            </cntaddr>
            <cntvoice>530-223-2585</cntvoice>
            <cntfax>530-223-1145</cntfax>
          </cntinfo>
        </proccont>
      </procstep>
    </lineage>
  </dataqual>
  <spdoinfo>
    <direct>Vector</direct>
    <ptvctinf>
      <sdtsterm>
        <sdtstype>GT-polygon composed of chains</sdtstype>
        <ptvctcnt>1769</ptvctcnt>
      </sdtsterm>
    </ptvctinf>
  </spdoinfo>
  <eainfo>
    <detailed>
      <enttyp>
        <enttypl>ZCTA2010</enttypl>
      </enttyp>
      <attr>
        <attrlabl>FID</attrlabl>
        <attrdef>Internal feature number.</attrdef>
        <attrdefs>Esri</attrdefs>
        <attrdomv>
          <udom>Sequential unique whole numbers that are automatically generated.</udom>
        </attrdomv>
      </attr>
      <attr>
        <attrlabl>OBJECTID</attrlabl>
        <attrdef>Internal feature number.</attrdef>
        <attrdefs>ESRI</attrdefs>
        <attrdomv>
          <udom>Sequential unique whole numbers that are automatically generated.</udom>
        </attrdomv>
      </attr>
      <attr>
        <attrlabl>Shape</attrlabl>
        <attrdef>Feature geometry.</attrdef>
        <attrdefs>ESRI</attrdefs>
        <attrdomv>
          <udom>Coordinates defining the features.</udom>
        </attrdomv>
      </attr>
      <attr>
        <attrlabl>CNTY_FIPS</attrlabl>
      </attr>
      <attr>
        <attrlabl>COUNTY</attrlabl>
      </attr>
      <attr>
        <attrlabl>TRACT</attrlabl>
      </attr>
      <attr>
        <attrlabl>TRACT_ID</attrlabl>
      </attr>
      <attr>
        <attrlabl>CENSUS_KEY</attrlabl>
      </attr>
      <attr>
        <attrlabl>ZCTA</attrlabl>
        <attrdef>Feature class ‘tl_2010_06_zcta510’, field ZCTA5CE10</attrdef>
        <attrdefs>U.S. Census</attrdefs>
      </attr>
      <attr>
        <attrlabl>ZCTA_KEY</attrlabl>
        <attrdef>Feature class ‘tl_2010_06_zcta510’, field GEOID10</attrdef>
        <attrdefs>U.S. Census</attrdefs>
      </attr>
      <attr>
        <attrlabl>LATITUDE</attrlabl>
        <attrdef>ArcMap Calculated Geometry Function in Decimal Degrees
(Y Coordinate of Centroid)
</attrdef>
        <attrdefs>ArcMap Calculate Geometry Fuction in Decimal Degree</attrdefs>
      </attr>
      <attr>
        <attrlabl>LONGITUDE</attrlabl>
        <attrdef>ArcMap Calculated Geometry Function in Decimal Degrees
(X Coordinate of Centroid)
</attrdef>
        <attrdefs>ArcMap Calculate Geometry Fuction in Decimal Degree</attrdefs>
      </attr>
      <attr>
        <attrlabl>TOT_POP</attrlabl>
        <attrdef>DEC_10_DP_DPDP1_with_ann.csv
S001
SEX AND AGE
Total population
   HD01
</attrdef>
        <attrdefs>U.S. Census</attrdefs>
      </attr>
      <attr>
        <attrlabl>AGE_UNDER5</attrlabl>
        <attrdef>DEC_10_DP_DPDP1_with_ann.csv
S002
SEX AND AGE
Total population
Under 5 years
HD01
</attrdef>
        <attrdefs>U.S. Census</attrdefs>
      </attr>
      <attr>
        <attrlabl>AGE_5TO9</attrlabl>
        <attrdef>DEC_10_DP_DPDP1_with_ann.csv
S003
SEX AND AGE
Total population
5 to 9 years
HD01
</attrdef>
        <attrdefs>U.S. Census</attrdefs>
      </attr>
      <attr>
        <attrlabl>AGE_10TO14</attrlabl>
        <attrdef>DEC_10_DP_DPDP1_with_ann.csv
S004
SEX AND AGE
Total population
10 to 14 years
HD01
</attrdef>
        <attrdefs>U.S. Census</attrdefs>
      </attr>
      <attr>
        <attrlabl>AGE_15TO19</attrlabl>
        <attrdef>DEC_10_DP_DPDP1_with_ann.csv
S005
SEX AND AGE
Total population
15 to 19 years
HD01
</attrdef>
        <attrdefs>U.S. Census</attrdefs>
      </attr>
      <attr>
        <attrlabl>AGE_20TO24</attrlabl>
        <attrdef>DEC_10_DP_DPDP1_with_ann.csv
S006
SEX AND AGE
Total population
20 to 24 years
HD01
</attrdef>
        <attrdefs>U.S. Census</attrdefs>
      </attr>
      <attr>
        <attrlabl>AGE_25TO29</attrlabl>
        <attrdef>DEC_10_DP_DPDP1_with_ann.csv
S007
SEX AND AGE
Total population
25 to 29 years
HD01
</attrdef>
        <attrdefs>U.S. Census</attrdefs>
      </attr>
      <attr>
        <attrlabl>AGE_30TO34</attrlabl>
        <attrdef>DEC_10_DP_DPDP1_with_ann.csv
S008
SEX AND AGE
Total population
30 to 34 years
HD01
</attrdef>
        <attrdefs>U.S. Census</attrdefs>
      </attr>
      <attr>
        <attrlabl>AGE_35TO39</attrlabl>
        <attrdef>DEC_10_DP_DPDP1_with_ann.csv
S009
SEX AND AGE
Total population
35 to 39 years
HD01
</attrdef>
        <attrdefs>U.S. Census</attrdefs>
      </attr>
      <attr>
        <attrlabl>AGE_40TO44</attrlabl>
        <attrdef>DEC_10_DP_DPDP1_with_ann.csv
S010
SEX AND AGE
Total population
40 to 44 years
HD01
</attrdef>
        <attrdefs>U.S. Census</attrdefs>
      </attr>
      <attr>
        <attrlabl>AGE_45TO49</attrlabl>
        <attrdef>DEC_10_DP_DPDP1_with_ann.csv
S011
SEX AND AGE
Total population
45 to 49 years
HD01
</attrdef>
        <attrdefs>U.S. Census</attrdefs>
      </attr>
      <attr>
        <attrlabl>AGE_50TO54</attrlabl>
        <attrdef>DEC_10_DP_DPDP1_with_ann.csv
S012
SEX AND AGE
Total population
50 to 54 years
HD01
</attrdef>
        <attrdefs>U.S. Census</attrdefs>
      </attr>
      <attr>
        <attrlabl>AGE_55TO59</attrlabl>
        <attrdef>DEC_10_DP_DPDP1_with_ann.csv
S013
SEX AND AGE
Total population
55 to 59 years
HD01
</attrdef>
        <attrdefs>U.S. Census</attrdefs>
      </attr>
      <attr>
        <attrlabl>AGE_60TO64</attrlabl>
        <attrdef>DEC_10_DP_DPDP1_with_ann.csv
S014
SEX AND AGE
Total population
60 to 64 years
HD01
</attrdef>
        <attrdefs>U.S. Census</attrdefs>
      </attr>
      <attr>
        <attrlabl>AGE_65TO69</attrlabl>
        <attrdef>DEC_10_DP_DPDP1_with_ann.csv
S015
SEX AND AGE
Total population
65 to 69 years
HD01
</attrdef>
        <attrdefs>U.S. Census</attrdefs>
      </attr>
      <attr>
        <attrlabl>AGE_70TO74</attrlabl>
        <attrdef>DEC_10_DP_DPDP1_with_ann.csv
S016
SEX AND AGE
Total population
70 to 74 years
HD01
</attrdef>
        <attrdefs>U.S. Census</attrdefs>
      </attr>
      <attr>
        <attrlabl>AGE_75TO79</attrlabl>
        <attrdef>DEC_10_DP_DPDP1_with_ann.csv
S017
SEX AND AGE
Total population
75 to 79 years
HD01
</attrdef>
        <attrdefs>U.S. Census</attrdefs>
      </attr>
      <attr>
        <attrlabl>AGE_80TO84</attrlabl>
        <attrdef>DEC_10_DP_DPDP1_with_ann.csv
S018
SEX AND AGE
Total population
80 to 84 years
HD01
</attrdef>
        <attrdefs>U.S. Census</attrdefs>
      </attr>
      <attr>
        <attrlabl>AGE_85_OVE</attrlabl>
      </attr>
      <attr>
        <attrlabl>AGE16_OVER</attrlabl>
        <attrdef>DEC_10_DP_DPDP1_with_ann.csv
S021
SEX AND AGE
Total population
16 years and over
HD01
</attrdef>
        <attrdefs>U.S. Census</attrdefs>
      </attr>
      <attr>
        <attrlabl>AGE18_OVER</attrlabl>
        <attrdef>DEC_10_DP_DPDP1_with_ann.csv
S022
SEX AND AGE
Total population
18 years and over
HD01
</attrdef>
        <attrdefs>U.S. Census</attrdefs>
      </attr>
      <attr>
        <attrlabl>AGE21_OVER</attrlabl>
        <attrdef>DEC_10_DP_DPDP1_with_ann.csv
S023
SEX AND AGE
Total population
21 years and over
HD01
</attrdef>
        <attrdefs>U.S. Census</attrdefs>
      </attr>
      <attr>
        <attrlabl>AGE62_OVER</attrlabl>
        <attrdef>DEC_10_DP_DPDP1_with_ann.csv
S024
SEX AND AGE
Total population
62 years and over
HD01
</attrdef>
        <attrdefs>U.S. Census</attrdefs>
      </attr>
      <attr>
        <attrlabl>AGE65_OVER</attrlabl>
        <attrdef>DEC_10_DP_DPDP1_with_ann.csv
S025
SEX AND AGE
Total population
65 years and over
HD01
</attrdef>
        <attrdefs>U.S. Census</attrdefs>
      </attr>
      <attr>
        <attrlabl>MALE</attrlabl>
        <attrdef>DEC_10_DP_DPDP1_with_ann.csv
S026
SEX AND AGE
Male population
HD01
</attrdef>
        <attrdefs>U.S. Census</attrdefs>
      </attr>
      <attr>
        <attrlabl>FEMALE</attrlabl>
        <attrdef>DEC_10_DP_DPDP1_with_ann.csv
S051
SEX AND AGE
Female population
HD01
</attrdef>
        <attrdefs>U.S. Census</attrdefs>
      </attr>
      <attr>
        <attrlabl>AGE_MEDIAN</attrlabl>
        <attrdef>DEC_10_DP_DPDP1_with_ann.csv
S020
SEX AND AGE
Total population
Median age (years)
HD01
</attrdef>
        <attrdefs>U.S. Census</attrdefs>
      </attr>
      <attr>
        <attrlabl>AGE_MEDI_1</attrlabl>
      </attr>
      <attr>
        <attrlabl>AGE_MEDI_2</attrlabl>
      </attr>
      <attr>
        <attrlabl>WHITE</attrlabl>
        <attrdef>DEC_10_DP_DPDP1_with_ann.csv
S078
RACE
Total population
One Race
White
HD01
</attrdef>
        <attrdefs>U.S. Census</attrdefs>
      </attr>
      <attr>
        <attrlabl>BLACK_AFAM</attrlabl>
        <attrdef>DEC_10_DP_DPDP1_with_ann.csv
S079
RACE
Total population
One Race
Black or African American
HD01
</attrdef>
        <attrdefs>U.S. Census</attrdefs>
      </attr>
      <attr>
        <attrlabl>ASIAN</attrlabl>
        <attrdef>DEC_10_DP_DPDP1_with_ann.csv
S081
RACE
Total population
One Race
Asian
HD01
</attrdef>
        <attrdefs>U.S. Census</attrdefs>
      </attr>
      <attr>
        <attrlabl>AMIND_ALAN</attrlabl>
      </attr>
      <attr>
        <attrlabl>OTHER_RACE</attrlabl>
        <attrdef>DEC_10_DP_DPDP1_with_ann.csv
S094
RACE
Total population
One Race
Some Other Race
HD01
</attrdef>
        <attrdefs>U.S. Census</attrdefs>
      </attr>
      <attr>
        <attrlabl>NATHAW_ISL</attrlabl>
      </attr>
      <attr>
        <attrlabl>MULTI_RACE</attrlabl>
        <attrdef>DEC_10_DP_DPDP1_with_ann.csv
S095
RACE
Total population
Two or More Races
HD01
</attrdef>
        <attrdefs>U.S. Census</attrdefs>
      </attr>
      <attr>
        <attrlabl>WHITE_NHL</attrlabl>
        <attrdef>DEC_10_DP_DPDP1_with_ann.csv
S123
HISPANIC OR LATINO AND RACE
Total population
Not Hispanic or Latino
White alone
HD01
</attrdef>
        <attrdefs>U.S. Census</attrdefs>
      </attr>
      <attr>
        <attrlabl>HISPANIC_L</attrlabl>
      </attr>
      <attr>
        <attrlabl>NON_HISP_L</attrlabl>
      </attr>
      <attr>
        <attrlabl>ASIAN_NHL</attrlabl>
        <attrdef>DEC_10_DP_DPDP1_with_ann.csv
S126
HISPANIC OR LATINO AND RACE
Total population
Not Hispanic or Latino
Asian alone
HD01
</attrdef>
        <attrdefs>U.S. Census</attrdefs>
      </attr>
      <attr>
        <attrlabl>BLACK_AF_1</attrlabl>
      </attr>
      <attr>
        <attrlabl>AMIND_AL_1</attrlabl>
      </attr>
      <attr>
        <attrlabl>OTHER_NHL</attrlabl>
        <attrdef>DEC_10_DP_DPDP1_with_ann.csv
S128
HISPANIC OR LATINO AND RACE
Total population
Not Hispanic or Latino
Some Other Race alone
HD01
</attrdef>
        <attrdefs>U.S. Census</attrdefs>
      </attr>
      <attr>
        <attrlabl>NATHAW_I_1</attrlabl>
      </attr>
      <attr>
        <attrlabl>TOT_IN_GC</attrlabl>
        <attrdef>DEC_10_SF1_QTP13_with_ann.csv
S13
TYPE OF GROUP QUARTERS
Group quarters population
SUBHD0101
Both sexes
</attrdef>
        <attrdefs>U.S. Census</attrdefs>
      </attr>
      <attr>
        <attrlabl>MULTI_RA_1</attrlabl>
      </attr>
      <attr>
        <attrlabl>TOT_IN_HOU</attrlabl>
      </attr>
      <attr>
        <attrlabl>GC_INST</attrlabl>
        <attrdef>DEC_10_SF1_QTP13_with_ann.csv
S14
TYPE OF GROUP QUARTERS
Group quarters population
Institutionalized population
SUBHD0101
Both sexes
</attrdef>
        <attrdefs>U.S. Census</attrdefs>
      </attr>
      <attr>
        <attrlabl>GC_NONINST</attrlabl>
        <attrdef>DEC_10_SF1_QTP13_with_ann.csv
S19
TYPE OF GROUP QUARTERS
Group quarters population
NonInstitutionalized population
SUBHD0101
Both sexes
</attrdef>
        <attrdefs>U.S. Census</attrdefs>
      </attr>
      <attr>
        <attrlabl>GC_CORRECT</attrlabl>
        <attrdef>DEC_10_SF1_QTP13_with_ann.csv
S15
TYPE OF GROUP QUARTERS
Group quarters population
Institutionalized population
Correctional facilities for adults
SUBHD0101
Both sexes
</attrdef>
        <attrdefs>U.S. Census</attrdefs>
      </attr>
      <attr>
        <attrlabl>GC_JUV</attrlabl>
        <attrdef>DEC_10_SF1_QTP13_with_ann.csv
S16
TYPE OF GROUP QUARTERS
Group quarters population
Institutionalized population
Juvenile facilities
SUBHD0101
Both sexes
</attrdef>
        <attrdefs>U.S. Census</attrdefs>
      </attr>
      <attr>
        <attrlabl>GC_NURS</attrlabl>
        <attrdef>DEC_10_SF1_QTP13_with_ann.csv
S17
TYPE OF GROUP QUARTERS
Group quarters population
Institutionalized population
Nursing facilities/Skilled-nursing facilities
SUBHD0101
Both sexes
</attrdef>
        <attrdefs>U.S. Census</attrdefs>
      </attr>
      <attr>
        <attrlabl>GC_OTHER</attrlabl>
        <attrdef>DEC_10_SF1_QTP13_with_ann.csv
S18
TYPE OF GROUP QUARTERS
Group quarters population
Institutionalized population
Other institutional facilities
SUBHD0101
Both sexes
</attrdef>
        <attrdefs>U.S. Census</attrdefs>
      </attr>
      <attr>
        <attrlabl>HH_TOTAL</attrlabl>
        <attrdef>DEC_10_DP_DPDP1_with_ann.csv
S150
HOUSEHOLDS BY TYPE
Total households
HD01
</attrdef>
        <attrdefs>U.S. Census</attrdefs>
      </attr>
      <attr>
        <attrlabl>HH_FAMILY</attrlabl>
        <attrdef>DEC_10_DP_DPDP1_with_ann.csv
S151
HOUSEHOLDS BY TYPE
Total households
Family households (families) [7]
HD01
</attrdef>
        <attrdefs>U.S. Census</attrdefs>
      </attr>
      <attr>
        <attrlabl>HU_TOTAL</attrlabl>
        <attrdef>DEC_10_DP_DPDP1_with_ann.csv
S169
HOUSING OCCUPANCY
Total housing units
HD01
</attrdef>
        <attrdefs>U.S. Census</attrdefs>
      </attr>
      <attr>
        <attrlabl>HH_NONFAML</attrlabl>
      </attr>
      <attr>
        <attrlabl>HH_NONFAMI</attrlabl>
      </attr>
      <attr>
        <attrlabl>HH_NONFA_1</attrlabl>
      </attr>
      <attr>
        <attrlabl>HH_NONFA_2</attrlabl>
      </attr>
      <attr>
        <attrlabl>HH_NONFA_3</attrlabl>
      </attr>
      <attr>
        <attrlabl>HH_NONFA_4</attrlabl>
      </attr>
      <attr>
        <attrlabl>HH_WITH_UN</attrlabl>
      </attr>
      <attr>
        <attrlabl>HH_WITH_65</attrlabl>
      </attr>
      <attr>
        <attrlabl>HU_OCC</attrlabl>
        <attrdef>DEC_10_DP_DPDP1_with_ann.csv
S170
HOUSING OCCUPANCY
Total housing units
Occupied housing units
HD01
</attrdef>
        <attrdefs>U.S. Census</attrdefs>
      </attr>
      <attr>
        <attrlabl>HU_VAC</attrlabl>
        <attrdef>DEC_10_DP_DPDP1_with_ann.csv
S171
HOUSING OCCUPANCY
Total housing units
Vacant housing units
HD01
</attrdef>
        <attrdefs>U.S. Census</attrdefs>
      </attr>
      <attr>
        <attrlabl>ONE_RACE</attrlabl>
        <attrdef>DEC_10_DP_DPDP1_with_ann.csv
S077
RACE
Total population
One Race
HD01
</attrdef>
        <attrdefs>U.S. Census</attrdefs>
      </attr>
      <attr>
        <attrlabl>HU_VAC_REN</attrlabl>
      </attr>
      <attr>
        <attrlabl>HU_VAC_SEA</attrlabl>
      </attr>
      <attr>
        <attrlabl>HU_OCC_OWN</attrlabl>
      </attr>
      <attr>
        <attrlabl>HU_OCC_O_1</attrlabl>
      </attr>
      <attr>
        <attrlabl>HU_OCC_REN</attrlabl>
      </attr>
      <attr>
        <attrlabl>HU_OCC_R_1</attrlabl>
      </attr>
      <attr>
        <attrlabl>Shape_area</attrlabl>
        <attrdef>Area of feature in internal units squared.</attrdef>
        <attrdefs>Esri</attrdefs>
        <attrdomv>
          <udom>Positive real numbers that are automatically generated.</udom>
        </attrdomv>
      </attr>
      <attr>
        <attrlabl>Shape_len</attrlabl>
      </attr>
    </detailed>
  </eainfo>
  <distinfo>
    <distrib>
      <cntinfo>
        <cntorgp>
          <cntorg>Stanford Geospatial Center</cntorg>
        </cntorgp>
        <cntaddr>
          <addrtype>mailing and physical</addrtype>
          <address>Branner Earth Sciences Library</address>
          <address>Mitchell Bldg. 2nd floor</address>
          <address>397 Panama Mall</address>
          <city>Stanford</city>
          <state>California</state>
          <postal>94305</postal>
          <country>US</country>
        </cntaddr>
        <cntvoice>650-723-2746</cntvoice>
        <cntemail>brannerlibrary@stanford.edu</cntemail>
      </cntinfo>
    </distrib>
    <distliab>See access and use constraints information.</distliab>
  </distinfo>
  <metainfo>
    <metd>20160703</metd>
    <metc>
      <cntinfo>
        <cntorgp>
          <cntorg>Office Statewide Health Planning &amp; Development, Data Management Office</cntorg>
          <cntper>Michael O'Neill</cntper>
        </cntorgp>
        <cntpos>Senior GIS Architect</cntpos>
        <cntaddr>
          <addrtype>unknown</addrtype>
          <address>400 R Street, Room 380</address>
          <city>Sacramento</city>
          <state>CA</state>
          <postal>95811</postal>
          <country>United States of America</country>
        </cntaddr>
        <cntvoice>916-326-3982</cntvoice>
        <cntemail>michael.oneill@oshpd.ca.gov</cntemail>
      </cntinfo>
    </metc>
    <metstdn>FGDC Content Standard for Digital Geospatial Metadata</metstdn>
    <metstdv>FGDC-STD-001-1998</metstdv>
    <mettc>local time</mettc>
  </metainfo>
</metadata>
